Age,Attrition,DailyRate,DistanceFromHome,Education,EnvironmentSatisfaction,HourlyRate,JobInvolvement,JobLevel,JobSatisfaction,MonthlyIncome,MonthlyRate,NumCompaniesWorked,PercentSalaryHike,PerformanceRating,RelationshipSatisfaction,StockOptionLevel,TotalWorkingYears,TrainingTimesLastYear,WorkLifeBalance,YearsAtCompany,YearsInCurrentRole,YearsSinceLastPromotion,YearsWithCurrManager,IncomePerWorkingYear,PromotionDelayRatio,AverageSatisfaction,BusinessTravel_Travel_Frequently,BusinessTravel_Travel_Rarely,Department_Research and Development,Department_Sales,EducationField_Life Sciences,EducationField_Marketing,EducationField_Medical,EducationField_Other,EducationField_Technical Degree,EducationField_Unknown,Gender_Male,JobRole_Human Resources,JobRole_Laboratory Technician,JobRole_Manager,JobRole_Manufacturing Director,JobRole_Research Director,JobRole_Research Scientist,JobRole_Sales Executive,JobRole_Sales Representative,JobRole_Unknown,MaritalStatus_Married,MaritalStatus_Single,OverTime_Yes,HighIncomeIndicator_Low Income,ExperienceLevel_Junior,ExperienceLevel_Mid,ExperienceLevel_Senior,TenureGroup_2-3 years,TenureGroup_4-5 years,TenureGroup_6+ years
0.4485182213978495,1,0.7425265337769018,-1.0112729223646924,2,2,1.3831382668932737,3,2,4,-0.22039673245262162,19479,8,11,3,1,0,-0.41943861638492286,0,1,-0.1606038450422586,4,0,5,-0.07349527589691954,-0.8549625644756657,-1.4455905142848562,0,1,0,1,1,0,0,0,0,0,0,0,0,0,0,0,0,1,0,0,0,1,1,0,0,1,0,0,0,1
1.3329203480978344,0,-1.2977746019136118,-0.1472743860700491,1,3,-0.2406767700620191,2,2,2,-0.3518100765776173,24907,1,23,4,4,1,-0.16026469201088478,3,3,0.4983986733446782,7,1,7,-0.32110916293791564,-0.5613314951923353,0.5320903195901912,1,0,1,0,1,0,0,0,0,0,1,0,0,0,0,0,1,0,0,0,1,0,0,1,0,1,0,0,0,1
0.006317158047857013,1,1.4143632382387843,-0.8878445600368862,2,4,1.2847252343505287,2,1,3,-0.8545926570957891,2396,6,15,3,2,0,-0.5490255785719419,3,3,-1.1491076226226637,0,0,0,-0.5348625272390334,-0.8549625644756657,0.5320903195901912,0,1,1,0,0,0,0,1,0,0,1,0,1,0,0,0,0,0,0,0,0,1,1,1,1,0,0,0,0,0
-0.4358839053021355,0,1.4614661806180305,-0.76441619770908,4,4,-0.4867093514188816,3,1,3,-0.7010583791523205,23159,1,11,3,3,0,-0.41943861638492286,3,3,-0.6548557338324612,3,3,0,-0.45701708716495987,2.081348128357637,1.026510528058953,1,0,1,0,1,0,0,0,0,0,0,0,0,0,0,0,1,0,0,0,1,0,1,1,0,1,0,1,0,0
-1.0991855003271243,0,-0.5242947060017769,-0.8878445600368862,1,1,-1.2740136117608418,3,1,2,-0.5962651418258261,16632,9,12,3,4,1,-0.6786125407589609,3,3,-0.8196063634291954,2,2,2,-0.20048826254534632,2.081348128357637,-0.4567500973473325,0,1,1,0,0,0,1,0,0,0,1,0,1,0,0,0,0,0,0,0,1,0,0,1,1,0,0,1,0,0
-0.5464341711396336,0,0.5020536174196967,-0.8878445600368862,2,4,0.645040522822686,3,1,4,-0.6712513581596325,11864,0,13,3,3,0,-0.41943861638492286,2,2,0.004146784554475587,7,3,6,-0.43323394832267503,0.4034563038814642,1.026510528058953,1,0,1,0,1,0,0,0,0,0,1,0,1,0,0,0,0,0,0,0,0,1,0,1,0,1,0,0,0,1
2.438423006472816,0,1.2928872289449382,-0.76441619770908,3,3,0.743453555365431,4,1,1,-0.7458626434117699,9964,4,20,4,1,3,0.09890923236315328,3,2,-0.9843569930259296,0,0,0,-0.6258923308941399,-0.8549625644756657,-1.940010722753618,0,1,1,0,0,0,1,0,0,0,0,0,1,0,0,0,0,0,0,0,1,0,1,1,0,1,0,0,0,0
-0.7675347028146299,0,1.3771767047814845,1.8275794111748498,1,4,0.05456232756621595,3,1,3,-0.741550935972576,13335,1,22,4,2,1,-1.3265473516940562,2,3,-0.9843569930259296,0,0,0,2.330396701048742,-0.8549625644756657,0.5320903195901912,0,1,1,0,1,0,0,0,0,0,1,0,1,0,0,0,0,0,0,0,0,0,0,1,0,0,0,0,0,0
0.11686742388535513,0,-1.4539580424342708,1.7041510488470435,3,4,-1.0771875466753518,2,3,3,0.5394011045496716,8787,0,21,4,2,0,-0.16026469201088478,2,3,0.333648043747944,7,1,8,0.24777155181037264,-0.5287058208275208,0.5320903195901912,1,0,1,0,1,0,0,0,0,0,1,0,0,0,1,0,0,0,0,0,0,1,0,0,0,1,0,0,0,1
-0.10423310778964111,0,1.230909673182772,2.1978644981582685,3,3,1.3831382668932737,3,2,3,-0.2646386000895674,16577,6,13,3,2,2,0.7468440432982485,3,2,0.004146784554475587,7,7,7,-0.5235095696774078,2.081348128357637,-0.4567500973473325,0,1,1,0,0,0,1,0,0,0,1,0,0,0,0,0,0,0,0,0,1,0,0,0,0,0,1,0,0,1
-0.21478337362713923,0,0.016149580244313087,0.8401525125524003,3,1,0.8910731041795485,4,1,2,-0.7916042353753917,16479,0,13,3,3,1,-0.6786125407589609,5,3,-0.3253544746389928,4,0,3,-0.40830403339365523,-0.8549625644756657,-0.9511703058160944,0,1,1,0,0,0,1,0,0,0,1,0,1,0,0,0,0,0,0,0,1,0,0,1,1,0,0,0,1,0
-0.8780849686521279,0,-1.6101414829549299,0.7167241502245941,2,4,-0.8311549653184892,2,2,3,-0.4603526247208021,12682,0,12,3,4,0,-0.16026469201088478,3,3,0.333648043747944,5,0,8,-0.3903943825086474,-0.8549625644756657,1.520930736527715,0,1,1,0,1,0,0,0,0,0,0,0,1,0,0,0,0,0,0,0,0,1,1,1,0,1,0,0,0,1
-0.6569844369771317,0,-0.32844562979333136,2.074436135830462,1,1,-1.7168722582031943,3,1,3,-0.7006834480706515,15170,1,17,3,4,1,-0.80819950294598,1,2,-0.3253544746389928,2,4,3,-0.19546239169565588,1.4940859897909768,-0.4567500973473325,0,1,1,0,1,0,0,0,0,0,1,0,0,0,0,0,1,0,0,0,0,0,0,1,1,0,0,0,1,0
-0.32533363946463734,0,1.3474274780156446,1.2104375995358188,2,2,1.333931750621901,3,1,4,-0.7475498332792805,8758,0,11,3,3,1,-1.0673734273200182,2,3,-0.8196063634291954,2,1,2,0.1692722356818751,0.6131927819409859,0.5320903195901912,0,1,1,0,0,0,1,0,0,0,1,0,1,0,0,0,0,0,0,0,0,0,0,1,1,0,0,1,0,0
-0.9886352344896261,1,-1.7340965944792623,1.8275794111748498,3,3,-0.7819484490471167,2,1,3,-0.8662155206275292,12947,5,14,3,2,0,-0.6786125407589609,4,3,-0.6548557338324612,2,0,3,-0.48768088252765424,-0.8549625644756657,0.037670111121429345,0,1,1,0,1,0,0,0,0,0,1,0,1,0,0,0,0,0,0,0,0,1,1,1,1,0,0,1,0,0
-0.8780849686521279,0,1.4540288739265705,1.4572943241914311,4,2,-0.7327419327757442,4,3,1,0.6245104600885418,10195,1,11,3,3,1,-0.16026469201088478,1,3,0.4983986733446782,9,8,8,0.3020988224236925,1.4940859897909768,-0.9511703058160944,0,1,1,0,1,0,0,0,0,0,0,0,0,0,1,0,0,0,0,0,0,0,0,0,0,1,0,0,0,1
-0.5464341711396336,0,-1.1614239792368461,-0.5175594730534676,2,1,0.6942470390940585,4,1,2,-0.6281342837676939,15053,0,12,3,4,2,-0.5490255785719419,5,2,-0.1606038450422586,2,0,5,-0.3283573576327072,-0.8549625644756657,-0.9511703058160944,0,1,1,0,1,0,0,0,0,0,1,0,0,0,0,0,1,0,0,0,0,0,1,1,1,0,0,0,0,1
-1.6519368295146148,0,0.7945876806171215,0.8401525125524003,2,4,1.4815512994360187,4,1,4,-0.6961842750906231,7324,1,13,3,2,2,-1.3265473516940562,2,2,-0.9843569930259296,0,0,0,2.6199825928642357,-0.8549625644756657,0.5320903195901912,0,0,1,0,0,0,1,0,0,0,1,0,1,0,0,0,0,0,0,0,0,0,1,1,0,0,0,0,0,0
1.7751214114478269,0,1.0325814947438399,-0.8878445600368862,4,1,0.5958340065513135,2,4,4,1.64563526101415,22021,2,16,3,3,0,2.561061513916515,3,3,2.9696581172956913,8,3,7,-0.2966437486173798,-0.5026052813356693,0.037670111121429345,0,1,0,1,1,0,0,0,0,0,0,0,0,1,0,0,0,0,0,0,1,0,0,0,0,0,1,0,0,1
0.11686742388535513,0,-1.06969719670884,-0.8878445600368862,3,4,-1.0279810304039791,3,1,4,-0.7368642974517131,4306,5,11,3,3,0,-0.6786125407589609,3,3,-0.6548557338324612,2,1,2,-0.350067752119465,0.12380766646876869,1.520930736527715,0,1,1,0,1,0,0,0,0,0,1,0,0,0,0,0,1,0,0,0,0,1,1,1,1,0,0,1,0,0
-1.4308362978396185,0,-0.32100832310187144,0.22301070091336941,2,1,1.4815512994360187,4,2,3,-0.494471353152684,8232,0,18,3,4,1,-0.80819950294598,5,2,-0.490105104235727,2,1,3,0.06779750995479303,-0.12088489126733984,-0.4567500973473325,0,0,1,0,0,0,0,1,0,0,0,0,0,0,1,0,0,0,0,0,0,0,0,1,1,0,0,0,1,0
-0.10423310778964111,1,1.0301023925133532,-0.023846023742242928,4,3,0.7926600716368035,2,1,1,-0.6077005398167316,6986,7,23,4,2,0,-0.16026469201088478,4,3,-0.3253544746389928,3,0,3,-0.48444996555285325,-0.8549625644756657,-0.9511703058160944,0,1,0,1,1,0,0,0,0,0,1,0,0,0,0,0,0,0,1,0,0,1,0,1,0,1,0,0,1,0
-0.32533363946463734,0,-0.9507002896454807,-0.2707027483978553,4,1,-0.6343289002329991,3,3,2,1.002066059329257,21293,0,11,3,3,0,0.2284961945501723,4,3,0.8278999325381465,6,2,11,0.21189088409591633,-0.36557744900344846,-0.9511703058160944,0,1,1,0,1,0,0,0,0,0,0,0,0,0,0,1,0,0,0,0,0,1,0,0,0,1,0,0,0,1
-1.762487095352113,0,-1.020115152099107,0.7167241502245941,2,3,1.4815512994360187,3,1,4,-1.0154380911318037,19281,1,14,3,4,0,-1.4561343138810752,6,3,-1.1491076226226637,0,0,0,0.5821116269064427,-0.8549625644756657,1.520930736527715,0,1,1,0,1,0,0,0,0,0,1,0,0,0,0,0,1,0,0,0,0,1,0,1,0,0,0,0,0,0
-0.32533363946463734,1,-0.2565516651092185,-0.3941311107256615,1,2,0.841866587908176,3,1,1,-0.6914976365697603,17102,2,11,3,3,0,-0.41943861638492286,2,3,-0.490105104235727,2,1,3,-0.4493885331966798,-0.12088489126733984,-0.9511703058160944,0,1,1,0,0,0,1,0,0,0,1,0,0,0,0,0,1,0,0,0,0,1,0,1,0,1,0,0,1,0
1.7751214114478269,0,1.188764935264499,-0.5175594730534676,3,3,-0.3882963188761366,3,5,3,2.33307139925432,10735,4,11,3,4,1,1.9131267029814198,3,2,1.157401191731615,13,4,8,-0.013352814973541235,-0.016016652237579067,0.5320903195901912,0,1,1,0,0,0,0,1,0,0,0,0,0,1,0,0,0,0,0,0,0,0,0,0,0,0,1,0,0,1
-0.5464341711396336,1,0.7995458850780948,0.8401525125524003,1,2,0.3005949089230785,1,1,1,-0.5117181829094595,4681,1,22,4,2,0,-0.16026469201088478,5,3,0.4983986733446782,2,6,7,-0.42318220662329425,0.9068238512243162,-1.4455905142848562,1,0,1,0,1,0,0,0,0,0,0,0,0,0,0,0,1,0,0,0,0,1,1,1,0,1,0,0,0,1
0.5590684872353476,0,-0.2763844829531117,-0.1472743860700491,4,3,-0.8803614815898617,3,2,2,0.03305667875564395,21173,0,11,3,4,1,-0.16026469201088478,2,3,0.333648043747944,7,4,2,-0.07543980926138309,0.45006441011691345,0.5320903195901912,0,1,0,1,0,1,0,0,0,0,1,0,0,0,0,0,0,1,0,0,1,0,0,0,0,1,0,0,0,1
0.7801690189103438,0,-0.806912360277255,-0.2707027483978553,4,1,-1.1756005792180968,2,3,4,0.6747512250321921,2094,3,14,3,4,1,1.6539527786073818,4,3,2.4754062285054887,6,5,17,-0.3811802859508817,-0.18761922519536947,0.5320903195901912,0,1,1,0,0,0,1,0,0,0,0,0,0,0,0,0,0,0,0,0,1,0,0,0,0,0,1,0,0,1
1.0012695505853402,0,-0.2416770517262986,-0.8878445600368862,4,2,0.841866587908176,3,5,1,2.305513964751646,22822,3,12,3,4,0,1.3947788542333437,2,2,-0.8196063634291954,2,2,1,0.138431664558775,2.081348128357637,-0.9511703058160944,0,1,0,1,0,1,0,0,0,0,0,0,0,1,0,0,0,0,0,0,0,1,0,0,0,0,1,1,0,0
-0.4358839053021355,0,0.30124633675027795,-0.8878445600368862,3,3,0.5958340065513135,3,1,4,-0.7784816475169757,6670,4,11,3,4,0,-0.5490255785719419,3,3,-0.9843569930259296,1,0,0,-0.4654576440766423,-0.8549625644756657,1.520930736527715,0,1,1,0,0,0,1,0,0,0,1,0,1,0,0,0,0,0,0,0,0,1,0,1,1,0,0,0,0,0
0.7801690189103438,0,1.627566030060636,0.09958233858556324,4,4,-1.2248070954894692,3,2,4,-0.034430915944781794,19121,2,13,3,4,0,-0.2898516541979038,5,4,-0.490105104235727,2,1,3,-0.032560355583469015,-0.12088489126733984,2.5097711534652385,0,1,1,0,0,0,0,1,0,0,1,0,0,0,0,0,0,0,0,0,1,0,1,0,0,1,0,0,1,0
-0.6569844369771317,0,-1.679556345408556,-0.023846023742242928,2,4,0.841866587908176,2,1,3,-0.8328466543589853,16117,1,13,3,1,0,-0.16026469201088478,5,3,0.4983986733446782,0,1,8,-0.6281659391356664,-0.5613314951923353,0.037670111121429345,0,1,1,0,0,0,1,0,0,0,1,0,1,0,0,0,0,0,0,0,0,1,0,1,0,1,0,0,0,1
0.22741768972285326,1,0.22935237206616507,-0.5175594730534676,3,4,-0.4867093514188816,3,2,4,-0.8553425192591272,3335,3,14,3,3,1,1.0060179676722865,6,4,-0.9843569930259296,0,0,0,-0.7607657948617084,-0.8549625644756657,2.015350944996477,0,1,0,1,0,0,0,0,1,0,1,0,0,0,0,0,0,0,1,0,1,0,0,1,0,0,1,0,0,0
-1.4308362978396185,1,0.02606598916625969,-1.0112729223646924,3,2,-0.2406767700620191,3,1,4,-0.8165371523063824,3020,2,16,3,1,1,-0.6786125407589609,2,2,-0.8196063634291954,0,2,0,-0.43482946287813223,2.081348128357637,-0.9511703058160944,0,1,1,0,0,0,1,0,0,0,1,0,0,0,0,0,1,0,0,0,1,0,1,1,1,0,0,1,0,0
0.6696187530728458,0,1.1664530151901191,-0.8878445600368862,2,4,0.3005949089230785,4,1,3,-0.7505492819326328,21923,1,12,3,4,2,-0.6786125407589609,3,2,-0.3253544746389928,3,1,4,-0.3646268224380126,-0.26770042590900495,1.026510528058953,0,1,1,0,0,0,1,0,0,0,0,0,0,0,0,0,1,0,0,0,0,0,0,1,1,0,0,0,1,0
1.4434706139353326,1,0.16489571407351214,-0.76441619770908,2,1,0.9894861367222936,2,1,3,-0.7434255913809211,3810,1,14,3,3,0,-1.0673734273200182,2,3,-0.6548557338324612,2,0,2,0.17804756573689012,-0.8549625644756657,-0.4567500973473325,0,1,0,1,0,1,0,0,0,0,1,0,0,0,0,0,0,0,1,0,1,0,1,1,1,0,0,1,0,0
-0.21478337362713923,0,0.2169568609137318,-0.8878445600368862,3,4,1.5307578157073911,3,1,4,-0.8688400381992123,9687,1,13,3,1,0,-1.196960389507037,3,3,-0.8196063634291954,2,2,2,0.3128685456730291,2.081348128357637,0.5320903195901912,0,1,0,1,0,1,0,0,0,0,0,0,0,0,0,0,0,0,1,0,1,0,0,1,0,0,0,1,0,0
-0.10423310778964111,0,0.12275097615523907,-0.5175594730534676,4,2,0.7926600716368035,2,1,1,-0.6054509533267174,13072,9,14,3,4,1,-0.6786125407589609,3,4,-0.9843569930259296,1,0,0,-0.21026078919752203,-0.8549625644756657,0.037670111121429345,0,1,1,0,1,0,0,0,0,0,0,0,0,0,0,0,1,0,0,0,1,0,1,1,1,0,0,0,0,0
-0.4358839053021355,0,0.8392115207658811,-1.0112729223646924,3,3,-1.1756005792180968,4,2,1,-0.23858088991356968,3193,2,19,3,1,2,-0.16026469201088478,3,3,-0.3253544746389928,3,1,3,-0.24883235357570146,-0.26770042590900495,-1.4455905142848562,1,0,0,1,1,0,0,0,0,0,0,0,0,0,0,0,0,1,0,0,1,0,0,0,0,1,0,0,1,0
-0.21478337362713923,0,-0.8391406892735814,-0.6409878353812738,2,3,0.448214457737196,3,1,4,-0.7458626434117699,10910,1,12,3,3,1,-1.3265473516940562,3,3,-0.9843569930259296,0,0,0,2.302874074967104,-0.8549625644756657,1.026510528058953,0,1,1,0,0,0,0,1,0,0,1,0,1,0,0,0,0,0,0,0,0,0,0,1,0,0,0,0,0,0
-1.0991855003271243,0,1.0846426415840595,-0.8878445600368862,4,4,-1.6184592256604493,3,1,1,-0.8075388063463256,19715,1,13,3,4,1,-1.3265473516940562,6,3,-0.9843569930259296,0,0,0,1.9091808584080239,-0.8549625644756657,0.5320903195901912,0,1,1,0,1,0,0,0,0,0,0,0,1,0,0,0,0,0,0,0,0,0,0,1,0,0,0,0,0,0
-1.2097357661646224,1,1.3746976025509978,1.9510077735026559,3,1,-0.8803614815898617,1,1,3,-0.8165371523063824,10558,1,12,3,3,0,-1.3265473516940562,2,2,-0.9843569930259296,0,0,1,1.8517423344115622,-0.8549625644756657,-0.9511703058160944,0,1,1,0,1,0,0,0,0,0,1,0,1,0,0,0,0,0,0,0,0,1,0,1,0,0,0,0,0,0
-1.0991855003271243,0,0.4747834928843435,-0.1472743860700491,3,4,-1.4216331605749593,3,3,3,0.6254477877927144,2975,1,15,3,4,0,-0.2898516541979038,0,3,0.333648043747944,8,1,7,0.4354572473506622,-0.5287058208275208,1.520930736527715,1,0,0,1,1,0,0,0,0,0,1,0,0,0,0,0,0,0,0,1,0,1,0,0,0,1,0,0,0,1
-0.10423310778964111,0,-0.2020114160385122,-1.0112729223646924,2,3,-0.3882963188761366,3,2,4,-0.494471353152684,10781,1,23,4,4,0,0.09890923236315328,2,3,0.8278999325381465,8,3,7,-0.4921682672148778,-0.12088489126733984,1.520930736527715,1,0,1,0,0,0,1,0,0,0,0,0,1,0,0,0,0,0,0,0,0,1,0,1,0,1,0,0,0,1
0.4485182213978495,1,1.3821349092424577,0.3464390632411756,3,2,-0.8311549653184892,3,5,3,2.417618358170687,16280,1,12,3,4,0,1.5243658164203626,0,3,2.4754062285054887,15,15,8,0.12473656852519832,1.1470674533652228,0.5320903195901912,0,1,1,0,0,0,0,0,1,0,0,0,0,0,0,1,0,0,0,0,1,0,0,0,0,0,1,0,0,1
-0.32533363946463734,0,0.6507997512488957,1.7041510488470435,4,2,0.3005949089230785,3,2,3,-0.3900530469078586,10034,0,20,4,3,0,-0.16026469201088478,2,3,0.333648043747944,5,8,7,-0.3455205356364118,1.7550913847094924,0.037670111121429345,0,0,0,1,0,1,0,0,0,0,1,0,0,0,0,0,0,1,0,0,0,1,0,1,0,1,0,0,0,1
0.006317158047857013,0,-0.977970414180834,1.2104375995358188,2,2,0.349801425194451,3,1,2,-0.6798747730380202,10227,4,21,4,1,0,-0.41943861638492286,1,3,-0.9843569930259296,0,0,0,-0.44011460484308446,-0.8549625644756657,-1.4455905142848562,0,1,1,0,1,0,0,0,0,0,1,0,0,0,0,0,1,0,0,0,1,0,0,1,0,1,0,0,0,0
1.0012695505853402,0,1.0127486768999467,-0.5175594730534676,4,1,1.5799643319787637,3,2,4,-0.16434453574310134,20445,4,21,4,3,0,0.3580831567371914,4,3,0.333648043747944,6,0,8,-0.3987879287236065,-0.8549625644756657,0.037670111121429345,1,0,0,1,0,1,0,0,0,0,1,0,0,0,0,0,0,1,0,0,0,1,1,0,0,1,0,0,0,1
-0.21478337362713923,0,1.0573725170487065,-0.1472743860700491,1,4,-1.4708396768463317,4,1,4,-0.8210363252864108,4892,1,19,3,4,0,-1.3265473516940562,2,3,-0.9843569930259296,0,0,1,1.8230230724133314,-0.8549625644756657,2.015350944996477,0,1,1,0,1,0,0,0,0,0,1,0,1,0,0,0,0,0,0,0,1,0,0,1,0,0,0,0,0,0
1.2223700822603363,1,-0.43752612793474405,-1.0112729223646924,2,1,1.5799643319787637,2,3,3,-0.23764356220939709,19294,9,13,3,4,0,1.5243658164203626,2,3,-0.9843569930259296,0,0,0,-0.6121830455018685,-0.8549625644756657,0.037670111121429345,0,1,1,0,1,0,0,0,0,0,1,0,1,0,0,0,0,0,0,0,0,1,1,0,0,0,1,0,0,0
-0.9886352344896261,1,1.5655884742984698,-0.5175594730534676,4,3,-0.7819484490471167,3,1,3,-0.601326711428358,11179,1,13,3,3,0,-1.196960389507037,3,2,-0.8196063634291954,2,2,2,1.1666682721620987,2.081348128357637,0.037670111121429345,0,1,1,0,0,0,0,0,1,0,1,0,1,0,0,0,0,0,0,0,0,1,1,1,0,0,0,1,0,0
0.7801690189103438,0,1.699459994744749,-1.0112729223646924,5,2,0.448214457737196,3,2,1,-0.22395857772847744,4009,5,21,4,3,1,-0.2898516541979038,2,2,-0.490105104235727,3,1,3,-0.16698245688074373,-0.12088489126733984,-1.4455905142848562,0,1,0,1,0,1,0,0,0,0,0,0,0,0,0,0,0,1,0,0,0,0,1,0,0,1,0,0,1,0
-0.21478337362713923,0,0.7301310226244685,0.22301070091336941,2,3,0.645040522822686,2,3,1,0.6065137681684283,8302,2,13,3,3,1,-0.16026469201088478,3,3,-0.490105104235727,0,2,3,0.2906111176244002,0.6131927819409859,-0.4567500973473325,0,0,1,0,0,0,1,0,0,0,1,0,0,0,0,0,0,0,0,0,1,0,1,0,0,1,0,0,1,0
-1.2097357661646224,0,1.5879003943728498,1.7041510488470435,3,3,-0.9295679978612341,2,2,4,-0.4671013841908446,21436,7,19,3,3,1,-0.80819950294598,2,2,-0.8196063634291954,2,0,0,0.10273927871930708,-0.8549625644756657,0.5320903195901912,0,1,0,1,0,1,0,0,0,0,0,0,0,0,0,0,0,1,0,0,1,0,1,1,1,0,0,1,0,0
-0.4358839053021355,0,-0.7127064755187623,-1.0112729223646924,2,1,1.5799643319787637,3,3,4,1.2765156111109883,15146,1,12,3,3,0,0.4876701189242104,1,3,1.3221518213283492,14,8,12,0.18147792203112326,0.7110698050354294,0.037670111121429345,1,0,1,0,1,0,0,0,0,0,0,0,0,0,0,1,0,0,0,0,0,1,1,0,0,1,0,0,0,1
-0.21478337362713923,0,0.12523007838572572,1.0870092372080127,5,2,0.251388392651706,3,3,1,0.45372935238829776,11031,1,22,4,4,1,-0.2898516541979038,3,2,0.333648043747944,8,1,8,0.31366630295075765,-0.5287058208275208,-0.9511703058160944,1,0,0,1,1,0,0,0,0,0,1,0,0,0,0,0,0,1,0,0,1,0,0,0,0,1,0,0,0,1
-0.21478337362713923,0,0.8416906229963679,1.7041510488470435,4,3,-1.7660787744745667,3,1,1,-0.7458626434117699,16002,3,15,3,3,1,-0.937786465132999,3,3,-0.8196063634291954,2,2,2,-0.09338934801027733,2.081348128357637,-0.4567500973473325,0,1,1,0,0,0,1,0,0,0,0,0,1,0,0,0,0,0,0,0,1,0,1,1,1,0,0,1,0,0
-0.6569844369771317,0,-0.36563216325063114,-0.2707027483978553,4,4,-0.8803614815898617,3,2,4,-0.13753696340376556,9528,3,22,4,4,1,-0.16026469201088478,3,2,0.004146784554475587,7,1,7,-0.1843336776713415,-0.4354896083566223,1.520930736527715,0,1,1,0,1,0,0,0,0,0,1,0,1,0,0,0,0,0,0,0,0,0,0,0,0,1,0,0,0,1
0.006317158047857013,0,0.7747548627732282,-1.0112729223646924,4,1,-0.7327419327757442,2,2,3,-0.12291465121867333,2689,1,18,3,3,1,-0.5490255785719419,2,4,0.004146784554475587,5,0,7,0.13234747025557833,-0.8549625644756657,0.037670111121429345,0,1,1,0,1,0,0,0,0,0,1,0,0,0,1,0,0,0,0,0,0,0,0,0,1,0,0,0,0,1
-0.5464341711396336,0,-0.9308674718015876,-1.0112729223646924,3,1,-1.6184592256604493,3,2,4,-0.09123297481764013,10877,1,22,4,2,1,-0.2898516541979038,3,3,0.333648043747944,8,7,8,-0.07284709810876508,1.428834641061348,-0.4567500973473325,0,1,1,0,0,0,1,0,0,0,1,0,0,0,1,0,0,0,0,0,1,0,1,0,0,1,0,0,0,1
0.11686742388535513,0,-0.3705903677116045,2.4447212228138806,5,4,-0.7819484490471167,3,2,4,-0.7953535461920821,5456,1,11,3,4,0,-0.16026469201088478,2,3,0.4983986733446782,3,9,9,-0.6042332208038075,1.7877170590743074,2.015350944996477,1,0,1,0,1,0,0,0,0,0,0,0,1,0,0,0,0,0,0,0,0,1,0,1,0,1,0,0,0,1
1.4434706139353326,0,0.46238798173191026,-0.2707027483978553,2,2,-1.1263940629467242,2,5,3,2.2667085977989014,16701,5,12,3,4,1,2.301887589542477,2,2,3.29915937648916,3,13,8,-0.11886944037221335,0.5588166579996284,0.037670111121429345,0,1,1,0,0,0,1,0,0,0,0,0,0,0,0,1,0,0,0,0,0,0,1,0,0,0,1,0,0,1
2.438423006472816,0,1.5680675765289565,1.9510077735026559,3,1,1.6291708482501361,3,3,1,0.1852786979132709,2354,7,11,3,4,0,2.1723006273554577,3,2,2.3106555989087543,16,7,9,-0.5657613760853442,0.12380766646876869,-1.4455905142848562,0,1,0,1,1,0,0,0,0,0,0,0,0,0,0,0,0,1,0,0,0,1,0,0,0,0,1,0,0,1
-0.10423310778964111,0,1.0424979036657867,-0.1472743860700491,3,3,-0.3390898026047641,3,3,3,0.5952658357183573,8202,1,13,3,2,3,0.7468440432982485,2,3,1.6516530805218177,14,12,8,-0.2006290432414161,1.2177273363478425,0.037670111121429345,0,1,1,0,0,0,0,0,1,0,0,0,0,0,0,0,0,0,0,0,0,0,0,0,0,0,1,0,0,1
1.2223700822603363,0,0.08308534046745267,-0.1472743860700491,3,4,-1.6184592256604493,3,4,3,1.51984588311419,19730,2,14,3,3,3,1.2651918920463245,2,3,-0.3253544746389928,0,0,2,-0.05130765161009198,-0.8549625644756657,1.026510528058953,0,1,1,0,0,0,1,0,0,0,0,0,0,1,0,0,0,0,0,0,0,0,1,0,0,0,1,0,1,0
-0.10423310778964111,0,0.9730830412121604,0.22301070091336941,3,2,1.432344783164646,2,2,2,-0.028057087556408254,22656,1,13,3,3,0,-0.6786125407589609,3,3,-0.1606038450422586,5,0,3,0.4040123146535255,-0.8549625644756657,-0.4567500973473325,1,0,1,0,1,0,0,0,0,0,1,0,0,0,1,0,0,0,0,0,0,1,0,0,1,0,0,0,0,1
0.890719284747842,0,1.330073762402238,-0.2707027483978553,3,2,-0.3390898026047641,3,3,1,0.5765192816349057,18787,2,17,3,3,1,1.7835397407944007,2,3,-0.9843569930259296,0,0,0,-0.4267003162180775,-0.8549625644756657,-0.9511703058160944,0,1,1,0,1,0,0,0,0,0,1,0,0,0,0,0,1,0,0,0,0,0,0,0,0,0,1,0,0,0
-0.21478337362713923,0,-0.3433202431762513,-1.0112729223646924,3,2,0.645040522822686,3,1,1,-0.8350962408489995,5868,4,13,3,4,1,-0.80819950294598,2,2,-0.6548557338324612,2,1,2,-0.3670599821350849,0.12380766646876869,-0.9511703058160944,1,0,1,0,0,0,1,0,0,0,1,0,0,0,0,0,1,0,0,0,1,0,0,1,1,0,0,1,0,0
-0.10423310778964111,1,-1.2010896149246324,-0.023846023742242928,3,4,0.645040522822686,2,1,3,-0.6112623850925875,21777,0,17,3,1,1,-1.196960389507037,0,2,-0.9843569930259296,0,0,0,1.1349574203723853,-0.8549625644756657,-0.4567500973473325,0,1,1,0,0,0,1,0,0,0,1,0,0,0,0,0,1,0,0,0,1,0,1,1,0,0,0,0,0,0
2.438423006472816,0,1.04745610812676,-1.0112729223646924,1,1,-0.4375028351475091,2,2,3,-0.22039673245262162,24668,7,11,3,4,0,1.1356049298593056,2,2,-0.490105104235727,3,1,3,-0.5646844037604105,-0.12088489126733984,-0.4567500973473325,1,0,0,1,1,0,0,0,0,0,0,0,0,0,0,0,0,1,0,0,0,1,0,0,0,0,1,0,1,0
-0.8780849686521279,0,1.3028036378668848,-0.8878445600368862,3,3,0.4974209740085685,3,1,2,-0.7396762805642308,4956,0,23,4,4,1,-0.6786125407589609,3,3,-0.3253544746389928,4,0,4,-0.3530593419109474,-0.8549625644756657,0.5320903195901912,0,1,1,0,1,0,0,0,0,0,1,0,0,0,0,0,1,0,0,0,1,0,0,1,1,0,0,0,1,0
-0.6569844369771317,0,0.6929444891671688,-1.0112729223646924,4,3,1.038692652993666,3,1,2,-0.777544319812803,18775,1,17,3,2,0,-1.3265473516940562,4,3,-0.9843569930259296,1,1,0,2.100642605062896,2.081348128357637,-0.4567500973473325,0,1,1,0,0,0,1,0,0,0,1,0,0,0,0,0,1,0,0,0,0,1,0,1,0,0,0,0,0,0
-0.5464341711396336,0,-0.6308961019127028,-1.0112729223646924,3,2,0.005355811294843447,3,2,2,-0.0803599734492382,7346,1,17,3,2,2,-0.16026469201088478,3,3,-0.1606038450422586,4,0,6,-0.14783628221525655,-0.8549625644756657,-0.9511703058160944,0,1,1,0,1,0,0,0,0,0,1,0,0,0,0,0,1,0,0,0,1,0,0,0,0,1,0,0,0,1
-0.10423310778964111,0,-1.6622026297951495,-0.3941311107256615,3,2,-0.5359158676902541,4,1,4,-0.676875324384668,22002,3,12,3,2,0,-0.80819950294598,3,3,-0.9843569930259296,0,0,0,-0.16506783941419498,-0.8549625644756657,0.037670111121429345,0,1,1,0,1,0,0,0,0,0,0,0,1,0,0,0,0,0,0,0,1,0,0,1,1,0,0,0,0,0
-0.6569844369771317,0,-0.14003386027634593,-0.1472743860700491,4,3,-0.2406767700620191,3,2,4,-0.41704808478802885,20682,1,23,4,4,0,-0.030677729823865754,2,3,0.6631493029414124,7,1,8,-0.41087861369905215,-0.5880252287635471,1.520930736527715,0,1,1,0,1,0,0,0,0,0,0,0,0,0,1,0,0,0,0,0,0,1,0,1,0,1,0,0,0,1
-0.21478337362713923,0,-0.06566079336174639,-1.0112729223646924,4,3,-1.6676657419318217,2,2,1,-0.4380442253614947,23016,0,14,3,2,0,0.6172570811112295,2,3,1.3221518213283492,13,2,8,-0.5696504428142712,-0.46345447209789187,-0.9511703058160944,0,1,0,1,0,1,0,0,0,0,1,0,0,0,0,0,0,1,0,0,0,1,0,1,0,0,1,0,0,1
0.890719284747842,0,-1.5109773937354638,-0.3941311107256615,4,4,-0.6835354165043717,3,3,1,1.2365854509132364,15067,4,14,3,2,0,0.7468440432982485,3,4,-1.1491076226226637,0,0,0,0.04017633738590631,-0.8549625644756657,0.037670111121429345,0,1,1,0,0,0,0,1,0,0,1,0,0,0,0,1,0,0,0,0,1,0,1,0,0,0,1,0,0,0
0.006317158047857013,0,-1.0052405387161871,-0.2707027483978553,4,1,-1.7660787744745667,3,3,3,1.3151335125228987,25258,4,13,3,1,0,0.6172570811112295,3,4,-0.3253544746389928,2,0,2,0.12978325043430777,-0.8549625644756657,-0.9511703058160944,0,1,1,0,0,0,1,0,0,0,1,0,0,0,0,1,0,0,0,0,0,1,0,0,0,0,1,0,1,0
1.0012695505853402,0,0.35330748359049763,-0.5175594730534676,2,2,0.6942470390940585,3,2,2,-0.30513115690982284,10425,8,22,4,4,1,0.6172570811112295,2,3,-0.490105104235727,2,0,2,-0.5166245137602462,-0.8549625644756657,0.037670111121429345,0,1,0,0,0,0,1,0,0,0,1,1,0,0,0,0,0,0,0,0,0,0,1,0,0,0,1,0,1,0
-0.7675347028146299,0,0.12275097615523907,-1.0112729223646924,1,4,-0.5359158676902541,2,2,4,-0.28544727512219864,15998,1,12,3,3,2,-0.16026469201088478,1,2,-0.1606038450422586,6,3,0,-0.2787482514905252,0.6131927819409859,1.026510528058953,0,1,1,0,1,0,0,0,0,0,1,0,1,0,0,0,0,0,0,0,1,0,1,0,0,1,0,0,0,1
-0.21478337362713923,0,1.0201859835914067,-1.0112729223646924,3,2,-1.7660787744745667,2,1,3,-0.7104316561940464,26278,1,18,3,1,0,-0.6786125407589609,3,3,-0.1606038450422586,4,0,4,-0.3219468080795307,-0.8549625644756657,-0.9511703058160944,0,1,1,0,0,0,1,0,0,0,1,0,0,0,0,0,1,0,0,0,0,1,0,1,1,0,0,0,0,1
1.9962219431228232,0,-1.7142637766353692,-1.0112729223646924,2,1,0.20218187638033347,3,3,4,0.6730640351646814,18092,3,14,3,4,1,1.6539527786073818,4,3,-0.9843569930259296,0,1,0,-0.38162902441960406,2.081348128357637,0.5320903195901912,0,1,0,1,1,0,0,0,0,0,1,0,0,0,0,0,0,1,0,0,1,0,0,0,0,0,1,0,0,0
-0.10423310778964111,0,-0.5689185461505365,-0.3941311107256615,3,2,0.645040522822686,1,2,4,-0.24739177033279192,15717,7,12,3,4,3,0.7468440432982485,3,3,0.9926505621348808,11,1,9,-0.5170336576581989,-0.6290925111807961,1.026510528058953,0,0,1,0,0,0,1,0,0,0,0,0,0,0,0,0,1,0,0,0,0,0,1,0,0,0,1,0,0,1
-0.32533363946463734,0,0.868960747531721,-1.0112729223646924,2,1,1.3831382668932737,3,2,2,-0.43560717333064597,17736,1,15,3,3,0,-0.80819950294598,2,3,-0.3253544746389928,2,1,3,0.14294624551683022,-0.26770042590900495,-0.9511703058160944,0,1,1,0,0,0,1,0,0,0,1,0,0,0,1,0,0,0,0,0,1,0,0,1,1,0,0,0,1,0
0.11686742388535513,0,1.4812989984619238,-0.2707027483978553,3,4,-0.8311549653184892,1,3,4,0.11460418901865839,21698,4,11,3,1,0,1.1356049298593056,3,2,-0.1606038450422586,4,0,2,-0.4577649846128305,-0.8549625644756657,0.037670111121429345,0,1,1,0,1,0,0,0,0,0,1,0,0,0,1,0,0,0,0,0,0,1,0,0,0,0,1,0,0,1
-1.5413865636771167,0,-0.6482498175261093,-0.8878445600368862,1,3,-0.19147025379064658,3,1,1,-0.8111006516221814,9518,3,13,3,3,1,-1.0673734273200182,3,3,-1.1491076226226637,0,0,0,0.0340523771068718,-0.8549625644756657,-0.4567500973473325,0,1,0,1,0,0,0,0,1,0,1,0,0,0,0,0,0,0,1,0,0,0,0,1,1,0,0,0,0,0
1.5540208797728308,0,-0.9184719606491543,-0.023846023742242928,4,4,1.4815512994360187,3,1,4,-0.8574046402083069,18725,3,23,4,2,2,-0.16026469201088478,4,3,-0.490105104235727,2,0,3,-0.6438418696430341,-0.8549625644756657,1.026510528058953,0,1,1,0,1,0,0,0,0,0,1,0,1,0,0,0,0,0,0,0,1,0,0,1,0,1,0,0,1,0
-0.7675347028146299,0,-1.275462681839232,-0.8878445600368862,3,3,1.6291708482501361,2,2,4,-0.4680387118950172,15830,1,19,3,1,3,-0.030677729823865754,3,3,0.6631493029414124,10,10,8,-0.440468156363896,1.814410792645519,0.037670111121429345,0,1,1,0,1,0,0,0,0,0,1,0,0,0,0,0,0,0,0,0,1,0,0,1,0,1,0,0,0,1
1.0012695505853402,1,-0.33092473202381806,-0.023846023742242928,2,3,-0.09305722124790157,2,3,4,0.5568353998472816,13596,1,16,3,4,0,-0.2898516541979038,3,3,0.333648043747944,8,4,7,0.3867940534092158,0.45006441011691345,1.520930736527715,0,1,0,1,0,0,1,0,0,0,1,0,0,0,0,0,0,1,0,0,0,1,0,0,0,1,0,0,0,1
0.33796795556035136,0,-0.6755199420614625,-1.0112729223646924,4,3,0.5958340065513135,2,4,2,1.2849515604485415,14115,1,22,4,4,1,1.3947788542333437,3,2,2.4754062285054887,3,11,11,-0.15768133225631673,0.6131927819409859,0.037670111121429345,1,0,1,0,1,0,0,0,0,0,1,0,0,0,0,0,0,0,0,0,1,0,0,0,0,0,1,0,0,1
1.5540208797728308,0,-0.4226515145518241,1.4572943241914311,4,3,0.251388392651706,3,2,4,-0.22639562975932614,8423,0,22,4,4,0,-0.030677729823865754,2,1,0.4983986733446782,7,1,0,-0.30024418395586766,-0.5613314951923353,0.5320903195901912,0,1,0,1,0,1,0,0,0,0,1,0,0,0,0,0,0,1,0,0,0,1,1,0,0,1,0,0,0,1
-0.7675347028146299,0,1.3176782512498049,-0.6409878353812738,2,3,-0.14226373751927407,2,2,2,-0.26988763523293385,19760,1,12,3,2,3,-0.030677729823865754,4,2,0.6631493029414124,8,2,7,-0.3254823232876462,-0.32108789305142865,-0.9511703058160944,0,1,0,1,0,0,0,0,0,1,0,0,0,0,0,0,0,1,0,0,0,0,1,0,0,1,0,0,0,1
1.0012695505853402,0,-0.4077769011689042,-1.0112729223646924,3,3,-1.2740136117608418,2,3,1,0.7544240798868613,3142,2,13,3,3,1,1.2651918920463245,5,2,0.4983986733446782,9,9,5,-0.28396786339337826,1.7877170590743074,-0.9511703058160944,1,0,1,0,0,0,1,0,0,0,1,0,0,0,0,0,0,0,0,0,1,0,1,0,0,0,1,0,0,1
-0.5464341711396336,0,0.7202146137025219,-0.3941311107256615,4,2,1.038692652993666,3,2,3,-0.3071932778590025,24301,1,16,3,1,0,0.09890923236315328,0,3,0.6631493029414124,8,5,7,-0.39254832715851473,0.47972411408492666,-0.9511703058160944,0,1,0,1,0,0,0,0,0,1,1,0,0,0,0,0,0,1,0,0,0,1,0,0,0,1,0,0,0,1
1.885671677285325,0,1.0276232902828666,-0.8878445600368862,4,1,-0.2898832863333916,3,3,3,0.6254477877927144,24001,9,12,3,1,1,0.6172570811112295,5,1,-0.490105104235727,3,0,3,-0.14536822063728358,-0.8549625644756657,-2.43443093122238,0,1,1,0,0,0,0,0,1,0,0,0,0,0,0,0,0,0,0,1,1,0,0,0,0,0,1,0,1,0
-1.4308362978396185,0,1.3647811936290513,-0.76441619770908,2,1,-1.6184592256604493,3,2,3,-0.3092553988081822,17519,0,21,4,1,1,-0.6786125407589609,2,2,-0.6548557338324612,2,0,2,0.10485333550528794,-0.8549625644756657,-1.940010722753618,0,1,0,1,0,0,0,1,0,0,0,0,0,0,0,0,0,1,0,0,1,0,0,0,1,0,0,1,0,0
-0.9886352344896261,0,-1.6919518565609895,-0.6409878353812738,3,2,-1.1263940629467242,3,2,3,-0.45510358957743563,8863,1,15,3,2,0,-0.80819950294598,3,4,-0.3253544746389928,4,0,4,0.11805621845169692,-0.8549625644756657,0.037670111121429345,0,0,0,1,0,0,1,0,0,0,1,0,0,0,0,0,0,1,0,0,1,0,0,1,1,0,0,0,1,0
2.3278727406353177,0,-0.29869640302749156,0.09958233858556324,4,4,-1.4216331605749593,3,4,3,1.354126345016478,24409,0,13,3,3,0,3.4681702492256483,1,2,4.9466656724565015,10,1,8,-0.45530873194192917,-0.7756028160207115,0.5320903195901912,0,1,0,1,0,0,0,0,0,1,1,0,0,0,0,0,0,1,0,0,0,1,0,0,0,0,1,0,0,1
0.7801690189103438,0,-0.7771631335114152,1.7041510488470435,3,2,0.05456232756621595,3,2,2,-0.8635910030558459,25043,4,12,3,3,1,0.7468440432982485,3,4,-0.6548557338324612,2,1,2,-0.7484067316488474,0.12380766646876869,0.037670111121429345,0,0,1,0,0,0,1,0,0,0,1,0,1,0,0,0,0,0,0,0,1,0,0,1,0,0,1,1,0,0
0.006317158047857013,1,0.011191375783339787,-0.3941311107256615,4,3,-0.14226373751927407,3,1,1,-0.8577795712899758,23648,4,22,4,4,0,-0.5490255785719419,3,3,-0.6548557338324612,2,0,2,-0.5377686430364733,-0.8549625644756657,0.037670111121429345,0,1,0,0,0,0,0,0,0,0,1,0,0,0,0,0,0,0,0,1,0,0,1,1,1,0,0,1,0,0
-0.5464341711396336,0,0.060773420393072805,-1.0112729223646924,1,4,0.251388392651706,3,1,1,-0.6922474987330983,15178,1,13,3,4,0,-1.3265473516940562,2,3,-0.9843569930259296,0,0,0,2.645111947112688,-0.8549625644756657,0.5320903195901912,0,1,1,0,1,0,0,0,0,0,1,0,0,0,0,0,1,0,0,0,0,1,0,1,0,0,0,0,0,0
-1.873037361189611,1,0.16985391853448545,-0.3941311107256615,3,4,0.005355811294843447,2,1,4,-0.6978714649581338,19783,1,18,3,2,0,-1.3265473516940562,5,3,-0.9843569930259296,0,1,0,2.6092128696148995,2.081348128357637,1.026510528058953,1,0,1,0,1,0,0,0,0,0,0,0,1,0,0,0,0,0,0,0,0,1,1,1,0,0,0,0,0,0
-0.32533363946463734,0,-0.3408411409457646,-0.3941311107256615,4,1,-1.2248070954894692,3,2,3,-0.3448738515667402,12482,1,14,3,3,0,0.6172570811112295,3,3,-0.1606038450422586,6,2,6,-0.5324799396551028,0.12380766646876869,-0.4567500973473325,0,1,1,0,0,0,0,1,0,0,0,0,0,0,0,0,1,0,0,0,0,1,0,1,0,0,1,0,0,1
0.006317158047857013,0,0.5888221954867294,-0.8878445600368862,2,3,1.6783773645215088,2,2,4,-0.2785110501113216,15850,5,14,3,4,1,0.7468440432982485,2,4,-0.9843569930259296,0,0,0,-0.5287184554319889,-0.8549625644756657,2.015350944996477,0,0,1,0,1,0,0,0,0,0,1,0,0,0,0,0,0,0,0,0,0,0,0,0,0,0,1,0,0,0
2.438423006472816,0,1.5308810430716568,-0.8878445600368862,4,3,-1.6676657419318217,2,5,4,2.286205014045691,21922,9,21,4,4,1,2.431474551729496,3,3,-0.6548557338324612,2,2,2,-0.14049691526015312,1.102577897413203,1.520930736527715,0,0,0,0,0,0,0,0,0,1,0,0,0,1,0,0,0,0,0,0,1,0,0,0,0,0,1,1,0,0
1.4434706139353326,0,0.7747548627732282,-1.0112729223646924,3,1,0.349801425194451,3,5,2,2.3692522486353815,9755,3,19,3,1,0,2.1723006273554577,1,2,0.1688974141512098,3,0,7,-0.06787536078863482,-0.8549625644756657,-2.43443093122238,1,0,1,0,1,0,0,0,0,0,0,0,0,0,0,1,0,0,0,0,1,0,1,0,0,0,1,0,0,1
-1.3202860320021204,1,-1.3944595889025913,-0.5175594730534676,3,3,-0.9787745141326066,2,2,3,-0.16959357088646781,26959,1,11,3,4,0,-0.6786125407589609,1,3,-0.1606038450422586,4,0,3,0.25343562848224593,-0.8549625644756657,1.026510528058953,0,1,0,1,0,1,0,0,0,0,1,0,0,0,0,0,0,1,0,0,0,1,1,0,1,0,0,0,0,1
-1.3202860320021204,0,1.1838067308035256,-0.2707027483978553,1,4,-0.09305722124790157,2,1,4,8.12688140428587,26897,1,11,3,3,2,-1.196960389507037,2,3,-0.8196063634291954,2,2,1,29.02375409248767,2.081348128357637,1.520930736527715,0,1,1,0,0,0,1,0,0,0,1,0,0,0,0,0,1,0,0,0,1,0,0,0,0,0,0,1,0,0
-1.6519368295146148,0,-0.6656035331395159,0.7167241502245941,3,2,-0.3390898026047641,3,1,4,-0.7458626434117699,23785,1,15,3,3,0,-1.3265473516940562,5,3,-1.1491076226226637,0,0,0,2.302874074967104,-0.8549625644756657,0.5320903195901912,0,1,1,0,0,0,1,0,0,0,0,0,1,0,0,0,0,0,0,0,0,1,0,1,0,0,0,0,0,0
1.5540208797728308,0,1.6201287233691761,-1.0112729223646924,4,1,-1.7660787744745667,2,3,1,0.15659647016558997,25796,3,20,4,3,0,1.5243658164203626,1,2,0.9926505621348808,12,12,8,-0.5027689006064349,1.855478075062768,-1.940010722753618,1,0,1,0,0,0,1,0,0,0,0,0,0,0,0,0,0,0,0,0,0,1,0,0,0,0,1,0,0,1
-0.10423310778964111,1,-0.3581948565591712,-0.2707027483978553,3,1,0.005355811294843447,1,2,3,-0.10772994241107754,22887,1,24,4,4,0,-0.2898516541979038,3,3,0.333648043747944,7,0,6,-0.08454753818211828,-0.8549625644756657,0.037670111121429345,1,0,1,0,1,0,0,0,0,0,1,0,1,0,0,0,0,0,0,0,0,1,1,0,0,1,0,0,0,1
1.885671677285325,0,-1.6374116074902831,2.074436135830462,3,4,-1.7660787744745667,4,4,4,2.002007254140565,13871,2,12,3,3,0,1.5243658164203626,3,3,-0.3253544746389928,3,4,4,0.009391271695347576,1.4940859897909768,1.520930736527715,0,0,0,0,0,0,0,0,0,0,0,0,0,1,0,0,0,0,0,0,0,1,1,0,0,0,1,0,1,0
-1.4308362978396185,0,0.804504089539068,1.0870092372080127,1,2,-0.6835354165043717,3,1,3,-0.7263662271649802,13257,0,12,3,3,1,-0.6786125407589609,2,3,-0.3253544746389928,3,1,2,-0.33889915023126416,-0.26770042590900495,0.037670111121429345,0,1,1,0,1,0,0,0,0,0,1,0,1,0,0,0,0,0,0,0,1,0,0,1,1,0,0,0,1,0
-0.32533363946463734,0,0.5665102754123496,-0.3941311107256615,4,3,-1.0279810304039791,2,2,2,-0.4018633759804331,15000,6,15,3,3,1,0.09890923236315328,3,3,-0.9843569930259296,0,0,0,-0.4429067553151347,-0.8549625644756657,0.037670111121429345,0,1,1,0,1,0,0,0,0,0,0,0,0,0,0,0,1,0,0,0,0,0,0,1,0,1,0,0,0,0
0.006317158047857013,0,0.9582084278292404,-0.76441619770908,3,3,1.038692652993666,3,3,4,0.14609839987885706,14506,2,12,3,1,0,0.2284961945501723,3,3,0.333648043747944,3,1,3,-0.20840446937819201,-0.5287058208275208,0.037670111121429345,0,1,0,1,1,0,0,0,0,0,1,0,0,0,0,0,0,1,0,0,0,1,0,0,0,1,0,0,0,1
-0.32533363946463734,0,1.367260295859538,-0.5175594730534676,3,3,-1.0279810304039791,2,3,1,0.9340160680063276,5615,2,12,3,4,0,0.2284961945501723,6,3,0.6631493029414124,10,5,8,0.17847712734797477,0.47972411408492666,0.037670111121429345,0,1,1,0,0,0,1,0,0,0,0,0,0,1,0,0,0,0,0,0,0,1,0,0,0,1,0,0,0,1
-0.10423310778964111,0,1.6473988479045294,0.22301070091336941,2,2,1.2847252343505287,3,3,4,0.579143799206589,22952,0,14,3,3,1,-0.16026469201088478,6,3,0.333648043747944,7,2,8,0.2731402332421431,-0.20244907717937607,0.5320903195901912,1,0,0,1,0,0,0,0,1,0,0,0,0,0,0,0,0,1,0,0,1,0,0,0,0,1,0,0,0,1
-0.10423310778964111,0,0.2962881322893046,-0.76441619770908,2,1,-1.3232201280322142,3,1,4,-0.7149308291740747,2561,5,22,4,1,1,-0.5490255785719419,2,3,-0.9843569930259296,0,0,0,-0.4075062761159266,-0.8549625644756657,-0.9511703058160944,0,1,1,0,1,0,0,0,0,0,0,0,1,0,0,0,0,0,0,0,0,0,0,1,1,0,0,0,0,0
0.6696187530728458,0,-1.012677845407647,2.074436135830462,2,3,1.2847252343505287,3,4,4,1.9328324695726284,19494,1,12,3,4,2,1.7835397407944007,3,4,2.9696581172956913,12,4,12,-0.08039388195607788,-0.3851528536223371,2.015350944996477,1,0,0,1,1,0,0,0,0,0,1,0,0,1,0,0,0,0,0,0,1,0,1,0,0,0,1,0,0,1
-0.7675347028146299,0,1.2631380021790986,1.7041510488470435,3,1,1.4815512994360187,1,1,3,-0.7565481792393373,22310,1,25,4,3,3,-0.16026469201088478,2,2,0.4983986733446782,7,0,9,-0.5794628573303334,-0.8549625644756657,-0.9511703058160944,1,0,1,0,1,0,0,0,0,0,1,0,0,0,0,0,1,0,0,0,0,0,0,1,0,1,0,0,0,1
-0.4358839053021355,0,-0.1301174513543993,1.5807226865192374,2,3,1.432344783164646,3,2,2,-0.0942324234709924,15480,0,13,3,1,1,-0.41943861638492286,2,4,0.004146784554475587,7,0,7,0.02717172058646234,-0.8549625644756657,-0.4567500973473325,0,0,0,1,0,1,0,0,0,0,1,0,0,0,0,0,0,1,0,0,1,0,0,0,0,1,0,0,0,1
2.1067722089603214,1,-0.8961600405747744,0.5932957878967879,4,2,0.3005949089230785,3,1,2,-0.31600415827822476,4510,9,18,3,1,3,-0.5490255785719419,2,3,-0.3253544746389928,4,4,3,-0.043728957471669924,1.4940859897909768,-1.4455905142848562,0,1,1,0,1,0,0,0,0,0,0,0,0,0,0,0,1,0,0,0,1,0,1,0,1,0,0,0,1,0
1.5540208797728308,0,-0.2937381985665183,-0.3941311107256615,3,1,-0.7327419327757442,3,5,3,2.4161186338440106,6462,7,13,3,3,0,1.5243658164203626,5,3,2.1459049693120202,18,15,15,0.12432034733681818,1.3472704551493118,-0.4567500973473325,0,1,1,0,1,0,0,0,0,0,1,0,0,0,0,1,0,0,0,0,0,1,0,0,0,0,1,0,0,1
-0.6569844369771317,1,-1.3721476688282115,-0.3941311107256615,4,2,0.4974209740085685,1,2,3,-0.08935831940929498,20739,4,18,3,2,0,0.09890923236315328,3,2,0.004146784554475587,7,7,7,-0.27667408256843073,2.081348128357637,-0.9511703058160944,0,1,0,1,1,0,0,0,0,0,1,0,0,0,0,0,0,1,0,0,1,0,1,0,0,1,0,0,0,1
-1.2097357661646224,0,0.09548085161988591,-0.3941311107256615,3,3,-0.9787745141326066,2,1,2,-0.7368642974517131,23300,1,19,3,3,0,-0.80819950294598,3,2,-0.3253544746389928,4,4,3,-0.24165253807614376,1.4940859897909768,-0.4567500973473325,0,1,1,0,0,0,0,1,0,0,0,0,0,0,0,0,1,0,0,0,1,0,0,1,1,0,0,0,1,0
2.3278727406353177,1,-1.6250160963378497,1.7041510488470435,4,4,1.3831382668932737,3,3,4,0.6867490196456011,3465,1,12,3,4,1,3.727344173599686,3,2,5.440917561246703,10,15,6,-0.5836510830384087,0.24615394533682303,1.520930736527715,0,1,1,0,0,0,1,0,0,0,0,0,0,0,0,0,0,0,0,0,1,0,0,0,0,0,1,0,0,1
-1.9835876270271091,1,-0.6804781465224358,1.5807226865192374,1,4,-0.7819484490471167,3,1,3,-0.9323908565421133,26820,1,19,3,4,0,-1.4561343138810752,2,2,-1.1491076226226637,0,0,0,1.1122213379571193,-0.8549625644756657,1.026510528058953,0,1,0,1,0,1,0,0,0,0,1,0,0,0,0,0,0,0,1,0,0,1,1,1,0,0,0,0,0,0
-1.6519368295146148,0,-0.5168573993103168,-0.8878445600368862,1,3,1.6783773645215088,3,1,4,-0.7734200779144437,19299,0,14,3,3,1,-1.0673734273200182,2,3,-0.8196063634291954,1,2,1,0.11422698351859942,2.081348128357637,1.026510528058953,0,1,1,0,0,0,0,0,1,0,1,0,1,0,0,0,0,0,0,0,1,0,0,1,1,0,0,1,0,0
1.3329203480978344,0,-0.8242660758906616,1.333865961863625,4,3,1.4815512994360187,3,2,1,-0.015309430779661168,5549,1,14,3,3,0,0.6172570811112295,2,2,1.3221518213283492,11,5,11,-0.40099956831945244,0.12380766646876869,-0.9511703058160944,0,1,1,0,0,0,1,0,0,0,0,0,0,0,1,0,0,0,0,0,1,0,0,0,0,0,1,0,0,1
0.6696187530728458,0,0.3830567103563374,2.3212928604860745,3,2,0.3005949089230785,4,1,3,-0.35799643942515635,16090,4,12,3,4,0,0.8764310054852675,2,3,-0.6548557338324612,2,1,2,-0.5770961774064052,0.12380766646876869,0.5320903195901912,1,0,1,0,0,0,1,0,0,0,0,0,0,0,0,0,1,0,0,0,0,1,0,1,0,0,1,1,0,0
1.4434706139353326,0,0.016149580244313087,0.3464390632411756,3,3,0.5466274902799411,3,3,4,0.4797870625642955,6645,4,11,3,4,0,0.6172570811112295,3,3,-0.8196063634291954,2,2,1,-0.2034798523368287,2.081348128357637,1.520930736527715,1,0,0,1,0,1,0,0,0,0,0,0,0,0,0,0,0,1,0,0,0,1,0,0,0,0,1,1,0,0
-0.6569844369771317,1,-0.6457707152956227,1.333865961863625,3,2,0.251388392651706,1,2,3,-0.39174023677536923,24788,3,11,3,3,1,-0.937786465132999,2,3,-0.8196063634291954,2,2,2,0.4717219636007431,2.081348128357637,0.037670111121429345,0,1,0,1,1,0,0,0,0,0,0,0,0,0,0,0,0,1,0,0,1,0,1,1,1,0,0,1,0,0
0.4485182213978495,0,-0.0012041353690934679,-0.023846023742242928,1,3,1.4815512994360187,3,3,3,0.4859734254118345,21196,3,13,3,3,1,0.09890923236315328,2,3,0.333648043747944,7,0,7,0.029365553100216126,-0.8549625644756657,0.5320903195901912,0,1,0,1,1,0,0,0,0,0,1,0,0,0,0,0,0,1,0,0,0,0,1,0,0,1,0,0,0,1
-1.2097357661646224,0,1.3697393980900245,1.9510077735026559,1,3,-0.2406767700620191,3,1,3,-0.6948720163047816,8916,1,23,4,4,1,-0.41943861638492286,3,3,0.1688974141512098,7,5,7,-0.452080964009014,0.9802316185451488,1.026510528058953,0,1,0,0,1,0,0,0,0,0,0,1,0,0,0,0,0,0,0,0,1,0,0,1,0,1,0,0,0,1
-0.10423310778964111,0,-1.4539580424342708,-0.3941311107256615,2,2,0.8910731041795485,3,2,2,-0.3201284001765841,2819,6,20,4,4,2,-0.5490255785719419,0,3,-0.6548557338324612,2,0,1,-0.04748981320953344,-0.8549625644756657,0.037670111121429345,0,1,1,0,0,0,1,0,0,0,1,0,0,0,1,0,0,0,0,0,0,0,0,1,1,0,0,1,0,0
1.5540208797728308,1,0.861523440840261,-0.1472743860700491,4,1,-0.6343289002329991,1,3,4,0.7501123724476675,25150,2,15,3,4,0,0.8764310054852675,2,3,0.333648043747944,2,0,3,-0.1841342383519094,-0.8549625644756657,0.5320903195901912,1,0,1,0,1,0,0,0,0,0,1,0,0,0,1,0,0,0,0,0,0,1,0,0,0,0,1,0,0,1
0.22741768972285326,0,1.3052827400973714,-0.6409878353812738,4,4,-0.9295679978612341,2,2,3,-0.13997401543461427,14590,4,14,3,3,1,-0.16026469201088478,1,4,0.4983986733446782,10,5,9,-0.1858893043629123,0.6131927819409859,1.520930736527715,0,1,0,1,1,0,0,0,0,0,0,0,0,0,0,0,0,1,0,0,1,0,0,0,0,1,0,0,0,1
-1.3202860320021204,0,0.3880149148173107,2.3212928604860745,3,1,-1.2248070954894692,2,2,3,0.3731191698294559,24835,2,18,3,4,0,-0.6786125407589609,3,3,-0.8196063634291954,2,2,2,0.8308124582383439,2.081348128357637,0.037670111121429345,0,1,0,1,1,0,0,0,0,0,1,0,0,0,0,0,0,1,0,0,1,0,0,0,1,0,0,1,0,0
-0.7675347028146299,0,1.0846426415840595,-0.023846023742242928,3,3,-0.8803614815898617,3,2,4,8.12688140428587,13982,0,19,3,4,0,0.09890923236315328,2,1,0.6631493029414124,9,4,7,4.0938391634678855,0.21278677837280827,0.5320903195901912,0,1,0,0,0,0,0,0,0,0,1,1,0,0,0,0,0,0,0,0,1,0,1,0,0,1,0,0,0,1
-0.5464341711396336,1,0.5714684798733228,-0.023846023742242928,3,1,-1.2248070954894692,3,1,1,-0.45904036593496045,10224,7,22,4,1,0,-0.16026469201088478,2,4,-0.3253544746389928,4,0,4,-0.38955673736703234,-0.8549625644756657,-1.940010722753618,0,1,1,0,0,0,1,0,0,0,0,0,1,0,0,0,0,0,0,0,0,1,0,1,0,1,0,0,1,0
0.890719284747842,0,1.2730544111010451,2.4447212228138806,3,3,0.841866587908176,3,1,4,-0.5992645904791783,9752,5,13,3,2,0,-0.2898516541979038,2,2,-0.1606038450422586,5,0,3,-0.433167468549531,-0.8549625644756657,0.037670111121429345,0,1,1,0,0,0,1,0,0,0,1,0,0,0,0,0,1,0,0,0,0,1,0,1,0,1,0,0,0,1
0.11686742388535513,0,-1.0870509123222465,-0.76441619770908,5,4,-1.6676657419318217,3,2,3,-0.4371068976573221,2302,3,20,4,2,0,1.0060179676722865,2,3,-0.6548557338324612,2,2,2,-0.62025554591861,1.102577897413203,0.5320903195901912,0,1,1,0,0,0,0,0,1,0,0,0,0,0,0,0,1,0,0,0,0,1,1,1,0,0,1,1,0,0
-0.7675347028146299,0,-0.9035973472662344,1.0870092372080127,3,1,0.448214457737196,3,1,3,-0.7529863339634815,23910,1,14,3,3,0,-0.80819950294598,4,2,-0.3253544746389928,4,0,4,-0.26223467584154253,-0.8549625644756657,-0.9511703058160944,0,1,1,0,1,0,0,0,0,0,0,0,0,0,0,0,1,0,0,0,0,1,0,1,1,0,0,0,1,0
-0.5464341711396336,0,-0.281342687414085,-0.023846023742242928,2,4,-1.5200461931177043,1,2,4,-0.371306492824407,22812,0,17,3,4,3,-0.2898516541979038,2,4,0.1688974141512098,7,0,7,-0.2714886602631947,-0.8549625644756657,2.5097711534652385,1,0,0,1,0,0,1,0,0,0,1,0,0,0,0,0,0,1,0,0,0,0,0,1,0,1,0,0,0,1
-0.6569844369771317,0,-1.4911445758915707,-0.5175594730534676,3,4,0.8910731041795485,3,1,1,-0.6457560446061383,10415,5,14,3,4,1,-0.41943861638492286,3,3,-0.6548557338324612,2,2,2,-0.4128911377405949,1.102577897413203,0.5320903195901912,0,1,1,0,0,0,0,0,1,0,0,0,0,0,0,0,1,0,0,0,0,0,0,1,0,1,0,1,0,0
-0.7675347028146299,0,1.5482347586850633,-0.8878445600368862,1,2,-1.5200461931177043,2,1,4,-0.736489366370044,11162,0,13,3,4,0,-0.6786125407589609,3,3,-0.3253544746389928,3,1,2,-0.3496688734806007,-0.26770042590900495,1.026510528058953,0,1,1,0,0,0,1,0,0,0,1,0,1,0,0,0,0,0,0,0,0,1,0,1,1,0,0,0,1,0
0.4485182213978495,0,0.13514648730767234,0.09958233858556324,3,4,1.235518718079156,2,4,1,1.974449819637891,12888,4,13,3,2,1,1.2651918920463245,2,2,0.004146784554475587,6,7,7,0.08687530542504625,2.081348128357637,-0.9511703058160944,1,0,1,0,1,0,0,0,0,0,1,0,0,1,0,0,0,0,0,0,0,0,0,0,0,0,1,0,0,1
0.4485182213978495,0,0.3235582568246578,-0.023846023742242928,4,3,1.3831382668932737,3,1,1,-0.8268477570522808,6961,2,21,4,4,1,-0.5490255785719419,2,3,-0.3253544746389928,0,1,4,-0.5095622250024967,-0.26770042590900495,0.037670111121429345,0,1,1,0,1,0,0,0,0,0,1,0,1,0,0,0,0,0,0,0,1,0,0,1,1,0,0,0,1,0
-1.9835876270271091,0,0.9383756099853472,-0.76441619770908,1,2,0.645040522822686,3,1,2,-0.9683842403823403,16102,1,14,3,4,0,-1.3265473516940562,3,3,-0.9843569930259296,0,0,0,0.882467241971273,-0.8549625644756657,0.037670111121429345,0,1,1,0,0,0,1,0,0,0,0,0,1,0,0,0,0,0,0,0,0,1,0,1,0,0,0,0,0,0
0.33796795556035136,0,1.4689034873094906,2.074436135830462,3,2,-0.5851223839616266,3,2,2,-0.19565128106246552,8504,1,11,3,1,1,-0.16026469201088478,2,3,0.4983986733446782,7,2,10,-0.22142939108572293,-0.26770042590900495,-1.4455905142848562,1,0,1,0,0,0,1,0,0,0,0,0,0,0,0,0,1,0,0,0,0,0,0,0,0,1,0,0,0,1
-0.21478337362713923,0,-0.3482784476372246,-1.0112729223646924,5,3,1.3831382668932737,3,3,2,0.12116548294786646,11439,1,13,3,1,2,-0.16026469201088478,3,3,0.4983986733446782,8,0,6,-0.019197921181514456,-0.8549625644756657,-0.9511703058160944,0,1,0,1,0,1,0,0,0,0,1,0,0,0,0,0,0,1,0,0,1,0,0,0,0,1,0,0,0,1
1.7751214114478269,0,1.570546678759443,-0.3941311107256615,2,2,-1.5692527093890767,3,2,3,-0.4925966977443388,16047,2,20,4,4,1,0.2284961945501723,3,1,0.004146784554475587,7,4,5,-0.5220151284422058,0.8229292600005075,-0.4567500973473325,0,1,0,1,0,1,0,0,0,0,1,0,0,0,0,0,0,0,1,0,1,0,1,1,0,1,0,0,0,1
0.890719284747842,0,-1.5084982915049772,-0.023846023742242928,3,2,-0.2898832863333916,3,2,2,-0.806226547560484,10901,8,18,3,3,1,1.1356049298593056,2,1,1.6516530805218177,9,0,15,-0.7516587657280589,-0.8549625644756657,-1.4455905142848562,0,1,1,0,1,0,0,0,0,0,1,0,1,0,0,0,0,0,0,0,0,0,0,1,0,0,1,0,0,1
-0.5464341711396336,0,0.40784773266120394,-0.1472743860700491,3,2,-1.1263940629467242,3,3,4,0.44041929898904714,15589,1,14,3,4,0,-0.2898516541979038,2,3,0.333648043747944,8,3,7,0.3042261751643023,0.12380766646876869,1.026510528058953,1,0,0,1,0,1,0,0,0,0,0,0,0,0,0,0,0,1,0,0,0,1,0,0,0,1,0,0,0,1
-0.8780849686521279,0,1.7192928125886422,-1.0112729223646924,1,4,-1.2248070954894692,3,2,3,-0.43673196657565305,26283,1,13,3,1,1,-0.16026469201088478,1,3,0.4983986733446782,7,0,9,-0.3753167699595763,-0.8549625644756657,0.037670111121429345,0,0,1,0,0,0,0,0,1,0,1,0,0,0,1,0,0,0,0,0,1,0,0,1,0,1,0,0,0,1
1.5540208797728308,0,0.9086263832195074,-0.2707027483978553,4,2,-1.5692527093890767,2,2,3,-0.09685694104267561,13983,2,17,3,3,0,-0.16026469201088478,2,3,-0.9843569930259296,0,0,0,-0.15836667828127443,-0.8549625644756657,0.037670111121429345,0,1,1,0,0,0,1,0,0,0,1,0,0,0,1,0,0,0,0,0,1,0,0,0,0,1,0,0,0,0
2.3278727406353177,0,0.8491279296878278,-0.023846023742242928,3,2,0.448214457737196,2,1,2,-0.6191359378076371,11873,4,20,4,2,1,-0.2898516541979038,3,2,-0.9843569930259296,0,0,0,-0.44726118045607016,-0.8549625644756657,-1.4455905142848562,0,1,1,0,0,0,1,0,0,0,0,0,0,0,0,0,1,0,0,0,1,0,1,1,0,1,0,0,0,0
0.33796795556035136,0,-0.42760971901279743,-0.6409878353812738,4,3,0.05456232756621595,2,3,4,0.7885428083187432,8552,7,11,3,1,1,0.4876701189242104,2,2,0.8278999325381465,11,2,11,-0.02617829736164004,-0.36557744900344846,-0.4567500973473325,0,1,0,1,0,1,0,0,0,0,1,0,0,0,0,0,0,1,0,0,1,0,0,0,0,1,0,0,0,1
-0.32533363946463734,0,-1.2382761483819322,-0.8878445600368862,4,3,0.448214457737196,3,1,3,-0.8281600158381224,11314,6,18,3,4,1,-0.6786125407589609,3,3,-0.490105104235727,3,1,2,-0.4471947006829261,-0.12088489126733984,1.026510528058953,1,0,0,1,0,1,0,0,0,0,0,0,0,0,0,0,0,0,1,0,1,0,0,1,1,0,0,0,1,0
-0.6569844369771317,0,1.124308277271846,1.2104375995358188,1,3,0.6942470390940585,3,1,4,-0.8109131860813469,11992,1,24,4,1,2,-1.196960389507037,6,3,-0.8196063634291954,2,2,2,0.49774879478663975,2.081348128357637,0.037670111121429345,0,1,1,0,0,0,1,0,0,0,1,0,0,0,0,0,1,0,0,0,1,0,0,1,0,0,0,1,0,0
-1.0991855003271243,0,-0.2763844829531117,-0.023846023742242928,3,4,-0.4375028351475091,3,1,2,-0.7368642974517131,5970,6,18,3,4,1,-0.6786125407589609,1,1,-0.8196063634291954,2,2,2,-0.350067752119465,2.081348128357637,0.037670111121429345,0,0,1,0,0,0,1,0,0,0,1,0,0,0,0,0,1,0,0,0,0,0,0,1,1,0,0,1,0,0
-0.9886352344896261,0,-0.8986391428052611,1.4572943241914311,3,3,-1.1756005792180968,3,1,4,-0.7378016251558857,6672,1,11,3,3,1,-0.80819950294598,2,1,-0.3253544746389928,2,0,2,-0.2428491739927367,-0.8549625644756657,0.037670111121429345,0,1,1,0,0,0,1,0,0,0,1,0,0,0,0,0,1,0,0,0,1,0,0,1,1,0,0,0,1,0
2.2173224747978195,0,-1.1614239792368461,1.8275794111748498,2,3,0.841866587908176,4,3,4,0.5230916024970687,23402,3,16,3,2,1,0.09890923236315328,2,1,-0.3253544746389928,3,1,4,0.049110045723999796,-0.26770042590900495,-0.4567500973473325,0,1,1,0,1,0,0,0,0,0,1,0,0,0,0,0,0,0,0,0,0,0,1,0,0,1,0,0,1,0
-1.0991855003271243,0,1.6052541099862563,-0.76441619770908,3,3,0.645040522822686,2,1,3,-0.7653590596585595,25326,1,15,3,4,1,-1.3265473516940562,2,2,-0.9843569930259296,1,0,1,2.1784239396414375,-0.8549625644756657,0.5320903195901912,0,0,1,0,0,0,1,0,0,0,1,0,0,0,0,0,1,0,0,0,0,0,1,1,0,0,0,0,0,0
1.4434706139353326,0,1.6102123144472296,0.22301070091336941,3,3,-0.6343289002329991,3,5,2,2.4890427292286375,17053,3,15,3,2,0,1.2651918920463245,5,3,-0.3253544746389928,4,4,4,0.2432927145225533,1.4940859897909768,-0.4567500973473325,0,1,1,0,1,0,0,0,0,0,0,0,0,1,0,0,0,0,0,0,0,1,0,0,0,0,1,0,1,0
0.4485182213978495,0,-0.8366615870430948,0.5932957878967879,3,1,-0.4867093514188816,3,1,3,-0.7869175968545289,4609,4,12,3,1,1,0.2284961945501723,2,3,0.333648043747944,8,1,8,-0.6665319275999697,-0.5287058208275208,-1.4455905142848562,0,1,1,0,1,0,0,0,0,0,1,0,0,0,0,0,1,0,0,0,0,0,0,1,0,1,0,0,0,1
0.11686742388535513,0,1.330073762402238,-0.5175594730534676,3,2,-1.2248070954894692,3,3,4,0.5193422916803784,8053,2,12,3,3,1,0.09890923236315328,2,3,0.4983986733446782,9,7,4,0.04711565252967812,1.2004549205076465,0.5320903195901912,0,1,0,1,1,0,0,0,0,0,0,0,0,0,0,0,0,1,0,0,1,0,0,0,0,1,0,0,0,1
0.11686742388535513,0,-0.24911435841775856,-1.0112729223646924,4,1,-0.3390898026047641,2,2,4,0.38193005024867815,12930,4,22,4,3,0,0.09890923236315328,2,4,0.1688974141512098,3,0,7,-0.025978858042207793,-0.8549625644756657,0.5320903195901912,0,1,0,1,1,0,0,0,0,0,0,0,0,0,0,0,0,1,0,0,0,1,0,0,0,1,0,0,0,1
-0.6569844369771317,0,-1.6919518565609895,-0.3941311107256615,5,3,-1.1263940629467242,3,1,3,-0.676875324384668,12430,3,20,4,1,0,-0.41943861638492286,2,3,-0.3253544746389928,4,1,4,-0.43772133300989857,-0.26770042590900495,-0.4567500973473325,0,1,1,0,1,0,0,0,0,0,1,0,0,0,0,0,1,0,0,0,0,1,0,1,0,1,0,0,1,0
-1.0991855003271243,0,0.8788771564536676,0.9635808748802065,3,3,-0.7327419327757442,3,1,2,-0.6731260135679776,13364,0,16,3,4,1,-0.6786125407589609,3,2,-0.3253544746389928,2,1,1,-0.2822583835125312,-0.26770042590900495,0.037670111121429345,0,1,1,0,0,0,0,0,1,0,1,0,0,0,0,0,1,0,0,0,1,0,1,1,1,0,0,0,1,0
-1.9835876270271091,1,-0.49702458146642364,-1.0112729223646924,1,3,1.6783773645215088,1,1,1,-0.8105382549996779,20989,0,21,4,1,0,-1.3265473516940562,5,4,-1.1491076226226637,0,0,0,1.8900346837425366,-0.8549625644756657,-0.9511703058160944,1,0,0,1,0,0,0,0,1,0,0,0,0,0,0,0,0,0,1,0,0,1,0,1,0,0,0,0,0,0
-0.6569844369771317,0,1.6796271769008557,-0.76441619770908,2,4,-1.7660787744745667,3,1,2,-0.8549675881774581,15062,4,12,3,3,0,0.2284961945501723,3,2,0.1688974141512098,7,7,2,-0.6999456843479113,1.7143092917534744,0.037670111121429345,1,0,1,0,0,0,1,0,0,0,1,0,1,0,0,0,0,0,0,0,0,1,0,1,0,1,0,0,0,1
-0.7675347028146299,0,-1.7142637766353692,-0.023846023742242928,3,3,0.005355811294843447,3,2,1,-0.6705014959962945,11012,1,11,3,3,2,0.09890923236315328,4,3,0.8278999325381465,9,6,10,-0.5858050276882761,0.6131927819409859,-0.4567500973473325,0,0,1,0,0,0,1,0,0,0,1,0,1,0,0,0,0,0,0,0,0,0,0,1,0,1,0,0,0,1
0.890719284747842,0,1.154057504037686,-0.6409878353812738,2,3,-1.7660787744745667,3,2,1,-0.22039673245262162,6319,4,11,3,1,1,-0.2898516541979038,3,4,-0.1606038450422586,4,0,3,-0.16445622550126976,-0.8549625644756657,-0.9511703058160944,0,1,0,1,1,0,0,0,0,0,0,0,0,0,0,0,0,1,0,0,0,0,1,0,0,1,0,0,0,1
2.1067722089603214,0,-0.2218442338824054,-0.1472743860700491,3,3,0.05456232756621595,3,1,1,-0.448354830107393,13939,4,18,3,3,1,1.0060179676722865,3,3,-0.8196063634291954,2,2,2,-0.624034396181535,2.081348128357637,-0.4567500973473325,0,1,1,0,1,0,0,0,0,0,0,0,0,0,0,0,1,0,0,0,0,0,1,1,0,0,1,1,0,0
-0.4358839053021355,0,-1.6572444253341763,-0.8878445600368862,3,3,1.1863122018077836,3,1,4,-0.7777317853536376,10515,0,14,3,1,0,-0.937786465132999,2,4,-0.6548557338324612,1,0,2,-0.1442463744654777,-0.8549625644756657,0.5320903195901912,0,1,1,0,1,0,0,0,0,0,1,0,0,0,0,0,1,0,0,0,0,1,0,1,1,0,0,1,0,0
-1.9835876270271091,1,-1.2382761483819322,-0.8878445600368862,3,2,-0.9295679978612341,2,1,4,-1.039808611440291,9241,1,22,4,3,0,-1.3265473516940562,3,2,-0.9843569930259296,0,1,0,0.42654895774935925,2.081348128357637,0.037670111121429345,0,1,1,0,1,0,0,0,0,0,1,0,0,0,0,0,0,0,0,1,0,1,0,1,0,0,0,0,0,0
1.0012695505853402,0,-0.6854363509834092,-1.0112729223646924,2,2,1.2847252343505287,3,3,1,0.7131816609032678,2137,1,25,4,3,3,1.6539527786073818,2,3,2.804907487698957,13,15,7,-0.37095902082998355,0.9802316185451488,-0.9511703058160944,0,1,0,1,0,1,0,0,0,0,0,0,0,0,0,0,0,1,0,0,0,0,0,0,0,0,1,0,0,1
0.11686742388535513,0,1.4317169538521908,-0.2707027483978553,2,3,0.448214457737196,3,1,4,-0.817474480010555,6319,1,12,3,3,0,-1.196960389507037,3,3,-0.8196063634291954,2,2,1,0.47680766624626314,2.081348128357637,1.026510528058953,0,1,1,0,1,0,0,0,0,0,0,0,1,0,0,0,0,0,0,0,0,1,0,1,0,0,0,1,0,0
-0.6569844369771317,0,-1.6423698119512564,0.3464390632411756,1,3,1.432344783164646,3,1,4,-0.5098435275011143,6984,8,23,4,3,1,-0.5490255785719419,0,3,-0.490105104235727,2,0,2,-0.220489177151257,-0.8549625644756657,1.026510528058953,0,1,1,0,0,0,1,0,0,0,0,0,0,0,0,0,1,0,0,0,1,0,1,1,1,0,0,0,1,0
-0.32533363946463734,0,-0.43008882124328407,2.1978644981582685,2,4,1.432344783164646,3,1,2,-0.813162772571361,5711,2,15,3,4,0,-0.2898516541979038,3,3,-0.6548557338324612,2,1,2,-0.5848743108642593,0.12380766646876869,1.026510528058953,0,1,1,0,0,0,1,0,0,0,0,0,0,0,0,0,1,0,0,0,0,1,0,1,0,1,0,1,0,0
0.4485182213978495,1,1.3722185003205112,1.333865961863625,2,2,0.20218187638033347,3,1,2,-0.6577538392195473,21728,1,22,4,4,0,-0.937786465132999,5,2,-0.490105104235727,3,0,2,0.04721537218939425,-0.8549625644756657,-0.4567500973473325,0,1,0,1,0,1,0,0,0,0,0,0,0,0,0,0,0,0,1,0,0,1,1,1,1,0,0,0,1,0
1.4434706139353326,0,-1.176298592619766,-1.0112729223646924,3,3,0.9894861367222936,2,1,3,-0.5546477917605636,3425,2,15,3,4,1,-0.80819950294598,2,2,-0.6548557338324612,2,0,2,-0.009026515890474384,-0.8549625644756657,0.5320903195901912,0,1,1,0,0,0,1,0,0,0,1,0,1,0,0,0,0,0,0,0,1,0,0,1,1,0,0,1,0,0
1.7751214114478269,0,0.6979026936281421,0.46986742556898176,2,4,-0.4375028351475091,4,2,1,-0.41217398072633143,26250,1,11,3,3,2,-0.80819950294598,3,3,-0.490105104235727,2,1,3,0.17286214343165396,-0.12088489126733984,0.037670111121429345,0,1,1,0,0,0,1,0,0,0,0,0,0,0,1,0,0,0,0,0,0,0,0,1,1,0,0,0,1,0
-0.4358839053021355,0,0.3186000523636845,0.5932957878967879,3,4,0.3005949089230785,3,1,2,-0.7297406069000015,4673,1,13,3,4,1,-0.41943861638492286,5,3,0.1688974141512098,7,1,6,-0.47990274906980007,-0.48792372787150273,1.026510528058953,0,1,1,0,0,0,1,0,0,0,0,0,0,0,0,0,1,0,0,0,1,0,0,1,0,1,0,0,0,1
0.33796795556035136,0,0.46238798173191026,-0.6409878353812738,1,4,-0.9787745141326066,3,5,3,2.3216360012634145,6499,1,14,3,2,1,1.2651918920463245,2,3,2.1459049693120202,8,9,9,0.1924071967360055,0.4663772472993208,0.5320903195901912,0,1,1,0,0,0,1,0,0,0,0,0,0,1,0,0,0,0,0,0,1,0,0,0,0,0,1,0,0,1
1.9962219431228232,0,-0.27390538072262505,0.5932957878967879,4,3,-0.2406767700620191,4,5,2,2.2633342180638802,13339,8,11,3,4,0,3.20899632485161,3,3,2.804907487698957,15,2,15,-0.26982666593459337,-0.6102700067395571,0.5320903195901912,0,1,1,0,0,0,1,0,0,0,1,0,0,0,0,1,0,0,0,0,0,1,0,0,0,0,1,0,0,1
-0.32533363946463734,0,0.6607161601708423,-0.8878445600368862,1,4,-1.0279810304039791,2,2,3,0.5433378809071964,14074,1,17,3,3,0,-0.16026469201088478,2,2,0.4983986733446782,9,1,9,0.25028448723521785,-0.5613314951923353,0.5320903195901912,1,0,1,0,1,0,0,0,0,0,1,0,0,0,1,0,0,0,0,0,1,0,0,0,0,1,0,0,0,1
1.5540208797728308,0,-1.2134851260770658,-0.76441619770908,3,4,1.5799643319787637,3,4,2,1.3282561003813147,7192,3,18,3,3,0,1.7835397407944007,6,3,0.004146784554475587,7,1,0,-0.2347599151965684,-0.4354896083566223,0.5320903195901912,0,1,1,0,0,0,1,0,0,0,0,0,0,0,0,0,0,0,0,0,0,1,0,0,0,0,1,0,0,1
1.664571145610329,0,-0.2565516651092185,-1.0112729223646924,4,3,-0.043850704976529056,2,5,3,2.502727713709557,5678,0,14,3,1,1,2.949822400477572,5,3,4.287663154069564,18,11,9,-0.1882755371612947,0.12380766646876869,-0.4567500973473325,0,1,1,0,1,0,0,0,0,0,1,0,0,1,0,0,0,0,0,0,1,0,0,0,0,0,1,0,0,1
-1.0991855003271243,0,0.2268732698356784,-0.023846023742242928,3,4,1.6291708482501361,3,1,2,-0.8191616698780656,11781,1,16,3,4,0,-0.5490255785719419,2,2,0.004146784554475587,7,0,3,-0.5025533574910238,-0.8549625644756657,0.5320903195901912,0,1,1,0,0,0,1,0,0,0,0,0,0,0,0,0,1,0,0,0,0,1,0,1,1,0,0,0,0,1
-0.21478337362713923,1,-0.6110632840688096,1.7041510488470435,2,2,-0.7819484490471167,2,2,3,-0.25657758183368323,15497,3,13,3,1,0,-0.41943861638492286,1,3,-0.9843569930259296,0,0,1,-0.10236411738472445,-0.8549625644756657,-0.9511703058160944,0,1,1,0,1,0,0,0,0,0,1,0,0,0,1,0,0,0,0,0,1,0,1,0,0,1,0,0,0,0
0.6696187530728458,0,1.3424692735546713,-0.2707027483978553,3,4,-1.4216331605749593,4,1,4,-0.8547801226366236,5228,4,14,3,4,3,-0.5490255785719419,3,4,-0.3253544746389928,4,2,2,-0.5350334752271181,0.3195617126576557,2.5097711534652385,0,0,1,0,0,0,1,0,0,0,1,0,0,0,0,0,1,0,0,0,0,0,0,1,1,0,0,0,1,0
0.890719284747842,0,0.9730830412121604,-0.8878445600368862,2,1,-0.043850704976529056,2,4,4,1.9015257242532644,20462,9,23,4,4,1,1.3947788542333437,1,3,2.1459049693120202,8,11,8,0.021215737274329224,0.7600083165826512,0.5320903195901912,0,0,1,0,0,0,1,0,0,0,1,0,0,1,0,0,0,0,0,0,1,0,0,0,0,0,1,0,0,1
0.006317158047857013,0,-1.2705044773782588,1.4572943241914311,3,2,-0.043850704976529056,4,1,1,-0.5782684499057126,22977,1,12,3,1,1,-0.41943861638492286,3,2,0.1688974141512098,7,1,7,-0.35904252149391214,-0.48792372787150273,-2.43443093122238,0,1,1,0,1,0,0,0,0,0,1,0,0,0,0,0,1,0,0,0,1,0,1,1,0,1,0,0,0,1
-0.21478337362713923,0,-1.6473280164122297,-0.8878445600368862,3,2,-1.4216331605749593,3,2,2,-0.41292384288966955,15986,5,11,3,4,0,-0.16026469201088478,5,3,-0.1606038450422586,2,1,2,-0.3601194938188458,-0.36557744900344846,0.037670111121429345,1,0,1,0,0,0,1,0,0,0,0,0,1,0,0,0,0,0,0,0,0,1,0,1,0,1,0,0,0,1
0.5590684872353476,0,0.30620454121125124,1.4572943241914311,2,3,-1.4708396768463317,3,2,3,-0.25938956494620097,16439,2,16,3,2,1,-0.030677729823865754,5,3,-0.3253544746389928,3,0,2,-0.31939035862135484,-0.8549625644756657,0.037670111121429345,0,0,1,0,0,0,1,0,0,0,0,0,0,0,1,0,0,0,0,0,0,0,0,0,0,1,0,0,1,0
0.11686742388535513,0,1.1367037884242792,-0.8878445600368862,4,4,1.0878991692650386,3,2,3,-0.017933948351344393,7259,9,14,3,2,0,0.3580831567371914,3,3,-0.9843569930259296,0,0,0,-0.33203273937652844,-0.8549625644756657,0.5320903195901912,0,1,1,0,1,0,0,0,0,0,1,0,0,0,1,0,0,0,0,0,1,0,0,0,0,1,0,0,0,0
0.11686742388535513,0,0.6979026936281421,2.4447212228138806,3,4,-0.5851223839616266,3,2,4,-0.07267388627502305,4185,3,18,3,1,1,-0.2898516541979038,3,1,0.004146784554475587,7,1,7,-0.05968410302624263,-0.4354896083566223,-0.4567500973473325,0,1,1,0,0,0,0,0,1,0,1,0,0,0,1,0,0,0,0,0,1,0,0,0,0,1,0,0,0,1
-1.0991855003271243,0,-0.8193078714296883,-1.0112729223646924,1,3,-0.2898832863333916,2,2,1,-0.44066874293317787,9679,5,19,3,3,1,-0.6786125407589609,1,3,-0.8196063634291954,2,2,0,-0.03495362741665491,2.081348128357637,-0.4567500973473325,1,0,1,0,0,0,0,0,1,0,1,0,0,0,1,0,0,0,0,0,1,0,0,1,1,0,0,1,0,0
1.3329203480978344,0,0.4946163107282367,1.0870092372080127,4,4,1.2847252343505287,3,2,4,0.029119902398119114,23793,1,15,3,1,2,-0.5490255785719419,0,3,0.004146784554475587,7,1,7,0.2709862885922758,-0.4354896083566223,0.5320903195901912,0,0,1,0,1,0,0,0,0,0,1,0,0,0,1,0,0,0,0,0,0,0,1,0,1,0,0,0,0,1
-0.32533363946463734,0,0.187207634147892,0.09958233858556324,4,4,-1.1263940629467242,3,1,3,-0.5312145991562491,5972,1,17,3,4,1,-0.80819950294598,4,4,-0.3253544746389928,3,2,0,0.020889382024349354,0.3195617126576557,2.015350944996477,1,0,1,0,0,0,1,0,0,0,1,0,0,0,0,0,1,0,0,0,0,0,1,1,1,0,0,0,1,0
0.33796795556035136,0,0.25414339437103156,1.2104375995358188,2,3,1.6291708482501361,3,2,4,-0.7325525900125193,16523,8,15,3,3,1,0.4876701189242104,2,4,0.004146784554475587,2,3,7,-0.6734785525106528,0.4034563038814642,1.520930736527715,0,1,1,0,0,0,1,0,0,0,1,0,1,0,0,0,0,0,0,0,1,0,1,1,0,1,0,0,0,1
0.11686742388535513,1,0.9358965077548606,2.4447212228138806,1,2,0.20218187638033347,3,2,1,0.004561916548797523,11354,7,19,3,2,0,0.7468440432982485,2,3,-0.9843569930259296,0,0,0,-0.4224290298993211,-0.8549625644756657,-1.4455905142848562,0,1,1,0,0,0,1,0,0,0,1,0,0,0,0,0,0,0,0,0,1,0,1,0,0,0,1,0,0,0
-0.8780849686521279,1,-1.6894727543305028,2.1978644981582685,3,2,-1.5200461931177043,3,3,4,0.18565362899493995,24525,1,22,4,4,3,-0.16026469201088478,3,2,0.4983986733446782,4,1,9,0.02196635434928298,-0.5613314951923353,0.5320903195901912,0,1,0,1,0,1,0,0,0,0,0,0,0,0,0,0,0,1,0,0,1,0,0,0,0,1,0,0,0,1
-1.6519368295146148,0,0.8268160096134479,-0.5175594730534676,3,4,-0.2898832863333916,4,1,2,-0.8099758583771743,12392,1,16,3,1,1,-0.937786465132999,2,2,-0.490105104235727,2,2,2,-0.19570171887897453,0.6131927819409859,-0.9511703058160944,0,1,1,0,1,0,0,0,0,0,1,0,0,0,0,0,1,0,0,0,0,0,1,1,1,0,0,0,1,0
-0.10423310778964111,0,-0.41521420786036417,1.0870092372080127,1,2,0.349801425194451,3,1,4,-0.8427823280232146,7703,1,13,3,1,0,-0.41943861638492286,2,3,0.1688974141512098,1,1,7,-0.5700991812829936,-0.48792372787150273,-0.4567500973473325,1,0,1,0,0,0,1,0,0,0,0,0,1,0,0,0,0,0,0,0,0,1,0,1,0,1,0,0,0,1
0.33796795556035136,0,0.8640025430707476,-0.023846023742242928,5,4,-0.14226373751927407,2,2,4,-0.33231366033082765,14242,9,14,3,4,1,-0.80819950294598,5,1,-0.6548557338324612,2,0,2,0.2748155235253733,-0.8549625644756657,1.026510528058953,0,0,1,0,1,0,0,0,0,0,1,0,0,0,0,0,0,0,0,0,1,0,0,1,1,0,0,1,0,0
1.0012695505853402,0,-0.3929022877859843,-1.0112729223646924,4,4,1.5307578157073911,3,3,1,0.5150305842411845,12368,7,16,3,3,1,0.7468440432982485,3,3,-0.490105104235727,2,0,3,-0.23075611220034442,-0.8549625644756657,0.037670111121429345,0,1,1,0,0,0,1,0,0,0,1,0,0,0,0,0,0,0,0,0,0,0,0,0,0,0,1,0,1,0
-0.5464341711396336,1,0.6012177066391627,-0.6409878353812738,4,4,-1.6676657419318217,1,3,4,0.7032459872390385,25812,1,11,3,3,0,0.3580831567371914,2,2,1.157401191731615,8,9,8,-0.003214284295594305,1.0326657380600293,1.026510528058953,0,1,0,1,0,0,1,0,0,0,1,0,0,0,0,0,0,1,0,0,1,0,0,0,0,1,0,0,0,1
-0.7675347028146299,0,0.0657316248540461,-1.0112729223646924,1,3,1.0878991692650386,2,3,3,0.3421873555917608,20925,1,22,4,3,0,0.09890923236315328,2,3,0.6631493029414124,8,5,8,-0.04711942590201666,0.47972411408492666,0.5320903195901912,0,0,1,0,0,0,0,0,0,1,1,0,0,0,1,0,0,0,0,0,0,1,0,0,0,1,0,0,0,1
-1.0991855003271243,0,1.0896008460450328,1.333865961863625,3,4,1.1863122018077836,3,2,3,0.6246979256293763,12916,1,14,3,4,0,-0.5490255785719419,2,3,0.004146784554475587,7,0,7,0.8140880467373902,-0.8549625644756657,1.520930736527715,1,0,0,1,1,0,0,0,0,0,0,0,0,0,0,0,0,1,0,0,0,1,0,0,1,0,0,0,0,1
1.5540208797728308,0,1.6523570523655027,-0.1472743860700491,4,2,0.743453555365431,2,3,2,1.095048967583177,15736,5,16,3,4,2,0.6172570811112295,5,1,0.4983986733446782,9,4,7,0.04198009005430009,0.3195617126576557,-0.9511703058160944,0,1,1,0,1,0,0,0,0,0,1,0,0,0,0,1,0,0,0,0,1,0,0,0,0,0,1,0,0,1
-0.7675347028146299,1,0.5020536174196967,-0.76441619770908,3,4,1.0878991692650386,3,1,1,-0.7482996954426185,8556,5,11,3,3,0,-0.41943861638492286,5,3,-0.3253544746389928,2,0,4,-0.4947111185376378,-0.8549625644756657,0.037670111121429345,0,1,1,0,0,0,0,0,1,0,0,0,0,0,0,0,1,0,0,0,0,1,1,1,0,1,0,0,1,0
0.4485182213978495,0,0.2318314742966517,-0.3941311107256615,3,4,0.448214457737196,3,3,4,1.301448528041979,14674,3,18,3,3,0,0.6172570811112295,3,3,-0.9843569930259296,0,0,0,0.12432359906485244,-0.8549625644756657,1.520930736527715,0,1,0,1,1,0,0,0,0,0,0,0,0,1,0,0,0,0,0,0,0,1,1,0,0,0,1,0,0,0
-0.7675347028146299,1,-1.1614239792368461,2.074436135830462,4,3,-0.6835354165043717,2,2,1,-0.22039673245262162,22967,5,15,3,3,0,-0.2898516541979038,5,2,-0.1606038450422586,3,0,1,-0.16445622550126976,-0.8549625644756657,-0.9511703058160944,1,0,0,1,0,1,0,0,0,0,0,0,0,0,0,0,0,1,0,0,0,1,0,0,0,1,0,0,0,1
-0.8780849686521279,1,0.4698252884233702,-1.0112729223646924,3,3,0.9402796204509211,3,1,3,-0.8605915544024937,19757,0,14,3,4,0,-0.5490255785719419,1,2,-0.1606038450422586,2,1,5,-0.540332862857744,-0.36557744900344846,0.5320903195901912,0,1,1,0,0,0,0,0,1,0,1,0,0,0,0,0,1,0,0,0,0,1,0,1,1,0,0,0,0,1
0.890719284747842,0,0.6185714222525692,-0.3941311107256615,3,4,-0.4375028351475091,2,3,4,0.4154863820580565,16840,6,12,3,4,0,1.5243658164203626,2,3,1.981154339715286,7,12,8,-0.4309187179623104,0.999549452050631,2.015350944996477,0,0,0,1,0,0,0,0,0,1,0,0,0,0,0,0,0,1,0,0,0,1,0,0,0,0,1,0,0,1
1.885671677285325,0,0.8540861341488011,-0.76441619770908,3,4,-0.6835354165043717,3,2,1,-0.1328503248829027,17011,2,14,3,4,1,0.6172570811112295,4,3,-0.1606038450422586,2,0,5,-0.4478927383009386,-0.8549625644756657,0.5320903195901912,0,1,0,1,0,1,0,0,0,0,0,0,0,0,0,0,0,1,0,0,1,0,0,0,0,0,1,0,0,1
-0.10423310778964111,0,1.4713825895399772,-0.5175594730534676,2,4,-0.19147025379064658,3,2,2,-0.1377244289446001,9945,8,16,3,4,0,0.6172570811112295,3,4,0.9926505621348808,11,3,7,-0.4498372716654022,-0.17735240459105717,1.520930736527715,0,1,1,0,1,0,0,0,0,0,1,0,1,0,0,0,0,0,0,0,0,1,0,0,0,0,1,0,0,1
-0.4358839053021355,0,-1.6250160963378497,-0.6409878353812738,4,3,-0.9295679978612341,2,1,2,-0.7548609893718267,13248,6,21,4,4,0,-0.5490255785719419,3,3,-0.6548557338324612,2,1,1,-0.44391819757796924,0.12380766646876869,0.5320903195901912,0,1,1,0,0,0,1,0,0,0,0,0,0,0,0,0,1,0,0,0,1,0,0,1,1,0,0,1,0,0
0.006317158047857013,0,-0.34579934540673796,0.22301070091336941,3,2,-0.9295679978612341,3,3,4,1.0378719776286496,10056,1,14,3,3,3,-0.16026469201088478,1,3,0.4983986733446782,8,0,7,0.5659570420324379,-0.8549625644756657,0.5320903195901912,1,0,1,0,0,0,0,1,0,0,1,0,0,0,0,1,0,0,0,0,0,0,1,0,0,1,0,0,0,1
0.11686742388535513,0,-1.694430958791476,-0.76441619770908,3,1,0.4974209740085685,3,3,3,0.7424262852734523,9647,0,12,3,3,2,0.7468440432982485,6,2,1.4869024509250834,10,5,13,-0.1453726200340358,0.0626345270347416,-0.9511703058160944,0,1,0,1,1,0,0,0,0,0,1,0,0,0,0,0,0,1,0,0,0,0,0,0,0,0,1,0,0,1
-0.6569844369771317,0,0.43759695942704374,-1.0112729223646924,4,3,1.1863122018077836,1,2,3,-0.43185786251395564,4381,0,12,3,4,1,-0.6786125407589609,2,3,-0.3253544746389928,4,1,4,-0.025579979403343566,-0.26770042590900495,1.026510528058953,0,0,1,0,0,0,1,0,0,0,1,0,0,0,1,0,0,0,0,0,1,0,0,1,1,0,0,0,1,0
2.438423006472816,0,-1.6374116074902831,-0.76441619770908,3,3,0.20218187638033347,2,1,4,-0.8382831550431862,8456,3,17,3,1,1,-0.5490255785719419,6,3,-0.9843569930259296,0,0,0,-0.5199900522756639,-0.8549625644756657,0.037670111121429345,0,1,1,0,1,0,0,0,0,0,1,0,0,0,0,0,1,0,0,0,1,0,0,1,1,0,0,0,0,0
0.006317158047857013,0,-1.1986105126941458,-0.6409878353812738,4,1,-1.2248070954894692,3,1,4,-0.7228043818891244,2539,4,17,3,3,1,0.2284961945501723,2,3,0.333648043747944,8,5,8,-0.635051198101909,0.7763211537650584,0.037670111121429345,1,0,0,1,0,1,0,0,0,0,1,0,0,0,0,0,0,0,1,0,0,0,0,1,0,1,0,0,0,1
-0.8780849686521279,0,1.5135273274582501,-1.0112729223646924,1,2,-1.1756005792180968,3,3,4,0.2379565148877699,6599,1,14,3,4,1,-0.030677729823865754,5,3,0.6631493029414124,10,4,1,-0.03078353255580068,0.21278677837280827,1.026510528058953,1,0,0,1,0,0,1,0,0,0,0,0,0,0,0,0,0,1,0,0,1,0,0,0,0,1,0,0,0,1
-0.21478337362713923,0,0.35082838136001093,-1.0112729223646924,3,3,1.2847252343505287,3,3,3,0.4859734254118345,9096,1,14,3,1,0,-0.16026469201088478,3,4,0.4983986733446782,7,0,8,0.21366742818747356,-0.8549625644756657,0.037670111121429345,1,0,0,1,0,1,0,0,0,0,0,0,0,0,0,0,0,1,0,0,0,1,0,0,0,1,0,0,0,1
-0.8780849686521279,1,0.2318314742966517,1.0870092372080127,1,3,0.9894861367222936,2,1,4,-0.7985404603862688,14961,1,13,3,3,0,-0.937786465132999,3,2,-0.490105104235727,3,0,1,-0.17745302115093203,-0.8549625644756657,0.5320903195901912,0,1,1,0,0,0,1,0,0,0,1,0,0,0,0,0,1,0,0,0,0,1,1,1,1,0,0,0,1,0
1.664571145610329,0,1.2904081267144516,-0.8878445600368862,3,3,1.137105685536411,2,1,4,-0.6442563202794622,3300,7,15,3,2,0,-0.6786125407589609,3,2,-0.8196063634291954,2,2,2,-0.2515447283199788,2.081348128357637,0.037670111121429345,0,1,1,0,1,0,0,0,0,0,0,0,1,0,0,0,0,0,0,0,0,1,0,1,1,0,0,1,0,0
0.5590684872353476,0,-0.6705617376004892,-0.6409878353812738,2,3,-0.3882963188761366,3,5,4,2.3589416438894832,4933,1,11,3,4,0,1.3947788542333437,3,3,2.4754062285054887,17,11,15,0.15393353893281997,0.6131927819409859,1.520930736527715,0,1,1,0,0,0,0,0,1,0,1,0,0,1,0,0,0,0,0,0,1,0,0,0,0,0,1,0,0,1
2.438423006472816,0,0.03846150031869295,-0.3941311107256615,2,2,-0.6835354165043717,3,1,3,-0.8214112563680798,25657,8,17,3,4,0,-0.5490255785719419,2,2,-0.8196063634291954,2,2,2,-0.5046047333480402,2.081348128357637,0.037670111121429345,0,1,0,0,0,0,1,0,0,0,1,1,0,0,0,0,0,0,0,0,1,0,0,1,1,0,0,1,0,0
1.4434706139353326,0,0.12770918061621236,-1.0112729223646924,4,4,0.10376884383758846,3,5,4,2.4123693230273204,24118,3,11,3,3,1,2.690648476103534,3,2,0.004146784554475587,0,0,6,-0.16230809783155253,-0.8549625644756657,1.026510528058953,0,1,0,1,0,0,1,0,0,0,0,0,0,1,0,0,0,0,0,0,0,0,0,0,0,0,1,0,0,1
-0.4358839053021355,1,0.02606598916625969,0.5932957878967879,3,3,-0.3882963188761366,3,1,4,-0.7897295799670466,22149,5,13,3,3,1,-0.41943861638492286,2,1,-0.3253544746389928,4,0,4,-0.527768185733518,-0.8549625644756657,0.037670111121429345,0,1,1,0,0,0,1,0,0,0,1,0,1,0,0,0,0,0,0,0,1,0,1,1,0,1,0,0,1,0
0.6696187530728458,0,0.5739475821038096,0.8401525125524003,3,4,0.6942470390940585,3,4,4,1.90508756952912,7744,5,22,4,3,1,1.3947788542333437,3,3,1.6516530805218177,13,1,9,0.02224919556593224,-0.6822384060737066,1.520930736527715,0,1,0,1,0,1,0,0,0,0,0,0,0,1,0,0,0,0,0,0,1,0,1,0,0,0,1,0,0,1
-0.4358839053021355,1,-0.8366615870430948,-0.8878445600368862,2,1,-1.3232201280322142,3,1,1,-0.7389264184008928,21509,7,20,4,1,0,0.2284961945501723,3,4,0.333648043747944,7,1,7,-0.6429674049347546,-0.5287058208275208,-1.940010722753618,0,1,1,0,1,0,0,0,0,0,0,0,1,0,0,0,0,0,0,0,1,0,0,1,0,1,0,0,0,1
1.664571145610329,0,-0.07805630451417965,-0.8878445600368862,4,1,0.645040522822686,2,5,3,2.3281972951926226,21030,1,18,3,4,0,2.820235438290553,2,4,4.287663154069564,7,15,12,-0.20070583271199952,0.47972411408492666,0.5320903195901912,0,0,0,1,1,0,0,0,0,0,1,0,0,1,0,0,0,0,0,0,0,1,1,0,0,0,1,0,0,1
-0.5464341711396336,0,1.4837781006924105,-0.6409878353812738,2,3,-0.4867093514188816,3,1,2,-0.5094685964194452,20990,2,11,3,1,1,-0.6786125407589609,5,3,-0.490105104235727,3,1,2,-0.10814785764825709,-0.12088489126733984,-0.9511703058160944,0,1,0,1,1,0,0,0,0,0,0,0,0,0,0,0,0,0,1,0,1,0,0,1,1,0,0,0,1,0
-0.5464341711396336,1,-0.7127064755187623,-1.0112729223646924,3,4,-0.19147025379064658,2,1,3,-0.5471491701271829,9571,0,14,3,4,0,-0.937786465132999,2,1,-0.6548557338324612,2,1,2,0.2237191698868543,0.12380766646876869,0.5320903195901912,0,1,1,0,1,0,0,0,0,0,1,0,1,0,0,0,0,0,0,0,0,1,1,1,1,0,0,1,0,0
0.22741768972285326,0,1.55815116760701,-1.0112729223646924,4,3,1.4815512994360187,3,1,3,-0.7458626434117699,15417,7,14,3,3,3,-0.5490255785719419,1,3,-0.6548557338324612,2,1,2,-0.43571269414990327,0.12380766646876869,0.5320903195901912,0,1,1,0,0,0,1,0,0,0,0,0,1,0,0,0,0,0,0,0,0,0,0,1,1,0,0,1,0,0
-0.5464341711396336,0,0.43015965273558376,2.074436135830462,4,3,1.6783773645215088,3,2,4,-0.4093619976138137,12069,0,18,3,1,0,-0.937786465132999,2,3,-0.6548557338324612,2,2,2,0.4436010195608088,1.102577897413203,0.037670111121429345,0,0,0,1,0,1,0,0,0,0,1,0,0,0,0,0,0,1,0,0,1,0,0,1,1,0,0,1,0,0
0.4485182213978495,0,1.5085691229972769,1.2104375995358188,2,3,-1.4708396768463317,3,2,1,-0.6705014959962945,19877,2,16,3,1,2,0.7468440432982485,2,2,-0.9843569930259296,0,0,0,-0.6759046731729217,-0.8549625644756657,-1.940010722753618,0,1,1,0,1,0,0,0,0,0,1,0,0,0,0,0,1,0,0,0,0,0,0,1,0,0,1,0,0,0
0.33796795556035136,0,1.2333887754132586,1.8275794111748498,2,1,-0.19147025379064658,3,2,4,-0.624197507410169,24447,1,17,3,1,2,-0.2898516541979038,3,3,0.333648043747944,8,4,7,-0.450851088205849,0.45006441011691345,-0.9511703058160944,0,1,1,0,0,0,0,0,1,0,1,0,0,0,0,0,1,0,0,0,0,0,0,1,0,1,0,0,0,1
0.890719284747842,0,-1.3647103621367513,-1.0112729223646924,3,3,0.20218187638033347,4,5,4,2.3533176776644478,15970,0,11,3,3,1,1.9131267029814198,2,3,2.804907487698957,0,1,7,-0.008382173473847402,-0.7326162856076114,1.026510528058953,0,1,1,0,0,0,0,1,0,0,1,0,0,1,0,0,0,0,0,0,1,0,0,0,0,0,1,0,0,1
-0.6569844369771317,0,1.3003245356363982,-0.76441619770908,4,2,0.349801425194451,3,3,3,1.3171956334720782,13523,9,12,3,1,1,-0.2898516541979038,3,3,-0.8196063634291954,2,2,2,0.9260779731537715,2.081348128357637,-0.9511703058160944,1,0,1,0,0,0,1,0,0,0,1,0,0,0,0,1,0,0,0,0,0,0,0,0,0,1,0,1,0,0
-0.4358839053021355,0,0.07316893154550606,-0.5175594730534676,4,3,-0.14226373751927407,2,1,4,-0.7006834480706515,14776,1,13,3,3,1,-1.196960389507037,2,2,-0.8196063634291954,2,0,2,0.849559754264967,-0.8549625644756657,0.5320903195901912,0,1,1,0,1,0,0,0,0,0,0,0,0,0,0,0,1,0,0,0,1,0,0,1,0,0,0,1,0,0
-0.32533363946463734,0,-0.8242660758906616,-0.8878445600368862,4,4,0.8910731041795485,2,2,1,-0.1296634106887159,23687,6,13,3,2,1,0.2284961945501723,3,3,0.6631493029414124,9,5,9,-0.34380842578651727,0.47972411408492666,-0.4567500973473325,0,1,1,0,1,0,0,0,0,0,1,0,0,0,1,0,0,0,0,0,1,0,0,0,0,1,0,0,0,1
0.006317158047857013,0,0.5318028441855365,-1.0112729223646924,2,3,0.841866587908176,2,1,1,-0.5115307173686249,18697,2,14,3,1,1,0.7468440432982485,2,2,-0.6548557338324612,1,0,2,-0.6162136580393439,-0.8549625644756657,-1.940010722753618,0,1,1,0,0,0,1,0,0,0,0,0,0,0,0,0,1,0,0,0,1,0,0,1,0,0,1,1,0,0
0.890719284747842,0,0.982999450134107,-0.2707027483978553,4,1,0.5466274902799411,4,2,3,-0.04024234771065179,5118,4,17,3,4,1,-0.2898516541979038,1,3,-0.6548557338324612,2,0,2,-0.036682101518400304,-0.8549625644756657,0.037670111121429345,1,0,1,0,1,0,0,0,0,0,1,0,0,0,1,0,0,0,0,0,1,0,0,0,0,1,0,1,0,0
0.006317158047857013,1,-0.7399766000541155,0.09958233858556324,3,1,-0.2406767700620191,3,3,3,0.6372581168652889,22573,6,11,3,2,2,0.7468440432982485,5,3,-0.9843569930259296,0,0,0,-0.18486160528160317,-0.8549625644756657,-0.9511703058160944,1,0,1,0,0,0,1,0,0,0,1,0,0,0,1,0,0,0,0,0,0,0,0,0,0,0,1,0,0,0
0.22741768972285326,0,-0.7374974978236288,-0.8878445600368862,4,3,-0.09305722124790157,3,3,3,0.8041024482080081,6420,0,25,4,4,0,1.1356049298593056,1,3,1.981154339715286,6,11,8,-0.23770363955138707,0.8450067840067731,1.026510528058953,1,0,1,0,0,0,0,0,1,0,0,0,0,0,0,0,0,0,0,0,0,1,0,0,0,0,1,0,0,1
-0.8780849686521279,0,-0.3408411409457646,0.7167241502245941,3,3,-0.2898832863333916,3,1,4,-0.8077262718871602,22673,1,19,3,1,0,-0.6786125407589609,1,3,-0.1606038450422586,5,1,5,-0.42545581486482087,-0.36557744900344846,0.037670111121429345,0,1,1,0,1,0,0,0,0,0,1,0,0,0,0,0,1,0,0,0,0,1,0,1,1,0,0,0,0,1
0.5590684872353476,0,0.2814135189063847,0.9635808748802065,2,4,0.7926600716368035,4,2,1,-0.3518100765776173,23016,3,13,3,3,0,-0.16026469201088478,1,3,-0.6548557338324612,2,0,2,-0.32110916293791564,-0.8549625644756657,0.037670111121429345,0,1,1,0,1,0,0,0,0,0,0,0,0,0,0,0,1,0,0,0,0,1,1,1,0,1,0,1,0,0
-0.8780849686521279,0,1.1019963571974662,1.333865961863625,2,4,-1.0279810304039791,3,2,4,0.05292802608410264,10732,2,14,3,4,1,-0.16026469201088478,2,3,-0.6548557338324612,2,0,2,-0.0627554685454978,-0.8549625644756657,2.015350944996477,0,1,0,1,0,1,0,0,0,0,1,0,0,0,0,0,0,1,0,0,0,0,0,0,0,1,0,1,0,0
-1.3202860320021204,0,-0.29125909633603164,-1.0112729223646924,3,1,-0.19147025379064658,3,2,3,-0.3281894184324683,7505,0,12,3,4,2,-0.80819950294598,3,3,-0.490105104235727,2,1,2,0.28008072155838226,-0.12088489126733984,0.037670111121429345,0,1,1,0,1,0,0,0,0,0,0,0,0,0,1,0,0,0,0,0,1,0,0,1,1,0,0,0,1,0
0.5590684872353476,0,-1.3225656242184785,-0.8878445600368862,3,4,-0.4867093514188816,2,1,1,-0.7602974900560276,8007,0,11,3,3,1,-0.16026469201088478,4,3,0.333648043747944,6,7,8,-0.5818561291635194,1.428834641061348,0.037670111121429345,0,1,1,0,0,0,1,0,0,0,0,0,1,0,0,0,0,0,0,0,0,0,1,1,0,1,0,0,0,1
0.33796795556035136,0,1.5209646341497103,-0.8878445600368862,2,1,-0.8311549653184892,3,5,3,2.3692522486353815,5949,0,19,3,4,1,1.3947788542333437,5,3,2.3106555989087543,7,3,9,0.15692512872430234,-0.4354896083566223,0.037670111121429345,0,1,1,0,0,0,1,0,0,0,1,0,0,0,0,1,0,0,0,0,0,0,0,0,0,0,1,0,0,1
1.5540208797728308,0,0.0756480337759927,-1.0112729223646924,3,3,1.4815512994360187,3,1,4,-0.7359269697475406,23231,1,11,3,2,0,-1.3265473516940562,0,2,-0.9843569930259296,0,0,0,2.3662957785465304,-0.8549625644756657,0.037670111121429345,0,1,1,0,1,0,0,0,0,0,1,0,0,0,0,0,1,0,0,0,1,0,0,1,0,0,0,0,0,0
-0.6569844369771317,1,-1.2283597394599857,2.4447212228138806,2,3,0.251388392651706,2,1,2,-0.7458626434117699,11652,0,11,3,2,0,-0.6786125407589609,2,4,-0.3253544746389928,4,1,4,-0.3596408394522086,-0.26770042590900495,0.037670111121429345,1,0,1,0,0,0,1,0,0,0,1,0,1,0,0,0,0,0,0,0,0,1,0,1,1,0,0,0,1,0
-0.5464341711396336,0,1.260658899948612,-0.2707027483978553,3,2,1.6783773645215088,4,1,2,-0.7226169163482898,26062,1,20,4,3,0,-0.80819950294598,3,1,-0.3253544746389928,1,0,3,-0.223463672143931,-0.8549625644756657,-1.4455905142848562,1,0,1,0,1,0,0,0,0,0,1,0,1,0,0,0,0,0,0,0,1,0,0,1,1,0,0,0,1,0
0.11686742388535513,0,1.3003245356363982,-0.8878445600368862,2,4,-1.3232201280322142,2,2,4,-0.2623890135995532,19682,3,18,3,4,1,0.2284961945501723,0,3,0.1688974141512098,7,7,5,-0.4089790587825025,1.7143092917534744,2.015350944996477,0,0,0,1,1,0,0,0,0,0,1,0,0,0,0,0,0,1,0,0,1,0,0,0,0,1,0,0,0,1
-0.5464341711396336,0,-1.672119038717096,-0.8878445600368862,1,4,0.8910731041795485,2,2,1,-0.8384706205840208,19737,4,13,3,4,0,-0.2898516541979038,5,3,-0.1606038450422586,2,0,4,-0.6028238496131536,-0.8549625644756657,0.5320903195901912,0,1,1,0,0,0,0,0,1,0,1,0,1,0,0,0,0,0,0,0,0,1,0,1,0,1,0,0,0,1
1.0012695505853402,0,-0.7796422357419018,-0.8878445600368862,3,3,0.448214457737196,1,4,2,1.9165229675200257,14977,3,12,3,2,1,2.1723006273554577,2,2,1.157401191731615,7,7,7,-0.17108520859477672,0.6131927819409859,-0.9511703058160944,0,1,0,1,0,0,0,0,1,0,0,0,0,1,0,0,0,0,0,0,1,0,1,0,0,0,1,0,0,1
-0.9886352344896261,1,-0.6779990442919491,-0.8878445600368862,4,1,0.645040522822686,3,1,3,-0.5930782276316393,14935,2,11,3,3,0,-0.80819950294598,5,1,-1.1491076226226637,0,0,0,-0.05808858847078532,-0.8549625644756657,-1.4455905142848562,0,1,1,0,1,0,0,0,0,0,1,0,1,0,0,0,0,0,0,0,0,1,0,1,1,0,0,0,0,0
-0.8780849686521279,0,1.01026957466946,-0.8878445600368862,3,1,0.5958340065513135,2,2,2,-0.0008745841354034396,3687,2,19,3,2,2,-0.16026469201088478,2,3,-1.1491076226226637,0,0,0,-0.0970989193517155,-0.8549625644756657,-1.4455905142848562,0,1,0,1,0,0,1,0,0,0,1,0,0,0,0,0,0,1,0,0,1,0,0,0,0,1,0,0,0,0
-0.6569844369771317,0,1.6374824389825828,1.7041510488470435,3,2,-0.09305722124790157,2,2,4,-0.1999629885016594,14408,0,21,4,2,1,-0.16026469201088478,2,3,0.333648043747944,0,7,8,-0.22418165369388668,1.428834641061348,0.037670111121429345,0,1,1,0,0,0,1,0,0,0,1,0,0,0,0,0,0,0,0,0,1,0,0,0,0,1,0,0,0,1
-1.3202860320021204,0,-0.3160501186408981,-0.5175594730534676,2,2,0.9402796204509211,4,2,1,-0.49653347410186366,18384,1,12,3,4,2,-0.6786125407589609,2,3,-0.1606038450422586,3,1,5,-0.09438654460743817,-0.36557744900344846,-0.4567500973473325,0,0,1,0,1,0,0,0,0,0,1,0,0,0,0,0,0,0,0,0,0,0,0,1,1,0,0,0,0,1
0.890719284747842,0,1.444112465004624,1.333865961863625,2,3,0.645040522822686,3,4,4,1.2836393016627,7501,0,14,3,2,0,1.2651918920463245,2,3,2.1459049693120202,7,4,10,-0.12310580660566896,-0.26770042590900495,0.5320903195901912,0,1,1,0,0,0,1,0,0,0,1,0,0,0,0,0,0,0,0,0,1,0,1,0,0,0,1,0,0,1
-0.10423310778964111,0,1.4887363051533837,-0.3941311107256615,3,4,-0.9295679978612341,3,1,4,-0.6446312513611312,20251,0,11,3,3,1,-0.6786125407589609,4,3,-0.1606038450422586,6,6,6,-0.25194360695884316,2.081348128357637,1.520930736527715,0,1,1,0,1,0,0,0,0,0,1,0,1,0,0,0,0,0,0,0,1,0,0,1,1,0,0,0,0,1
1.9962219431228232,0,-0.8688899160394212,-1.0112729223646924,3,4,0.743453555365431,3,5,1,2.323885587753429,18938,0,14,3,3,0,3.338583287038629,2,3,4.781915042859767,10,4,13,-0.27619974040329487,-0.5287058208275208,0.037670111121429345,0,1,1,0,0,0,1,0,0,0,1,0,0,1,0,0,0,0,0,0,0,1,1,0,0,0,1,0,0,1
0.11686742388535513,1,-0.338362038715278,2.4447212228138806,4,1,1.0878991692650386,3,3,2,0.9748835559082522,10268,1,12,3,4,1,-0.16026469201088478,2,2,0.4983986733446782,7,9,9,0.5257500752349149,1.7877170590743074,-0.9511703058160944,0,0,1,0,1,0,0,0,0,0,1,0,0,1,0,0,0,0,0,0,1,0,1,0,0,1,0,0,0,1
-0.9886352344896261,0,0.8813562586841542,-0.023846023742242928,3,4,1.3831382668932737,3,1,4,-0.8583419679124794,2613,1,23,4,4,1,-0.80819950294598,3,2,-0.3253544746389928,2,0,4,-0.39673655286659004,-0.8549625644756657,1.520930736527715,0,1,1,0,0,0,1,0,0,0,1,0,0,0,0,0,1,0,0,0,1,0,0,1,1,0,0,0,1,0
0.006317158047857013,0,-1.4242088156684312,-0.3941311107256615,4,3,1.5799643319787637,3,2,4,8.12688140428587,22825,4,14,3,2,1,-0.5490255785719419,5,4,-0.3253544746389928,4,0,1,7.655255581899283,-0.8549625644756657,1.026510528058953,0,1,0,1,0,0,1,0,0,0,1,0,0,0,0,0,0,1,0,0,1,0,0,0,1,0,0,0,1,0
-1.762487095352113,0,0.4797416973453168,-0.76441619770908,2,4,1.6783773645215088,2,1,3,-0.6408819405444409,10531,1,17,3,1,0,-1.0673734273200182,4,4,-0.6548557338324612,2,1,0,0.3962341811956713,0.12380766646876869,0.5320903195901912,0,1,1,0,0,0,1,0,0,0,1,0,0,0,0,0,1,0,0,0,0,1,0,1,1,0,0,1,0,0
0.006317158047857013,0,-0.18465770042510563,-1.0112729223646924,4,1,0.6942470390940585,3,3,4,1.303698114531993,11677,2,18,3,1,2,0.2284961945501723,2,3,-0.3253544746389928,2,0,2,0.3599975910034592,-0.8549625644756657,-0.9511703058160944,0,0,1,0,0,0,1,0,0,0,0,0,0,0,0,1,0,0,0,0,0,0,1,0,0,1,0,0,1,0
-0.21478337362713923,0,1.2705753088705585,1.5807226865192374,3,2,0.251388392651706,4,3,2,1.002440990410926,19100,7,18,3,2,1,-0.16026469201088478,6,2,0.004146784554475587,7,6,2,0.543340623208831,1.6618751722385943,-1.4455905142848562,0,1,1,0,1,0,0,0,0,0,0,0,0,1,0,0,0,0,0,0,0,0,0,0,0,1,0,0,0,1
0.11686742388535513,0,-1.1911732060026858,-0.2707027483978553,2,1,-1.0771875466753518,4,2,1,-0.19565128106246552,19191,1,24,4,3,1,-0.41943861638492286,3,3,0.1688974141512098,0,7,7,-0.05375078327313588,1.7143092917534744,-1.4455905142848562,0,1,0,1,0,0,1,0,0,0,0,0,0,0,0,0,0,1,0,0,0,0,1,0,0,1,0,0,0,1
-1.2097357661646224,0,1.677148074670369,-1.0112729223646924,3,3,0.8910731041795485,3,2,2,-0.04717857272152888,26767,1,20,4,1,1,-0.6786125407589609,6,1,-0.1606038450422586,5,1,4,0.38366950407144534,-0.36557744900344846,-1.940010722753618,1,0,1,0,1,0,0,0,0,0,0,0,0,0,1,0,0,0,0,0,0,0,0,0,1,0,0,0,0,1
1.4434706139353326,0,-0.013599646521526723,-0.6409878353812738,1,1,1.4815512994360187,3,5,2,2.342444676296046,15815,3,14,3,1,2,2.1723006273554577,4,2,1.981154339715286,4,1,6,-0.07398675136266314,-0.7004198964318076,-2.43443093122238,0,1,1,0,1,0,0,0,0,0,1,0,0,0,0,1,0,0,0,0,0,0,0,0,0,0,1,0,0,1
1.7751214114478269,0,0.663195262401329,-0.76441619770908,4,3,-1.0279810304039791,3,4,3,2.049998432594201,21016,3,16,3,4,3,1.2651918920463245,5,2,-0.3253544746389928,3,1,3,0.10983931849109199,-0.26770042590900495,0.5320903195901912,0,1,1,0,0,0,0,0,0,1,1,0,0,0,0,1,0,0,0,0,1,0,1,0,0,0,1,0,1,0
0.5590684872353476,0,-0.41521420786036417,-1.0112729223646924,1,2,1.6291708482501361,3,2,3,-0.32650222856495764,24532,1,25,4,3,0,1.1356049298593056,3,3,2.1459049693120202,16,11,6,-0.598549200199991,0.7600083165826512,0.037670111121429345,0,1,0,1,1,0,0,0,0,0,1,0,0,0,0,0,0,1,0,0,1,0,0,1,0,0,1,0,0,1
-0.8780849686521279,0,-0.8936809383442877,-0.8878445600368862,2,2,-1.0771875466753518,3,2,4,-0.3926775644795418,20260,1,18,3,1,0,-0.16026469201088478,3,2,0.4983986733446782,7,0,9,-0.347195825919642,-0.8549625644756657,-0.9511703058160944,1,0,0,1,1,0,0,0,0,0,1,0,0,0,0,0,0,1,0,0,0,1,0,1,0,1,0,0,0,1
1.9962219431228232,0,-1.6250160963378497,1.333865961863625,2,2,-1.4216331605749593,3,2,4,-0.23126973382102356,15972,3,19,3,4,1,0.09890923236315328,4,3,0.4983986733446782,7,0,8,-0.35216186497350266,-0.8549625644756657,1.026510528058953,0,1,1,0,0,0,0,0,1,0,1,0,1,0,0,0,0,0,0,0,1,0,1,0,0,1,0,0,0,1
-1.2097357661646224,0,-0.7598094178980086,0.22301070091336941,2,1,-0.2898832863333916,3,2,1,-0.3576215083434873,22722,1,13,3,3,1,-0.80819950294598,3,3,-0.3253544746389928,3,3,3,0.24250635377736368,0.9068238512243162,-1.4455905142848562,1,0,1,0,0,0,1,0,0,0,1,0,0,0,0,0,0,0,0,0,1,0,1,1,1,0,0,0,1,0
0.006317158047857013,0,1.4118841360082974,-1.0112729223646924,3,4,-1.1756005792180968,3,1,4,-0.8499060185749262,15881,1,12,3,2,0,0.7468440432982485,3,3,1.6516530805218177,12,5,7,-0.7432682362423013,0.008658227534129436,1.026510528058953,0,1,1,0,1,0,0,0,0,0,0,0,0,0,0,0,1,0,0,0,0,1,0,1,0,0,1,0,0,1
0.7801690189103438,1,0.29132992782833134,1.8275794111748498,3,4,-1.1263940629467242,3,1,3,-0.6538170628620226,19920,3,22,4,4,1,1.0060179676722865,0,1,-0.9843569930259296,0,0,0,-0.6930613943176337,-0.8549625644756657,0.5320903195901912,1,0,1,0,1,0,0,0,0,0,1,0,1,0,0,0,0,0,0,0,0,0,1,1,0,0,1,0,0,0
0.11686742388535513,0,-0.28382178964457166,1.7041510488470435,4,4,0.7926600716368035,3,2,4,-0.1694061053456333,18899,9,14,3,2,1,-0.16026469201088478,2,3,-0.8196063634291954,2,1,2,-0.20467648825342163,0.6131927819409859,1.026510528058953,0,1,1,0,1,0,0,0,0,0,1,0,0,0,0,0,0,0,0,0,0,0,0,0,0,1,0,1,0,0
-1.2097357661646224,1,1.6027750077557696,0.8401525125524003,4,1,-1.0279810304039791,3,1,2,-0.8015399090396211,14180,2,13,3,4,1,-0.80819950294598,2,3,-0.6548557338324612,2,0,2,-0.3242204163210573,-0.8549625644756657,-0.4567500973473325,0,1,1,0,0,0,1,0,0,0,1,0,1,0,0,0,0,0,0,0,0,0,1,1,1,0,0,1,0,0
-0.9886352344896261,0,0.7797130672342015,-0.1472743860700491,2,4,0.005355811294843447,3,1,4,-0.6258846972776797,4488,1,21,4,4,0,-0.80819950294598,3,3,-0.6548557338324612,3,0,2,-0.09997084555153855,-0.8549625644756657,2.015350944996477,0,1,1,0,1,0,0,0,0,0,0,0,0,0,0,0,1,0,0,0,0,1,0,1,1,0,0,1,0,0
1.3329203480978344,0,-0.41273510562987753,0.09958233858556324,4,3,-1.5200461931177043,3,5,1,2.2526486822363125,25594,9,11,3,4,0,1.3947788542333437,4,3,-0.6548557338324612,2,1,2,0.12309296780971987,0.12380766646876869,0.037670111121429345,1,0,1,0,1,0,0,0,0,0,0,0,0,0,0,1,0,0,0,0,0,1,1,0,0,0,1,1,0,0
-0.10423310778964111,0,-0.7350183955931421,-0.76441619770908,3,3,-1.7660787744745667,3,2,2,-0.4056126867971234,26285,4,12,3,4,0,-0.16026469201088478,2,3,0.1688974141512098,0,7,7,-0.3554526137441333,1.7143092917534744,0.5320903195901912,0,1,1,0,0,0,0,0,1,0,1,0,0,0,0,0,1,0,0,0,0,1,0,1,0,1,0,0,0,1
-0.6569844369771317,0,-0.8887227338833145,-0.5175594730534676,3,4,0.8910731041795485,3,1,2,-0.7235542440524625,3909,1,11,3,3,1,-1.196960389507037,5,2,-0.8196063634291954,2,2,2,0.776564963352797,2.081348128357637,0.037670111121429345,1,0,0,1,0,1,0,0,0,0,0,0,0,0,0,0,0,0,1,0,0,0,0,1,0,0,0,1,0,0
-1.2097357661646224,1,0.3657029947429309,-0.6409878353812738,4,4,-0.8803614815898617,2,2,4,-0.15384646545636846,8450,1,12,3,2,0,-0.41943861638492286,0,3,0.1688974141512098,7,7,4,-0.020394557098107405,1.7143092917534744,1.026510528058953,0,1,0,1,0,1,0,0,0,0,1,0,0,0,0,0,0,1,0,0,0,1,1,0,0,1,0,0,0,1
0.006317158047857013,0,0.21447775868324515,-0.023846023742242928,3,2,-0.6343289002329991,3,1,4,-0.8103507894588433,11411,1,12,3,3,3,-0.937786465132999,3,2,-0.490105104235727,2,1,2,-0.19630003683727099,-0.12088489126733984,0.037670111121429345,1,0,1,0,0,0,1,0,0,0,1,0,0,0,0,0,1,0,0,0,1,0,1,1,1,0,0,0,1,0
0.5590684872353476,0,-0.6135423862992962,2.074436135830462,3,3,0.5466274902799411,3,4,2,1.289075802346901,14864,5,14,3,4,1,1.5243658164203626,2,4,2.1459049693120202,4,4,8,-0.18846987573086924,-0.26770042590900495,1.026510528058953,1,0,0,1,0,1,0,0,0,0,0,0,0,0,0,0,0,1,0,0,1,0,0,0,0,0,1,0,0,1
-2.0941378928646075,1,-1.4192506112074579,-0.76441619770908,3,3,-0.5851223839616266,3,1,3,-0.9801945694549148,25233,1,13,3,3,0,-1.4561343138810752,2,3,-1.1491076226226637,0,0,0,0.8070791792259172,-0.8549625644756657,0.5320903195901912,0,1,1,0,1,0,0,0,0,0,1,0,1,0,0,0,0,0,0,0,0,1,0,1,0,0,0,0,0,0
-0.21478337362713923,0,1.0648098237401664,0.8401525125524003,3,3,1.4815512994360187,3,3,2,0.2570780000528905,5100,0,15,3,3,2,0.09890923236315328,3,2,0.6631493029414124,9,6,9,-0.09239215141311649,0.7466614497970451,-0.4567500973473325,0,1,0,1,0,1,0,0,0,0,1,0,0,0,0,0,0,1,0,0,1,0,0,0,0,1,0,0,0,1
-0.10423310778964111,0,-0.5862722617639431,1.0870092372080127,4,3,0.743453555365431,4,1,4,-0.5550227228422326,7122,4,18,3,4,2,-0.937786465132999,2,3,-0.9843569930259296,0,0,0,0.21115449276262835,-0.8549625644756657,1.520930736527715,1,0,1,0,1,0,0,0,0,0,1,0,1,0,0,0,0,0,0,0,1,0,0,1,1,0,0,0,0,0
1.5540208797728308,0,1.238346979874232,-0.8878445600368862,3,4,0.8910731041795485,1,2,2,-0.218709542585111,16321,5,18,3,4,1,0.2284961945501723,3,3,-0.490105104235727,1,1,2,-0.38753166120049043,-0.12088489126733984,1.026510528058953,0,1,1,0,0,0,1,0,0,0,1,0,0,0,1,0,0,0,0,0,0,0,0,0,0,1,0,0,1,0
1.2223700822603363,0,-1.1614239792368461,-0.8878445600368862,4,4,1.0878991692650386,3,4,2,1.7558649990248454,15896,1,19,3,2,0,1.3947788542333437,2,3,2.4754062285054887,10,0,4,-0.021047267598067146,-0.8549625644756657,0.037670111121429345,0,1,0,1,1,0,0,0,0,0,1,0,0,1,0,0,0,0,0,0,0,1,0,0,0,0,1,0,0,1
-2.0941378928646075,0,0.02358688693577304,0.09958233858556324,3,4,0.15297536010896096,2,1,3,-1.0214369884385084,9724,1,12,3,1,0,-1.4561343138810752,2,3,-1.1491076226226637,0,0,0,0.5438192775754683,-0.8549625644756657,0.037670111121429345,0,1,0,1,0,0,1,0,0,0,0,0,0,0,0,0,0,0,1,0,0,1,0,1,0,0,0,0,0,0
-0.9886352344896261,0,1.6697107679789092,0.8401525125524003,2,2,0.10376884383758846,4,2,1,-0.1707183641314749,4824,0,19,3,3,0,-0.2898516541979038,2,3,0.1688974141512098,3,0,7,-0.12922194573492177,-0.8549625644756657,-0.9511703058160944,0,1,1,0,0,0,1,0,0,0,1,0,0,0,0,0,0,0,0,0,0,1,0,0,0,1,0,0,0,1
-0.6569844369771317,0,-1.4489998379732976,-0.2707027483978553,3,2,1.6783773645215088,4,2,4,0.05255309500243361,12241,4,11,3,2,1,-0.16026469201088478,3,2,0.1688974141512098,7,7,7,-0.06299479572881644,1.7143092917534744,-0.4567500973473325,0,1,0,1,0,0,0,0,0,1,1,0,0,0,0,0,0,1,0,0,1,0,0,0,0,1,0,0,0,1
0.22741768972285326,0,0.8168996006915014,-1.0112729223646924,3,3,-0.8803614815898617,4,3,4,0.5557106066022744,10942,0,17,3,1,3,1.0060179676722865,5,2,1.816403710118552,10,3,7,-0.28670902937775405,-0.36557744900344846,-0.4567500973473325,0,1,1,0,0,0,0,0,0,1,1,0,0,0,0,0,0,0,0,1,0,0,0,0,0,0,1,0,0,1
-0.10423310778964111,0,0.7499638404683617,1.8275794111748498,4,2,-0.9295679978612341,3,2,2,-0.18271615874488392,6927,7,15,3,3,1,-0.030677729823865754,3,3,0.333648043747944,8,0,8,-0.2748972595407624,-0.8549625644756657,-0.4567500973473325,0,0,1,0,1,0,0,0,0,0,0,0,1,0,0,0,0,0,0,0,1,0,0,0,0,1,0,0,0,1
-0.5464341711396336,0,0.2566224966015182,-0.2707027483978553,3,4,1.235518718079156,2,2,3,-0.21833461150344197,16985,1,14,3,3,1,0.2284961945501723,3,2,0.9926505621348808,8,4,8,-0.3873475633671684,0.048517648703812304,0.5320903195901912,0,1,0,1,1,0,0,0,0,0,1,0,0,0,0,0,0,1,0,0,1,0,0,0,0,1,0,0,0,1
0.11686742388535513,0,0.11531366946377912,1.9510077735026559,2,1,0.743453555365431,2,3,2,1.0146262505651695,26707,3,17,3,3,1,1.0060179676722865,2,3,0.4983986733446782,8,0,1,-0.13253193865040988,-0.8549625644756657,-0.9511703058160944,0,1,1,0,1,0,0,0,0,0,0,0,0,0,0,1,0,0,0,0,1,0,0,0,0,0,1,0,0,1
2.3278727406353177,0,-1.0225942543295936,-1.0112729223646924,4,4,-1.6676657419318217,1,2,3,-0.1707183641314749,17056,2,13,3,4,1,0.09890923236315328,2,3,-0.3253544746389928,3,1,2,-0.3199524148852091,-0.26770042590900495,1.520930736527715,0,0,1,0,1,0,0,0,0,0,1,0,0,0,0,0,0,0,0,0,0,0,1,0,0,1,0,0,1,0
-0.6569844369771317,0,-0.2763844829531117,-0.5175594730534676,4,3,0.9894861367222936,3,1,4,-0.34262426507672605,10077,0,12,3,3,1,-0.6786125407589609,4,3,-0.3253544746389928,2,0,3,0.06935313664636382,-0.8549625644756657,1.026510528058953,0,1,1,0,0,0,0,0,1,0,1,0,0,0,0,0,1,0,0,0,1,0,1,1,1,0,0,0,1,0
-0.6569844369771317,0,-1.7266592877878024,-0.8878445600368862,3,1,-0.19147025379064658,2,2,1,-0.04474152069068017,17822,3,12,3,4,0,-0.2898516541979038,1,3,-0.8196063634291954,2,1,0,-0.039873130629314926,0.6131927819409859,-0.9511703058160944,0,1,0,0,0,0,0,0,0,0,1,1,0,0,0,0,0,0,0,0,1,0,0,0,0,1,0,1,0,0
0.890719284747842,0,1.1069545616584395,-0.2707027483978553,3,1,1.5307578157073911,3,3,1,-0.2697001696920993,20308,1,18,3,1,1,1.6539527786073818,2,3,2.804907487698957,9,9,11,-0.632374108775685,0.24615394533682303,-2.43443093122238,1,0,1,0,1,0,0,0,0,0,1,0,0,0,0,0,0,0,0,1,0,0,0,0,0,0,1,0,0,1
-0.6569844369771317,0,-1.5134564959659504,-0.8878445600368862,4,3,-1.6676657419318217,3,1,4,-0.741176004890907,7747,0,18,3,2,1,-1.0673734273200182,2,1,-0.8196063634291954,2,2,2,0.18283410940326192,2.081348128357637,-0.4567500973473325,0,1,1,0,1,0,0,0,0,0,1,0,0,0,0,0,1,0,0,0,0,0,1,1,1,0,0,1,0,0
-0.4358839053021355,0,-0.6185005907602695,-0.5175594730534676,4,4,0.3990079414658235,3,3,2,0.9803200565924531,23364,6,11,3,2,2,0.09890923236315328,2,3,0.4983986733446782,6,8,8,0.2923262957715168,1.4940859897909768,0.037670111121429345,1,0,1,0,1,0,0,0,0,0,0,0,0,1,0,0,0,0,0,0,1,0,0,0,0,1,0,0,0,1
0.22741768972285326,0,-1.6993891632524494,0.09958233858556324,1,3,1.6291708482501361,3,4,1,1.9532662135235908,5355,1,14,3,4,0,1.2651918920463245,3,3,2.3106555989087543,9,11,10,0.08043626454052238,0.6831049412941599,0.037670111121429345,0,1,1,0,0,0,1,0,0,0,1,0,0,1,0,0,0,0,0,0,1,0,1,0,0,0,1,0,0,1
0.6696187530728458,0,-1.5308102115793571,0.09958233858556324,4,3,-1.6184592256604493,3,1,4,-0.7458626434117699,10675,0,19,3,1,0,-0.6786125407589609,5,3,-0.1606038450422586,6,1,6,-0.3596408394522086,-0.36557744900344846,0.037670111121429345,1,0,1,0,1,0,0,0,0,0,0,0,1,0,0,0,0,0,0,0,0,1,0,1,1,0,0,0,0,1
1.3329203480978344,0,0.7152564092415487,-1.0112729223646924,2,3,1.1863122018077836,2,4,3,1.3713731747732534,17810,7,12,3,4,0,1.7835397407944007,2,3,0.004146784554475587,1,0,7,-0.22375086476391332,-0.8549625644756657,1.026510528058953,0,1,1,0,0,0,0,0,1,0,0,0,0,0,0,0,0,0,0,0,0,1,1,0,0,0,1,0,0,1
1.664571145610329,1,-0.19705321157753888,-0.1472743860700491,4,3,0.9402796204509211,2,2,2,-0.3201284001765841,17747,2,15,3,1,0,-0.030677729823865754,3,2,0.1688974141512098,2,7,7,-0.3546367256191835,1.7143092917534744,-1.4455905142848562,0,1,1,0,0,0,1,0,0,0,1,0,0,0,0,0,1,0,0,0,1,0,0,1,0,1,0,0,0,1
-1.0991855003271243,0,1.0350605969743265,-0.5175594730534676,3,3,0.9402796204509211,3,1,2,-0.7818560272519969,20938,1,12,3,2,0,-0.937786465132999,2,2,-0.490105104235727,3,1,2,-0.15082787200673892,-0.12088489126733984,-0.9511703058160944,0,1,1,0,1,0,0,0,0,0,0,0,0,0,0,0,1,0,0,0,0,1,1,1,1,0,0,0,1,0
-0.10423310778964111,0,-0.5317320126932368,-0.1472743860700491,2,3,-0.043850704976529056,2,2,2,-0.26632578995707806,24624,1,11,3,4,0,0.2284961945501723,2,3,0.9926505621348808,12,11,9,-0.4109120860323835,1.6296080217678988,0.5320903195901912,0,1,0,1,0,0,0,0,1,0,0,0,0,0,0,0,0,1,0,0,1,0,1,0,0,1,0,0,0,1
-1.0991855003271243,0,1.4242796471607309,-0.8878445600368862,3,4,0.3990079414658235,3,2,3,-0.406924945582965,5242,1,11,3,1,0,-0.80819950294598,3,3,-0.3253544746389928,4,0,4,0.1795633045645745,-0.8549625644756657,0.037670111121429345,0,1,0,1,1,0,0,0,0,0,1,0,0,0,0,0,0,1,0,0,0,1,1,1,1,0,0,0,1,0
-0.6569844369771317,0,-0.2763844829531117,-0.2707027483978553,3,4,0.349801425194451,3,2,4,0.16840679923816448,7143,4,12,3,4,3,0.2284961945501723,3,3,0.004146784554475587,7,1,7,-0.19745064829553344,-0.4354896083566223,2.015350944996477,0,1,0,1,0,1,0,0,0,0,1,0,0,0,0,0,0,1,0,0,0,0,0,0,0,1,0,0,0,1
-0.5464341711396336,0,0.5342819464160231,-0.8878445600368862,4,1,0.3990079414658235,4,2,4,-0.2987573285214493,10557,7,16,3,3,0,-0.16026469201088478,0,2,0.004146784554475587,7,0,7,-0.2872443664983352,-0.8549625644756657,-0.4567500973473325,0,1,1,0,0,0,1,0,0,0,0,0,0,0,0,0,1,0,0,0,0,1,0,0,0,1,0,0,0,1
-0.9886352344896261,1,0.8788771564536676,-0.8878445600368862,4,1,0.8910731041795485,1,1,4,-0.5970150039891642,24737,5,13,3,4,0,-0.80819950294598,4,2,-0.6548557338324612,2,2,2,-0.06311445932047575,1.102577897413203,0.037670111121429345,0,1,1,0,0,0,1,0,0,0,1,0,0,0,0,0,1,0,0,0,1,0,1,1,1,0,0,1,0,0
-0.7675347028146299,0,1.1714112196510924,2.3212928604860745,2,4,-0.09305722124790157,3,2,4,-0.1637821391205978,11934,1,13,3,4,2,-0.030677729823865754,2,3,0.4983986733446782,8,1,9,-0.26390996612477263,-0.5613314951923353,2.015350944996477,0,1,1,0,0,0,1,0,0,0,0,0,0,0,0,0,1,0,0,0,1,0,0,0,0,1,0,0,0,1
-0.6569844369771317,0,-0.011120544291040072,-0.2707027483978553,2,3,-0.8803614815898617,2,3,3,0.43010869424314874,14034,1,24,4,1,1,-0.16026469201088478,2,3,0.4983986733446782,9,8,9,0.1780076778730036,1.4940859897909768,-0.4567500973473325,1,0,1,0,1,0,0,0,0,0,0,0,0,0,1,0,0,0,0,0,1,0,0,0,0,1,0,0,0,1
0.22741768972285326,0,-0.3234874253323581,-0.2707027483978553,2,3,-0.5851223839616266,2,5,4,2.366440265522864,21141,1,15,3,1,1,1.2651918920463245,2,3,2.3106555989087543,9,13,3,0.20602605312008707,0.9627535787068554,0.037670111121429345,1,0,1,0,0,0,1,0,0,0,1,0,0,1,0,0,0,0,0,0,1,0,0,0,0,0,1,0,0,1
0.22741768972285326,1,0.8912726676061008,-0.76441619770908,2,4,-1.2248070954894692,3,2,3,-0.26445113454873287,17778,4,18,3,1,0,0.09890923236315328,3,2,-0.9843569930259296,0,0,0,-0.3698122447432487,-0.8549625644756657,-0.4567500973473325,0,1,0,1,0,0,1,0,0,0,0,0,0,0,0,0,0,1,0,0,1,0,1,0,0,1,0,0,0,0
-0.4358839053021355,0,-0.7300601911321688,0.09958233858556324,3,2,-0.9787745141326066,2,2,4,-0.3686819752527237,4317,3,14,3,3,0,-0.2898516541979038,6,2,0.004146784554475587,7,0,1,-0.26962722661516125,-0.8549625644756657,0.037670111121429345,1,0,0,1,0,1,0,0,0,0,1,0,0,0,0,0,0,1,0,0,0,1,0,1,0,1,0,0,0,1
1.1118198164228383,0,1.6845853813618292,-0.5175594730534676,5,4,-1.1756005792180968,3,5,3,2.1842237598317142,16375,4,11,3,2,1,1.2651918920463245,2,3,-0.6548557338324612,2,1,1,0.15063890498064206,0.12380766646876869,0.5320903195901912,0,1,1,0,1,0,0,0,0,0,1,0,0,0,0,1,0,0,0,0,1,0,0,0,0,0,1,1,0,0
0.6696187530728458,0,-0.6036259773773496,0.09958233858556324,4,3,0.7926600716368035,2,2,3,-0.2608892892728771,6227,1,11,3,2,1,-0.2898516541979038,3,4,0.333648043747944,7,0,0,-0.19317548749950056,-0.8549625644756657,0.5320903195901912,1,0,1,0,1,0,0,0,0,0,0,0,1,0,0,0,0,0,0,0,0,0,0,0,0,1,0,0,0,1
-1.0991855003271243,0,-1.4688326558171907,-1.0112729223646924,1,3,0.349801425194451,3,2,2,-0.05617691868158565,22107,0,13,3,4,1,-0.6786125407589609,0,3,-0.3253544746389928,4,1,4,0.37409641673870175,-0.26770042590900495,0.5320903195901912,0,0,0,1,0,1,0,0,0,0,1,0,0,0,0,0,0,1,0,0,1,0,1,0,1,0,0,0,1,0
1.885671677285325,0,0.3111627456722245,1.333865961863625,4,4,-1.7168722582031943,3,2,3,-0.3336259191166693,16885,3,12,3,4,0,1.1356049298593056,4,2,-0.490105104235727,3,0,3,-0.6008228084415176,-0.8549625644756657,1.026510528058953,1,0,1,0,1,0,0,0,0,0,0,0,0,0,0,0,1,0,0,0,0,1,0,1,0,0,1,0,1,0
0.6696187530728458,0,0.49213720849775006,-0.2707027483978553,3,3,-1.1263940629467242,3,3,1,0.6254477877927144,9262,8,16,3,1,1,-0.16026469201088478,1,2,-0.9843569930259296,0,0,0,0.30269714038198897,-0.8549625644756657,-1.940010722753618,0,1,1,0,1,0,0,0,0,0,0,0,0,0,0,0,0,0,0,0,1,0,0,0,0,1,0,0,0,0
0.890719284747842,0,-0.6284169996822161,-0.1472743860700491,4,4,0.448214457737196,3,2,4,-0.5533355329747219,9278,9,14,3,1,2,0.09890923236315328,3,3,0.4983986733446782,9,9,8,-0.5234802403657266,1.7877170590743074,0.5320903195901912,0,1,1,0,0,0,0,1,0,0,1,0,0,0,0,0,1,0,0,0,1,0,0,1,0,1,0,0,0,1
0.33796795556035136,0,0.7970667828476081,-1.0112729223646924,2,2,-0.4375028351475091,1,2,4,0.15153490056305804,13273,2,22,4,3,3,-0.6786125407589609,2,2,-0.490105104235727,3,0,2,0.5950751826695329,-0.8549625644756657,0.037670111121429345,0,1,0,1,0,0,1,0,0,0,1,0,0,0,0,0,0,1,0,0,1,0,1,0,1,0,0,0,1,0
-0.8780849686521279,1,-1.2010896149246324,-0.1472743860700491,4,2,0.5466274902799411,1,1,1,-0.8491561564115881,4759,1,11,3,4,0,-0.5490255785719419,4,2,0.004146784554475587,7,0,7,-0.5299050355845769,-0.8549625644756657,-0.9511703058160944,0,1,1,0,0,0,0,1,0,0,1,0,1,0,0,0,0,0,0,0,1,0,1,1,1,0,0,0,0,1
-0.8780849686521279,0,-0.15986667812023914,-0.023846023742242928,5,2,-1.7660787744745667,2,1,4,-0.4997203882960504,7621,0,17,3,3,0,-0.937786465132999,2,3,-0.6548557338324612,2,2,2,0.29940639161135835,1.102577897413203,0.5320903195901912,0,1,1,0,0,0,0,1,0,0,1,0,1,0,0,0,0,0,0,0,0,1,0,1,1,0,0,1,0,0
-0.7675347028146299,0,-0.5763558528419964,-0.5175594730534676,3,4,-1.7660787744745667,2,2,3,-0.09948145861435884,5431,1,13,3,3,3,-0.16026469201088478,2,3,0.4983986733446782,9,1,2,-0.16004196856450467,-0.5613314951923353,1.026510528058953,0,1,0,1,0,1,0,0,0,0,0,0,0,0,0,0,0,1,0,0,0,0,0,0,0,1,0,0,0,1
-1.0991855003271243,0,0.811941396230528,-0.1472743860700491,4,2,-0.4867093514188816,3,2,2,-0.0814847666942453,3415,1,18,3,1,1,-0.41943861638492286,3,3,0.1688974141512098,7,0,7,0.03734312587750241,-0.8549625644756657,-1.4455905142848562,0,1,0,1,0,1,0,0,0,0,0,0,0,0,0,0,0,1,0,0,1,0,0,0,0,1,0,0,0,1
0.006317158047857013,0,0.9656457345207003,-0.5175594730534676,2,4,-0.2406767700620191,3,2,4,-0.05655184976325468,23177,7,16,3,3,2,-0.41943861638492286,2,2,-0.1606038450422586,2,0,4,0.057237197990860196,-0.8549625644756657,1.026510528058953,0,1,1,0,0,0,1,0,0,0,1,0,0,0,1,0,0,0,0,0,0,0,0,0,0,1,0,0,0,1
0.11686742388535513,0,-1.1391120591624662,0.7167241502245941,2,3,1.2847252343505287,2,3,4,0.9113327375653513,15682,0,14,3,2,1,0.09890923236315328,3,3,0.6631493029414124,10,2,9,0.2556294609959996,-0.32108789305142865,0.5320903195901912,0,1,1,0,1,0,0,0,0,0,1,0,0,0,0,1,0,0,0,0,0,0,1,0,0,1,0,0,0,1
-0.6569844369771317,0,1.0648098237401664,-0.2707027483978553,4,3,-1.3232201280322142,3,3,4,0.09267072074102002,25713,1,14,3,3,0,-0.030677729823865754,2,2,0.6631493029414124,9,4,10,-0.11509197213394036,0.21278677837280827,0.5320903195901912,0,1,1,0,0,0,1,0,0,0,0,0,0,0,1,0,0,0,0,0,0,1,1,0,0,1,0,0,0,1
-0.8780849686521279,0,-1.6324534030293096,0.09958233858556324,1,4,-1.3232201280322142,2,2,2,0.3035694541798505,11866,1,14,3,1,2,-0.5490255785719419,2,3,0.004146784554475587,7,1,7,0.521254143148287,-0.4354896083566223,-0.4567500973473325,0,1,0,1,0,1,0,0,0,0,0,0,0,0,0,0,0,1,0,0,0,0,1,0,1,0,0,0,0,1
-0.21478337362713923,0,1.223472366491312,-0.5175594730534676,4,3,-0.19147025379064658,3,3,2,0.27113791561547923,18264,0,13,3,4,0,0.7468440432982485,5,3,1.4869024509250834,6,0,13,-0.3223339549937225,-0.8549625644756657,0.5320903195901912,0,1,1,0,0,0,0,0,1,0,1,0,0,0,1,0,0,0,0,0,0,1,0,0,0,0,1,0,0,1
-1.5413865636771167,0,1.2557006954876386,2.074436135830462,1,3,0.841866587908176,3,1,4,-0.7019957068564932,16092,1,12,3,3,2,-0.937786465132999,2,2,-0.490105104235727,2,0,2,-0.02338614688958978,-0.8549625644756657,0.5320903195901912,0,1,1,0,1,0,0,0,0,0,1,0,0,0,0,0,1,0,0,0,0,0,0,1,1,0,0,0,1,0
0.4485182213978495,0,-0.7920377468943351,-0.3941311107256615,3,4,1.432344783164646,2,2,2,-0.1156034951261272,10110,6,15,3,4,0,-0.41943861638492286,3,3,-0.3253544746389928,4,1,2,0.01011965877501281,-0.26770042590900495,1.026510528058953,0,1,1,0,0,0,0,0,0,1,1,0,0,0,1,0,0,0,0,0,0,1,1,0,0,1,0,0,1,0
1.1118198164228383,0,1.2557006954876386,-0.6409878353812738,1,2,1.6291708482501361,3,2,3,-0.6884981879164079,25751,3,19,3,1,0,-0.80819950294598,3,3,-1.1491076226226637,0,0,0,-0.17990612477994752,-0.8549625644756657,-0.9511703058160944,1,0,0,1,0,0,1,0,0,0,1,0,0,0,0,0,0,0,1,0,0,1,0,1,1,0,0,0,0,0
0.5590684872353476,0,0.01862868247479974,1.7041510488470435,5,1,-1.0771875466753518,3,4,4,1.7515532915856515,15901,2,14,3,2,0,0.6172570811112295,2,3,-0.9843569930259296,0,0,0,0.30389377629858194,-0.8549625644756657,-0.4567500973473325,0,1,1,0,1,0,0,0,0,0,0,0,0,0,0,1,0,0,0,0,0,1,0,0,0,0,1,0,0,0
-0.8780849686521279,0,-0.14003386027634593,-0.8878445600368862,3,4,-0.2406767700620191,3,2,3,-0.37486833810026277,16928,1,14,3,1,1,-0.937786465132999,3,2,-0.490105104235727,3,0,2,0.4986462717240845,-0.8549625644756657,-0.4567500973473325,0,0,0,1,1,0,0,0,0,0,1,0,0,0,0,0,0,1,0,0,1,0,0,1,1,0,0,0,1,0
0.5590684872353476,0,-0.6408125108346494,-0.8878445600368862,1,3,-0.6835354165043717,3,1,3,-0.7409885393500725,24017,0,11,3,3,1,-0.937786465132999,5,3,-0.6548557338324612,2,1,0,-0.08561121455242315,0.12380766646876869,0.5320903195901912,0,1,0,0,0,0,0,0,1,0,1,1,0,0,0,0,0,0,0,0,0,0,1,1,1,0,0,1,0,0
-0.5464341711396336,0,0.6433624445574357,-0.8878445600368862,3,3,0.448214457737196,3,1,2,-0.8021023056621247,3956,1,13,3,3,1,-0.41943861638492286,4,3,0.1688974141512098,0,0,7,-0.5376404320454099,-0.8549625644756657,0.037670111121429345,0,1,1,0,0,0,1,0,0,0,0,0,1,0,0,0,0,0,0,0,1,0,0,1,0,1,0,0,0,1
1.2223700822603363,0,-0.6755199420614625,2.4447212228138806,1,1,1.235518718079156,3,3,3,1.0976734851548602,23978,3,21,4,2,1,0.4876701189242104,3,1,-1.1491076226226637,0,0,0,0.10537187773581162,-0.8549625644756657,-1.940010722753618,0,1,0,1,0,0,1,0,0,0,0,0,0,1,0,0,0,0,0,0,1,0,0,0,0,1,0,0,0,0
0.006317158047857013,0,1.280491717792505,-0.3941311107256615,3,3,-0.7327419327757442,4,2,1,-0.3518100765776173,17001,4,13,3,1,2,0.2284961945501723,2,3,0.004146784554475587,7,6,7,-0.4528863920297977,1.6618751722385943,-1.4455905142848562,0,1,1,0,0,0,1,0,0,0,1,0,0,0,0,0,1,0,0,0,0,0,1,1,0,1,0,0,0,1
-0.7675347028146299,0,-0.40033959447744427,1.9510077735026559,2,4,0.9402796204509211,3,2,3,-0.35855883604765987,6069,7,12,3,2,1,-0.937786465132999,2,4,-0.8196063634291954,2,2,2,0.5246731029099811,2.081348128357637,1.026510528058953,0,0,0,1,0,0,0,0,1,0,0,0,0,0,0,0,0,1,0,0,1,0,1,1,1,0,0,1,0,0
-1.2097357661646224,0,0.3235582568246578,-1.0112729223646924,3,3,-0.4375028351475091,3,2,3,-0.22039673245262162,20156,1,17,3,2,1,-0.41943861638492286,3,3,0.1688974141512098,7,7,7,-0.07349527589691954,1.7143092917534744,0.037670111121429345,0,1,0,1,1,0,0,0,0,0,1,0,0,0,0,0,0,1,0,0,1,0,0,0,0,1,0,0,0,1
0.5590684872353476,0,1.3127200467888316,-0.8878445600368862,4,1,1.5799643319787637,2,2,4,0.024808194958925247,17078,3,23,4,2,0,0.3580831567371914,6,3,-0.9843569930259296,0,0,0,-0.31254466873487186,-0.8549625644756657,-0.4567500973473325,0,1,1,0,0,0,0,1,0,0,1,0,0,0,0,0,0,0,0,0,0,1,0,0,0,1,0,0,0,0
-1.762487095352113,1,-0.11524283797147941,-1.0112729223646924,1,1,1.6291708482501361,2,1,2,-0.8388455516656897,9150,1,11,3,3,0,-1.0673734273200182,3,3,-0.6548557338324612,2,1,2,-0.02498166144504709,0.12380766646876869,-0.9511703058160944,1,0,0,1,0,0,0,0,1,0,0,0,0,0,0,0,0,0,1,0,0,1,1,1,1,0,0,1,0,0
-0.10423310778964111,0,0.10539726054183252,-1.0112729223646924,5,4,-1.0279810304039791,3,2,4,0.0008126057321072041,15276,4,15,3,2,0,-0.5490255785719419,6,3,-0.1606038450422586,0,0,0,0.24517314239148508,-0.8549625644756657,1.026510528058953,0,0,0,1,0,0,1,0,0,0,0,0,0,0,0,0,0,1,0,0,0,1,0,0,1,0,0,0,0,1
-0.10423310778964111,0,-0.6482498175261093,-0.76441619770908,4,1,-0.8803614815898617,2,3,4,0.5718326431140428,7246,4,11,3,1,1,0.6172570811112295,2,3,0.9926505621348808,9,1,12,-0.16675808764638256,-0.6290925111807961,-0.9511703058160944,1,0,0,1,0,0,1,0,0,0,1,0,0,0,0,0,0,1,0,0,1,0,0,0,0,0,1,0,0,1
2.2173224747978195,0,-0.5193365015408035,-1.0112729223646924,4,4,1.0878991692650386,3,2,3,0.019934090897227832,2967,2,11,3,3,0,0.4876701189242104,2,3,-0.6548557338324612,2,1,2,-0.35325878123037957,0.12380766646876869,1.026510528058953,0,1,1,0,0,0,1,0,0,0,1,0,0,0,0,0,0,0,0,0,1,0,0,0,0,1,0,1,0,0
0.33796795556035136,0,0.9135845876804807,0.09958233858556324,4,4,-0.9787745141326066,4,1,3,-0.8315343955731437,22495,3,13,3,3,1,-0.16026469201088478,3,3,0.004146784554475587,7,1,7,-0.6273282939940515,-0.4354896083566223,1.026510528058953,0,1,1,0,1,0,0,0,0,0,0,0,1,0,0,0,0,0,0,0,1,0,1,1,0,1,0,0,0,1
-1.762487095352113,0,0.22935237206616507,-0.023846023742242928,2,1,-1.3232201280322142,3,1,4,-0.7571105758618408,2851,1,24,4,3,0,-1.0673734273200182,3,2,-0.6548557338324612,2,2,2,0.14892942509979495,1.102577897413203,-0.4567500973473325,0,0,0,1,0,0,1,0,0,0,1,0,0,0,0,0,0,0,1,0,0,1,0,1,1,0,0,1,0,0
-0.4358839053021355,1,-1.1217583435490597,-0.5175594730534676,3,4,-1.5692527093890767,3,1,3,-0.7119313805207225,9150,1,13,3,2,0,-1.3265473516940562,2,3,-0.9843569930259296,0,0,0,2.5194651758704283,-0.8549625644756657,0.5320903195901912,0,1,0,1,0,1,0,0,0,0,0,0,0,0,0,0,0,0,1,0,0,1,1,1,0,0,0,0,0,0
0.006317158047857013,0,0.293809030058818,0.09958233858556324,3,3,1.5799643319787637,3,1,1,-0.5992645904791783,17663,6,20,4,2,1,0.7468440432982485,3,3,-0.3253544746389928,4,0,3,-0.6491563409196676,-0.8549625644756657,-0.9511703058160944,0,1,1,0,0,0,1,0,0,0,0,0,1,0,0,0,0,0,0,0,1,0,0,1,0,0,1,0,1,0
1.0012695505853402,0,0.8466488274573412,-0.2707027483978553,4,3,-1.7660787744745667,3,2,3,-0.25657758183368323,16044,2,14,3,3,0,-0.5490255785719419,2,4,-0.9843569930259296,0,0,0,0.010461554751182281,-0.8549625644756657,1.026510528058953,0,0,1,0,0,0,1,0,0,0,0,0,0,0,1,0,0,0,0,0,1,0,0,0,1,0,0,0,0,0
0.4485182213978495,1,-1.6349325052597965,-0.6409878353812738,3,1,-0.4867093514188816,3,2,2,0.5073444970669694,9558,1,18,3,3,0,-0.41943861638492286,5,3,0.1688974141512098,7,7,7,0.5071723026298093,1.7143092917534744,-0.9511703058160944,1,0,0,1,0,1,0,0,0,0,1,0,0,0,0,0,0,1,0,0,0,1,0,0,0,1,0,0,0,1
1.4434706139353326,0,0.6036968088696494,0.09958233858556324,3,4,1.6783773645215088,2,3,4,0.7212426791591521,2755,6,15,3,4,0,0.2284961945501723,2,3,-0.490105104235727,3,1,3,0.07400160693774409,-0.12088489126733984,2.015350944996477,0,1,1,0,0,0,0,0,1,0,1,0,0,0,0,0,0,0,0,0,0,1,0,0,0,1,0,0,1,0
0.33796795556035136,1,-0.5639603416895632,1.5807226865192374,2,3,0.10376884383758846,2,2,3,-0.05036548691571565,6110,2,12,3,1,2,-0.41943861638492286,6,3,-0.1606038450422586,4,1,0,0.06217332114680611,-0.36557744900344846,-0.4567500973473325,0,1,0,1,0,1,0,0,0,0,1,0,0,0,0,0,0,1,0,0,1,0,1,0,0,1,0,0,0,1
-0.6569844369771317,0,-0.977970414180834,-0.023846023742242928,4,3,-1.1756005792180968,2,1,2,-0.7368642974517131,7551,0,16,3,4,0,-1.0673734273200182,5,3,-0.8196063634291954,2,2,2,0.19200831809714114,2.081348128357637,0.5320903195901912,0,1,1,0,1,0,0,0,0,0,1,0,0,0,0,0,1,0,0,0,0,1,1,1,1,0,0,1,0,0
-1.762487095352113,1,-1.60270417626347,0.3464390632411756,3,3,1.1863122018077836,4,1,2,-0.7372392285333821,25422,1,15,3,4,0,-1.3265473516940562,0,3,-0.9843569930259296,0,0,0,2.35791932713038,-0.8549625644756657,0.5320903195901912,0,1,0,1,1,0,0,0,0,0,0,0,0,0,0,0,0,0,1,0,0,1,0,1,0,0,0,0,0,0
-0.8780849686521279,0,1.1912440374949855,1.7041510488470435,3,4,-0.5851223839616266,3,1,4,-0.8337839820631578,18168,9,16,3,4,0,-0.6786125407589609,4,3,-0.6548557338324612,2,1,2,-0.45317788026589084,0.12380766646876869,2.015350944996477,0,1,1,0,1,0,0,0,0,0,1,0,0,0,0,0,1,0,0,0,0,1,0,1,1,0,0,1,0,0
-0.21478337362713923,0,-0.11772194020196607,-0.023846023742242928,4,3,1.5307578157073911,2,2,2,-0.0203710003821931,19394,9,19,3,3,0,-0.16026469201088478,5,3,-0.1606038450422586,1,0,0,-0.10954393288428214,-0.8549625644756657,0.037670111121429345,0,1,1,0,1,0,0,0,0,0,1,0,0,0,0,0,0,0,0,0,0,1,0,0,0,1,0,0,0,1
-1.0991855003271243,0,1.6523570523655027,-1.0112729223646924,2,4,0.7926600716368035,3,1,2,-0.7458626434117699,17881,1,11,3,2,1,-0.80819950294598,2,3,-0.3253544746389928,2,0,4,-0.25314024287543613,-0.8549625644756657,0.037670111121429345,0,1,1,0,0,0,1,0,0,0,1,0,1,0,0,0,0,0,0,0,0,0,0,1,1,0,0,0,1,0
-0.9886352344896261,0,-1.2357970461514456,-0.023846023742242928,4,2,1.2847252343505287,3,2,4,-0.22039673245262162,20750,1,16,3,4,0,-0.5490255785719419,1,3,0.004146784554475587,5,0,7,0.04345451645153073,-0.8549625644756657,1.026510528058953,0,1,0,1,1,0,0,0,0,0,1,0,0,0,0,0,0,1,0,0,0,1,0,0,1,0,0,0,0,1
1.3329203480978344,0,1.1367037884242792,-0.2707027483978553,3,2,-1.7168722582031943,2,3,3,0.80916401781054,12066,8,24,4,3,0,1.9131267029814198,2,3,-0.3253544746389928,2,0,0,-0.38748563674215997,-0.8549625644756657,0.037670111121429345,0,1,1,0,0,0,0,1,0,0,1,0,0,0,0,0,0,0,0,0,0,1,0,0,0,0,1,0,1,0
1.5540208797728308,0,0.9309383032938873,0.5932957878967879,2,3,1.038692652993666,3,2,4,-0.3210657278807567,14862,4,11,3,3,1,0.8764310054852675,2,2,0.004146784554475587,7,0,7,-0.5639996620970268,-0.8549625644756657,0.5320903195901912,0,1,0,1,1,0,0,0,0,0,0,0,0,0,0,0,0,1,0,0,1,0,0,1,0,0,1,0,0,1
-0.10423310778964111,0,-1.1738194903892794,-0.8878445600368862,3,4,1.4815512994360187,3,1,3,-0.7368642974517131,11868,4,13,3,2,1,-0.6786125407589609,3,3,-0.8196063634291954,2,2,2,-0.350067752119465,2.081348128357637,0.5320903195901912,0,1,1,0,1,0,0,0,0,0,0,0,0,0,0,0,1,0,0,0,1,0,0,1,1,0,0,1,0,0
-0.32533363946463734,1,1.387093113703431,1.2104375995358188,3,1,0.05456232756621595,4,2,4,-0.22039673245262162,4652,8,13,3,2,0,-0.2898516541979038,3,2,-0.3253544746389928,2,0,4,-0.16445622550126976,-0.8549625644756657,-0.9511703058160944,0,0,0,1,0,1,0,0,0,0,1,0,0,0,0,0,0,1,0,0,0,1,1,0,0,1,0,0,1,0
1.9962219431228232,0,1.260658899948612,-0.8878445600368862,3,3,1.5307578157073911,3,4,4,1.8765928073222737,23258,2,13,3,3,0,2.431474551729496,2,3,-0.3253544746389928,4,1,2,-0.22765189785200632,-0.26770042590900495,1.026510528058953,0,1,1,0,1,0,0,0,0,0,0,0,0,1,0,0,0,0,0,0,0,1,1,0,0,0,1,0,1,0
-1.4308362978396185,0,1.4094050337778108,0.09958233858556324,4,4,0.5466274902799411,3,2,3,-0.4477924334848895,5915,1,12,3,4,1,-0.6786125407589609,2,4,-0.3253544746389928,2,0,3,-0.042532321555076975,-0.8549625644756657,2.015350944996477,0,1,0,1,0,1,0,0,0,0,0,0,0,0,0,0,0,1,0,0,0,0,1,1,1,0,0,0,1,0
-0.7675347028146299,0,-1.488665473661084,-0.8878445600368862,1,3,0.3005949089230785,3,1,2,-0.782230958333666,17434,1,18,3,1,1,-1.3265473516940562,3,3,-0.9843569930259296,0,0,0,2.070726707148072,-0.8549625644756657,-0.9511703058160944,0,1,0,1,0,0,0,0,1,0,1,0,0,0,0,0,0,0,1,0,1,0,0,1,0,0,0,0,0,0
-1.2097357661646224,1,-0.5639603416895632,-0.76441619770908,1,3,0.349801425194451,3,1,1,-0.664877529771259,6582,0,22,4,3,0,-0.5490255785719419,2,3,-0.1606038450422586,4,0,4,-0.3618631632973098,-0.8549625644756657,-0.4567500973473325,1,0,1,0,0,0,0,0,1,0,1,0,0,0,0,0,1,0,0,0,0,1,0,1,1,0,0,0,0,1
-1.6519368295146148,0,-1.3622312599062647,0.22301070091336941,3,1,-1.1263940629467242,3,1,2,-0.8257229638072736,24440,1,13,3,4,1,-1.196960389507037,1,3,-0.8196063634291954,1,1,2,0.45048167608121825,0.6131927819409859,-0.4567500973473325,0,1,1,0,0,0,1,0,0,0,0,0,0,0,0,0,1,0,0,0,1,0,0,1,0,0,0,1,0,0
-0.10423310778964111,0,-1.5828713584195768,-0.8878445600368862,2,2,-0.2406767700620191,2,3,3,0.17759261073905575,3809,1,13,3,2,2,-0.16026469201088478,2,3,0.333648043747944,9,9,0,0.016820819907933354,2.081348128357637,-0.4567500973473325,0,1,0,1,0,0,1,0,0,0,1,0,0,0,0,0,0,1,0,0,1,0,0,0,0,1,0,0,0,1
-0.6569844369771317,1,-0.8391406892735814,-0.6409878353812738,3,3,-1.2740136117608418,3,1,4,-0.8180368766330585,3427,9,23,4,3,0,-1.0673734273200182,4,3,-0.9843569930259296,0,0,0,0.019293867468892043,-0.8549625644756657,1.026510528058953,1,0,1,0,0,0,0,0,1,0,1,0,0,0,0,0,1,0,0,0,0,1,1,1,1,0,0,0,0,0
0.006317158047857013,0,0.754922044929335,0.5932957878967879,3,4,1.432344783164646,3,1,1,-0.6776251865480061,26914,1,12,3,3,1,0.8764310054852675,2,2,1.816403710118552,7,12,17,-0.6904441906170151,1.102577897413203,-0.4567500973473325,0,1,1,0,1,0,0,0,0,0,0,0,1,0,0,0,0,0,0,0,0,0,0,1,0,0,1,0,0,1
0.33796795556035136,0,-0.10780553128001946,-0.8878445600368862,2,4,-0.9787745141326066,3,2,2,-0.17503007157066877,22553,7,12,3,3,2,-0.41943861638492286,5,3,-0.3253544746389928,4,1,3,-0.037297039419982816,-0.26770042590900495,0.5320903195901912,0,1,0,1,0,1,0,0,0,0,0,0,0,0,0,0,0,1,0,0,0,0,0,0,0,1,0,0,1,0
0.5590684872353476,0,-1.4911445758915707,-1.0112729223646924,4,2,1.432344783164646,3,1,1,-0.7634844042502144,20490,3,16,3,2,1,-0.41943861638492286,5,3,-0.3253544746389928,2,1,2,-0.5068270571931414,-0.26770042590900495,-1.4455905142848562,0,1,1,0,1,0,0,0,0,0,0,0,1,0,0,0,0,0,0,0,0,0,0,1,0,1,0,0,1,0
0.006317158047857013,0,1.2457842865656918,0.09958233858556324,4,3,-0.8311549653184892,3,2,2,-0.459602762557464,21123,2,12,3,4,0,0.8764310054852675,2,2,-0.9843569930259296,0,0,1,-0.6131282144504818,-0.8549625644756657,0.037670111121429345,0,1,1,0,1,0,0,0,0,0,1,0,0,0,1,0,0,0,0,0,0,1,1,1,0,0,1,0,0,0
0.6696187530728458,0,0.44503426611850366,0.3464390632411756,3,1,-0.3390898026047641,2,4,2,1.4411103559636933,4345,1,11,3,3,1,1.7835397407944007,3,3,2.9696581172956913,10,3,9,-0.2059449223250101,-0.5026052813356693,-0.9511703058160944,0,1,1,0,1,0,0,0,0,0,1,0,0,0,0,1,0,0,0,0,0,0,0,0,0,0,1,0,0,1
0.33796795556035136,0,-0.6135423862992962,-0.8878445600368862,3,2,0.5958340065513135,2,2,3,-0.6000144526425164,13436,6,22,4,2,1,1.1356049298593056,3,3,-0.9843569930259296,0,0,0,-0.6858437903154467,-0.8549625644756657,-0.4567500973473325,0,1,1,0,0,0,1,0,0,0,0,0,1,0,0,0,0,0,0,0,1,0,0,1,0,0,1,0,0,0
1.885671677285325,0,0.0458988070101529,-0.5175594730534676,2,1,0.9894861367222936,3,5,1,2.391560647994689,8509,4,11,3,3,1,1.6539527786073818,4,2,-0.490105104235727,2,1,2,0.07543603588904468,-0.12088489126733984,-1.940010722753618,0,1,1,0,0,0,1,0,0,0,1,0,0,0,0,1,0,0,0,0,1,0,0,0,0,0,1,0,1,0
-0.32533363946463734,0,1.4341960560826774,-0.6409878353812738,4,3,0.3005949089230785,3,2,3,-0.02074593146386213,12740,9,15,3,1,1,-0.6786125407589609,3,3,-0.6548557338324612,2,1,2,0.41179044811137966,0.12380766646876869,-0.4567500973473325,0,0,0,1,0,1,0,0,0,0,0,0,0,0,0,0,0,1,0,0,1,0,0,0,1,0,0,1,0,0
-0.6569844369771317,0,-0.7994750535857951,-0.2707027483978553,2,2,-1.7168722582031943,3,2,1,-0.43916901860650176,4156,1,12,3,2,1,-0.16026469201088478,5,1,0.4983986733446782,10,3,10,-0.3768723966511471,0.025930643374325275,-2.43443093122238,0,1,1,0,0,0,1,0,0,0,0,0,0,0,1,0,0,0,0,0,1,0,0,1,0,1,0,0,0,1
0.6696187530728458,0,-1.2134851260770658,1.4572943241914311,3,4,-0.2406767700620191,3,1,4,-0.8230984462355905,15238,7,20,4,1,1,-0.41943861638492286,1,3,-0.6548557338324612,2,1,2,-0.5543933348777111,0.12380766646876869,0.5320903195901912,1,0,1,0,0,0,1,0,0,0,1,0,1,0,0,0,0,0,0,0,1,0,0,1,0,1,0,1,0,0
0.6696187530728458,0,1.6622734612874492,-0.1472743860700491,4,3,0.3990079414658235,3,2,3,-0.39867646178624633,2227,4,14,3,4,0,-0.41943861638492286,3,3,-0.3253544746389928,2,0,2,-0.21574537048190642,-0.8549625644756657,1.026510528058953,0,1,1,0,0,0,0,1,0,0,0,0,0,0,0,0,0,0,0,0,0,0,1,1,0,1,0,0,1,0
-1.3202860320021204,0,0.21943596314421845,-0.6409878353812738,2,2,1.6291708482501361,2,2,4,-0.40523775571545434,12090,1,11,3,2,0,-0.80819950294598,3,3,-0.3253544746389928,4,1,3,0.18171724921444174,-0.26770042590900495,0.037670111121429345,0,1,0,1,1,0,0,0,0,0,0,0,0,0,0,0,0,1,0,0,0,1,1,1,1,0,0,0,1,0
0.006317158047857013,0,0.6458415467879224,1.9510077735026559,5,2,0.3005949089230785,3,2,3,-0.412361446267166,23866,3,15,3,1,2,0.4876701189242104,2,3,0.9926505621348808,11,10,7,-0.5372216094746023,1.4037379684730291,-0.9511703058160944,0,0,1,0,0,0,1,0,0,0,0,0,0,0,0,0,1,0,0,0,1,0,1,1,0,1,0,0,0,1
-0.6569844369771317,0,-1.1738194903892794,-1.0112729223646924,2,4,1.5799643319787637,2,1,1,-0.830597067868971,16193,1,12,3,3,1,-0.937786465132999,3,3,-0.490105104235727,2,3,2,-0.22860920658528064,1.3472704551493118,0.037670111121429345,0,1,1,0,1,0,0,0,0,0,1,0,1,0,0,0,0,0,0,0,1,0,0,1,1,0,0,0,1,0
0.22741768972285326,0,1.0301023925133532,-1.0112729223646924,1,2,-0.6835354165043717,3,5,3,2.352380349960275,8213,1,14,3,3,1,1.2651918920463245,3,3,2.3106555989087543,8,1,6,0.2017523534179694,-0.7151382457693178,0.037670111121429345,1,0,1,0,1,0,0,0,0,0,1,0,0,1,0,0,0,0,0,0,0,0,1,0,0,0,1,0,0,1
2.1067722089603214,0,0.2566224966015182,-0.3941311107256615,3,3,0.9894861367222936,4,4,1,1.2303990880656974,18256,9,11,3,4,3,3.20899632485161,0,2,0.004146784554475587,7,7,7,-0.45297844094645867,2.081348128357637,-0.4567500973473325,1,0,0,1,1,0,0,0,0,0,0,0,0,0,0,0,0,1,0,0,1,0,0,0,0,0,1,0,0,1
-0.7675347028146299,0,0.6929444891671688,0.3464390632411756,3,2,0.841866587908176,3,2,3,-0.013434775371316009,19558,0,11,3,2,0,-0.6786125407589609,6,3,-0.3253544746389928,4,4,4,0.4195685815692338,1.4940859897909768,-0.4567500973473325,0,1,0,1,0,0,0,0,1,0,0,0,0,0,0,0,0,1,0,0,0,1,0,0,1,0,0,0,1,0
0.4485182213978495,0,-0.39042318555549765,-1.0112729223646924,3,2,-0.8311549653184892,4,3,1,0.3268151812433305,19566,1,16,3,3,1,-0.16026469201088478,2,3,0.4983986733446782,7,0,7,0.11207303886873217,-0.8549625644756657,-0.9511703058160944,0,1,0,1,0,1,0,0,0,0,1,0,0,0,0,0,0,1,0,0,1,0,0,0,0,1,0,0,0,1
-0.10423310778964111,0,1.2333887754132586,0.9635808748802065,2,3,0.645040522822686,3,2,1,-0.3919277023162037,13535,1,12,3,4,1,-0.16026469201088478,2,3,0.4983986733446782,0,1,8,-0.34671717155300474,-0.5613314951923353,0.037670111121429345,0,1,1,0,0,0,1,0,0,0,1,0,1,0,0,0,0,0,0,0,0,0,0,1,0,1,0,0,0,1
-1.3202860320021204,1,-0.28382178964457166,-0.76441619770908,3,1,1.235518718079156,3,1,1,-0.49072204233599365,9396,5,13,3,3,1,-0.6786125407589609,5,3,-0.8196063634291954,2,0,2,-0.08820392570504117,-0.8549625644756657,-1.4455905142848562,0,1,1,0,0,0,1,0,0,0,1,0,1,0,0,0,0,0,0,0,1,0,0,1,1,0,0,1,0,0
1.664571145610329,0,-1.1986105126941458,-0.76441619770908,3,4,-1.3232201280322142,2,3,3,0.2475172574703302,19609,2,14,3,3,0,2.1723006273554577,4,3,-0.3253544746389928,4,0,4,-0.5515726930743136,-0.8549625644756657,1.026510528058953,0,1,1,0,0,0,1,0,0,0,1,0,0,0,1,0,0,0,0,0,1,0,1,0,0,0,1,0,1,0
0.890719284747842,0,-1.5134564959659504,0.09958233858556324,2,1,0.15297536010896096,3,1,4,-0.7488620920651221,9655,3,21,4,4,2,-0.41943861638492286,3,2,-0.8196063634291954,2,0,2,-0.49515985700636017,-0.8549625644756657,0.037670111121429345,0,1,1,0,1,0,0,0,0,0,1,0,0,0,0,0,1,0,0,0,1,0,0,1,0,1,0,1,0,0
1.664571145610329,0,1.7044181992057224,-0.6409878353812738,2,4,-1.7660787744745667,3,4,4,1.857096391075484,10310,2,13,3,4,0,2.561061513916515,2,1,-0.3253544746389928,2,1,4,-0.25310164171683636,-0.26770042590900495,1.026510528058953,0,1,1,0,1,0,0,0,0,0,0,0,0,1,0,0,0,0,0,0,1,0,0,0,0,0,1,0,1,0
0.5590684872353476,0,-0.6705617376004892,2.4447212228138806,2,1,1.2847252343505287,3,2,3,-0.39230263339787275,12932,2,11,3,2,1,1.0060179676722865,3,3,-0.3253544746389928,4,0,2,-0.605203125704625,-0.8549625644756657,-0.9511703058160944,1,0,1,0,1,0,0,0,0,0,0,0,0,0,0,0,1,0,0,0,0,0,0,1,0,0,1,0,1,0
-0.7675347028146299,0,-1.203568717155119,-0.8878445600368862,3,3,-1.1263940629467242,1,2,4,-0.10454302821689077,24793,2,20,4,3,0,-0.030677729823865754,2,3,-0.1606038450422586,4,0,2,-0.22953387979355697,-0.8549625644756657,1.026510528058953,0,1,1,0,1,0,0,0,0,0,0,0,0,0,1,0,0,0,0,0,0,1,0,0,0,1,0,0,0,1
2.548973272310314,0,-0.9432629829540208,-0.2707027483978553,3,1,-1.2248070954894692,3,5,1,2.421555134528212,3854,5,11,3,4,0,2.820235438290553,5,1,3.628660635682628,8,11,10,-0.18264750887977874,0.25881045694386307,-1.940010722753618,0,1,1,0,1,0,0,0,0,0,0,0,0,1,0,0,0,0,0,0,1,0,0,0,0,0,1,0,0,1
1.0012695505853402,0,1.6920226880532891,1.0870092372080127,3,3,1.038692652993666,3,2,3,-0.34468638602590573,26314,2,14,3,3,1,1.0060179676722865,5,2,0.4983986733446782,7,0,8,-0.5892059929249087,-0.8549625644756657,0.037670111121429345,0,1,1,0,0,0,1,0,0,0,0,0,0,0,1,0,0,0,0,0,0,0,0,1,0,0,1,0,0,1
0.5590684872353476,0,1.4019677270863509,2.3212928604860745,4,4,1.0878991692650386,2,2,4,-0.3984889962454118,4386,0,11,3,4,3,-0.5490255785719419,4,4,-0.1606038450422586,5,0,4,-0.11894607222894107,-0.8549625644756657,2.5097711534652385,1,0,1,0,0,0,0,0,1,0,0,0,0,0,0,0,0,0,0,0,1,0,0,1,1,0,0,0,0,1
-1.4308362978396185,1,1.600295905525283,-1.0112729223646924,1,1,-0.19147025379064658,3,1,2,-0.6461309756878074,21972,1,16,3,2,0,-0.6786125407589609,4,3,-0.3253544746389928,3,1,4,-0.25353912151430047,-0.26770042590900495,-1.4455905142848562,0,1,0,1,0,0,0,0,1,0,0,0,0,0,0,0,0,0,1,0,0,1,1,1,1,0,0,0,1,0
-0.32533363946463734,1,-1.2556298639953387,-0.3941311107256615,2,4,-1.6184592256604493,1,1,3,-0.8056641509379805,12253,0,16,3,4,1,-1.0673734273200182,3,2,-0.8196063634291954,2,1,0,0.04561985763393694,0.6131927819409859,1.026510528058953,1,0,0,1,0,1,0,0,0,0,0,0,0,0,0,0,0,0,1,0,0,0,0,1,1,0,0,1,0,0
0.11686742388535513,0,1.7044181992057224,-0.8878445600368862,2,4,-1.1756005792180968,3,1,4,-0.7458626434117699,12106,1,23,4,3,1,-1.3265473516940562,3,3,-0.9843569930259296,0,0,0,2.302874074967104,-0.8549625644756657,1.520930736527715,1,0,1,0,1,0,0,0,0,0,1,0,1,0,0,0,0,0,0,0,1,0,1,1,0,0,0,0,0,0
0.33796795556035136,0,1.4763407940009505,-0.8878445600368862,4,3,0.645040522822686,3,5,3,2.1356701847555746,13022,0,14,3,4,0,1.2651918920463245,2,3,2.1459049693120202,15,1,12,0.1358803953426623,-0.7081470298340005,1.026510528058953,0,1,0,1,1,0,0,0,0,0,0,0,0,1,0,0,0,0,0,0,1,0,0,0,0,0,1,0,0,1
-1.2097357661646224,0,1.3548647847071045,1.7041510488470435,3,1,1.1863122018077836,3,1,4,-0.7053700865915145,3032,1,22,4,2,2,-1.0673734273200182,3,1,-0.6548557338324612,2,0,2,0.25901992942634633,-0.8549625644756657,-1.4455905142848562,0,1,1,0,1,0,0,0,0,0,0,0,0,0,0,0,1,0,0,0,0,0,0,1,1,0,0,1,0,0
-0.7675347028146299,0,1.4812989984619238,-0.76441619770908,3,3,-0.6343289002329991,3,1,4,-0.8532803983099475,16734,4,15,3,3,1,-0.2898516541979038,3,1,-0.3253544746389928,3,1,4,-0.6133276537699139,-0.26770042590900495,0.037670111121429345,0,0,1,0,1,0,0,0,0,0,1,0,1,0,0,0,0,0,0,0,1,0,0,1,0,1,0,0,1,0
-0.8780849686521279,0,0.4549506750404503,-0.76441619770908,4,2,1.333931750621901,2,3,3,0.9910055924200205,21526,1,18,3,3,0,-0.16026469201088478,2,3,0.4983986733446782,2,0,7,0.5360411441176142,-0.8549625644756657,0.037670111121429345,0,1,1,0,0,0,1,0,0,0,1,0,0,0,0,1,0,0,0,0,1,0,0,0,0,1,0,0,0,1
-0.8780849686521279,1,-0.977970414180834,1.9510077735026559,5,3,0.251388392651706,2,1,2,-0.7691083704752498,18300,5,16,3,2,0,-0.6786125407589609,2,4,-0.8196063634291954,2,1,1,-0.3843713150617963,0.6131927819409859,0.037670111121429345,0,1,1,0,0,0,0,0,1,0,0,0,0,0,0,0,1,0,0,0,1,0,0,1,1,0,0,1,0,0
-0.6569844369771317,1,-0.7771631335114152,-0.8878445600368862,2,1,-0.6835354165043717,2,1,4,-0.7657339907402285,18437,1,12,3,3,0,-1.3265473516940562,3,4,-0.9843569930259296,0,0,0,2.1760306678082517,-0.8549625644756657,0.5320903195901912,0,1,0,0,0,0,0,0,1,0,1,1,0,0,0,0,0,0,0,0,0,1,0,1,0,0,0,0,0,0
-0.7675347028146299,0,1.4763407940009505,1.5807226865192374,4,3,0.15297536010896096,3,3,1,0.33056449206002075,2890,0,11,3,3,0,-0.16026469201088478,3,3,0.333648043747944,8,7,8,0.11446631070191807,1.428834641061348,-0.4567500973473325,0,0,0,1,0,0,0,1,0,0,0,0,0,0,0,0,0,1,0,0,1,0,0,0,0,1,0,0,0,1
2.2173224747978195,0,-1.4688326558171907,2.4447212228138806,3,1,-0.4867093514188816,2,4,4,1.400242868061769,22102,3,12,3,3,1,2.690648476103534,3,2,-0.9843569930259296,0,0,0,-0.3642030138842192,-0.8549625644756657,-0.4567500973473325,0,1,0,1,0,1,0,0,0,0,1,0,0,1,0,0,0,0,0,0,0,0,0,0,0,0,1,0,0,0
1.4434706139353326,0,0.7350892270854419,2.4447212228138806,4,2,1.0878991692650386,2,4,3,1.9491419716252314,9314,0,15,3,2,1,2.1723006273554577,2,3,3.29915937648916,10,15,7,-0.16364897111309187,0.7763211537650584,-0.4567500973473325,0,1,1,0,1,0,0,0,0,0,1,0,0,1,0,0,0,0,0,0,1,0,0,0,0,0,1,0,0,1
-0.7675347028146299,0,0.7772339650037149,-0.8878445600368862,3,3,-0.8311549653184892,3,1,4,-0.7657339907402285,7181,0,14,3,3,0,0.09890923236315328,2,2,0.6631493029414124,7,6,7,-0.6364626148240443,0.7466614497970451,0.5320903195901912,0,0,1,0,0,0,1,0,0,0,0,0,1,0,0,0,0,0,0,0,0,1,0,1,0,1,0,0,0,1
2.548973272310314,0,1.7267301192801021,2.3212928604860745,3,3,0.6942470390940585,2,3,1,0.4859734254118345,2845,4,19,3,4,0,1.3947788542333437,5,4,1.816403710118552,13,13,11,-0.389502344825369,1.2657062692372754,0.5320903195901912,1,0,0,1,0,1,0,0,0,0,0,0,0,0,0,0,0,1,0,0,1,0,0,0,0,0,1,0,0,1
1.1118198164228383,0,0.44751336834899036,-0.8878445600368862,2,1,-0.043850704976529056,3,2,4,-0.2959453454089316,7389,5,13,3,3,3,1.1356049298593056,2,3,-0.3253544746389928,0,0,4,-0.5887966174797584,-0.8549625644756657,0.037670111121429345,0,1,1,0,0,0,1,0,0,0,0,0,0,0,1,0,0,0,0,0,0,0,0,0,0,0,1,0,1,0
1.0012695505853402,0,0.5119700263416432,-0.8878445600368862,3,1,-0.7327419327757442,3,4,3,2.1019263874053618,2288,6,13,3,3,0,1.9131267029814198,2,1,1.157401191731615,2,0,1,-0.07010097209504532,-0.8549625644756657,-1.4455905142848562,0,1,1,0,1,0,0,0,0,0,1,0,0,0,0,1,0,0,0,0,1,0,0,0,0,0,1,0,0,1
-0.21478337362713923,0,-1.6324534030293096,1.5807226865192374,3,4,-0.9787745141326066,1,1,3,-0.453416399709925,19225,0,15,3,3,0,-0.6786125407589609,2,3,-0.3253544746389928,4,4,3,-0.04851550113804172,1.4940859897909768,1.026510528058953,0,1,1,0,1,0,0,0,0,0,1,0,1,0,0,0,0,0,0,0,0,1,0,1,1,0,0,0,1,0
1.885671677285325,0,-0.6308961019127028,-0.1472743860700491,4,3,-1.1756005792180968,3,2,3,-0.5377758930854571,23428,7,11,3,3,0,1.0060179676722865,3,3,-0.9843569930259296,0,0,0,-0.6540762557717896,-0.8549625644756657,0.5320903195901912,0,1,1,0,1,0,0,0,0,0,0,0,1,0,0,0,0,0,0,0,0,1,0,1,0,0,1,0,0,0
-0.32533363946463734,0,1.2408260821047186,-0.8878445600368862,4,4,-0.19147025379064658,2,1,3,-0.7274910204099873,8416,3,12,3,3,1,0.3580831567371914,3,3,0.004146784554475587,3,5,7,-0.6555518068268364,1.242402216119551,1.026510528058953,0,1,1,0,1,0,0,0,0,0,1,0,0,0,0,0,1,0,0,0,0,0,0,1,0,1,0,0,0,1
1.0012695505853402,0,0.7995458850780948,0.09958233858556324,3,3,1.3831382668932737,2,3,4,0.4541042834699668,11563,2,19,3,3,1,0.4876701189242104,3,3,-0.6548557338324612,2,1,2,-0.1684981957084281,0.12380766646876869,1.026510528058953,0,1,0,1,0,1,0,0,0,0,0,0,0,0,0,0,0,1,0,0,1,0,1,0,0,1,0,1,0,0
-0.6569844369771317,0,1.1689321174206058,-0.023846023742242928,1,3,-1.6184592256604493,3,3,2,0.7497374413659985,14394,1,25,4,4,1,0.2284961945501723,6,4,0.9926505621348808,8,0,8,0.08799304227021555,-0.8549625644756657,1.026510528058953,0,1,1,0,1,0,0,0,0,0,1,0,0,0,0,0,0,0,0,1,0,0,0,0,0,1,0,0,0,1
-0.4358839053021355,1,1.1763694241120657,0.7167241502245941,1,2,-0.4867093514188816,3,3,3,1.3050103733178346,24619,7,12,3,4,0,0.4876701189242104,2,4,0.004146784554475587,6,7,7,0.19360383265259845,2.081348128357637,1.026510528058953,0,1,1,0,0,0,1,0,0,0,1,0,0,1,0,0,0,0,0,0,1,0,1,0,0,1,0,0,0,1
-0.4358839053021355,1,-0.5342111149237234,0.09958233858556324,1,1,-1.3724266443035866,1,1,4,-0.6075130742758971,6705,7,13,3,1,3,-0.41943861638492286,2,3,-0.6548557338324612,3,1,3,-0.3823769218674747,0.12380766646876869,-0.9511703058160944,0,1,1,0,0,0,1,0,0,0,1,0,1,0,0,0,0,0,0,0,0,0,0,1,0,1,0,1,0,0
-0.7675347028146299,0,-0.9655749030284007,-0.2707027483978553,1,4,-0.4375028351475091,3,1,2,-0.6871859291305664,18398,0,14,3,1,0,-0.937786465132999,3,3,-0.6548557338324612,2,1,2,0.0002474124631209744,0.12380766646876869,-0.4567500973473325,0,1,0,1,0,1,0,0,0,0,1,0,0,0,0,0,0,0,1,0,0,1,0,1,1,0,0,1,0,0
-0.21478337362713923,0,1.173890321881579,0.8401525125524003,3,4,0.3005949089230785,3,3,3,0.18434137020909833,14295,4,12,3,3,0,-0.16026469201088478,2,3,0.1688974141512098,7,0,0,0.021128709207668,-0.8549625644756657,1.026510528058953,0,1,1,0,1,0,0,0,0,0,1,0,0,0,0,0,0,0,0,0,1,0,1,0,0,1,0,0,0,1
-0.6569844369771317,1,-0.6656035331395159,1.333865961863625,3,1,0.005355811294843447,3,3,3,0.5952658357183573,22908,3,12,3,1,0,0.09890923236315328,2,3,-0.9843569930259296,0,0,0,0.08750211471469017,-0.8549625644756657,-1.4455905142848562,1,0,1,0,1,0,0,0,0,0,1,0,0,0,0,0,0,0,0,0,1,0,0,0,0,1,0,0,0,0
-0.32533363946463734,1,0.4599088795014236,1.7041510488470435,3,2,-1.1263940629467242,3,3,1,0.6188864938635064,11533,9,15,3,3,3,-0.030677729823865754,2,3,-0.6548557338324612,2,0,2,0.190267756763915,-0.8549625644756657,-0.9511703058160944,1,0,0,0,0,0,0,0,0,0,0,1,0,0,0,0,0,0,0,0,0,0,1,0,0,1,0,1,0,0
0.5590684872353476,0,1.6647525635179359,-0.5175594730534676,2,2,1.5307578157073911,3,1,3,-0.8540302604732856,9260,4,17,3,4,1,-0.41943861638492286,4,3,-0.8196063634291954,2,2,0,-0.5790739506574407,2.081348128357637,0.5320903195901912,1,0,1,0,0,0,0,1,0,0,1,0,1,0,0,0,0,0,0,0,1,0,0,1,0,1,0,1,0,0
-0.10423310778964111,0,-0.41521420786036417,0.09958233858556324,4,2,-1.6676657419318217,3,3,4,0.6245104600885418,15318,1,14,3,4,0,-0.16026469201088478,3,2,0.4983986733446782,3,9,7,0.3020988224236925,1.7877170590743074,0.5320903195901912,0,0,0,1,0,0,1,0,0,0,1,0,0,0,0,0,0,1,0,0,0,1,0,0,0,1,0,0,0,1
-1.6519368295146148,1,1.4019677270863509,-0.6409878353812738,1,3,1.6291708482501361,2,1,3,-0.5164048214303223,9129,5,16,3,3,0,-0.937786465132999,3,3,-0.8196063634291954,2,1,2,0.27278124246716523,0.6131927819409859,0.5320903195901912,1,0,1,0,0,0,0,0,0,1,1,0,1,0,0,0,0,0,0,0,0,1,0,1,1,0,0,1,0,0
1.2223700822603363,0,-1.5853504606500635,-0.8878445600368862,5,2,-1.4216331605749593,3,2,4,-0.4869727315193033,19658,2,14,3,1,1,0.3580831567371914,2,3,0.333648043747944,7,6,7,-0.545888672470497,1.102577897413203,-0.4567500973473325,0,1,0,1,0,1,0,0,0,0,0,0,0,0,0,0,0,1,0,0,1,0,0,1,0,1,0,0,0,1
1.9962219431228232,0,0.7797130672342015,1.0870092372080127,5,1,0.841866587908176,3,4,2,1.90508756952912,9873,3,23,4,4,0,3.338583287038629,2,3,0.4983986733446782,9,7,7,-0.3484506765565016,1.2004549205076465,-0.4567500973473325,0,1,0,1,1,0,0,0,0,0,0,0,0,1,0,0,0,0,0,0,0,1,0,0,0,0,1,0,0,1
0.4485182213978495,0,-1.3275238286794517,0.09958233858556324,2,4,-0.4867093514188816,3,2,4,-0.07848531804089305,13430,7,14,3,4,0,0.6172570811112295,3,3,1.157401191731615,3,1,10,-0.42620371231269144,-0.645226086416144,2.015350944996477,0,0,0,1,1,0,0,0,0,0,1,0,0,0,0,0,0,1,0,0,0,1,0,0,0,0,1,0,0,1
-0.21478337362713923,0,-0.4548798435481506,-1.0112729223646924,3,2,0.9402796204509211,3,2,3,-0.22039673245262162,18659,9,11,3,3,0,0.4876701189242104,2,3,0.6631493029414124,9,6,9,-0.4555312642351903,0.7466614497970451,0.037670111121429345,0,1,0,1,0,1,0,0,0,0,1,0,0,0,0,0,0,1,0,0,1,0,0,0,0,1,0,0,0,1
0.33796795556035136,0,-1.2407552506124189,-0.3941311107256615,3,2,0.448214457737196,3,4,3,1.2350857265865602,20364,7,15,3,3,0,1.3947788542333437,3,3,2.1459049693120202,6,5,13,-0.1721497483387588,-0.12088489126733984,0.037670111121429345,0,1,1,0,1,0,0,0,0,0,0,0,0,0,1,0,0,0,0,0,0,1,0,0,0,0,1,0,0,1
0.22741768972285326,0,-0.8912018361138011,-0.1472743860700491,1,3,-0.8803614815898617,3,1,3,-0.5424625316063201,17872,1,11,3,1,1,-0.41943861638492286,3,3,-0.6548557338324612,3,0,3,-0.3304728389852555,-0.8549625644756657,-0.4567500973473325,1,0,1,0,1,0,0,0,0,0,0,0,1,0,0,0,0,0,0,0,1,0,0,1,0,1,0,1,0,0
-0.6569844369771317,0,0.06325252262355946,-0.8878445600368862,1,2,0.5466274902799411,3,2,4,-0.012497447667143429,8346,4,13,3,3,0,-0.16026469201088478,2,4,-0.1606038450422586,5,0,5,-0.10451806203459171,-0.8549625644756657,1.026510528058953,0,1,0,1,1,0,0,0,0,0,1,0,0,0,0,0,0,1,0,0,0,1,1,0,0,1,0,0,0,1
0.5590684872353476,0,-1.1986105126941458,1.8275794111748498,3,4,-0.4867093514188816,3,3,1,0.14197415798049773,6950,1,21,4,4,1,-0.16026469201088478,5,2,0.4983986733446782,9,5,8,-0.005915262507332689,0.6131927819409859,0.037670111121429345,0,1,1,0,0,0,1,0,0,0,1,0,0,0,1,0,0,0,0,0,1,0,1,0,0,1,0,0,0,1
0.890719284747842,0,-0.5986677729163763,-0.8878445600368862,3,4,-0.2406767700620191,3,2,2,-0.3456237137300783,16177,0,19,3,2,1,-0.2898516541979038,3,4,0.1688974141512098,7,3,7,-0.2532732024217242,0.24615394533682303,0.5320903195901912,0,1,0,1,0,0,0,1,0,0,1,0,0,0,0,0,0,1,0,0,1,0,0,1,0,1,0,0,0,1
-1.2097357661646224,1,-0.9333465740320742,0.9635808748802065,4,2,-0.3882963188761366,3,1,3,-0.7325525900125193,22808,0,11,3,2,1,-0.41943861638492286,2,2,0.004146784554475587,7,1,0,-0.48214644141341184,-0.4354896083566223,-0.9511703058160944,1,0,0,0,1,0,0,0,0,0,0,1,0,0,0,0,0,0,0,0,0,0,1,1,0,1,0,0,0,1
-0.8780849686521279,0,-1.4142924067464844,1.2104375995358188,3,4,-1.5692527093890767,3,2,4,-0.25657758183368323,22645,4,12,3,2,2,-0.41943861638492286,2,4,-0.6548557338324612,2,1,2,-0.10236411738472445,0.12380766646876869,1.520930736527715,0,1,1,0,0,0,0,0,1,0,1,0,0,0,1,0,0,0,0,0,0,0,0,0,0,1,0,1,0,0
-0.4358839053021355,0,0.2962881322893046,-1.0112729223646924,5,1,1.432344783164646,4,4,3,1.7875466754258786,22578,4,19,3,3,1,-0.16026469201088478,2,3,-0.1606038450422586,1,0,5,1.0444917450779585,-0.8549625644756657,-0.4567500973473325,0,1,1,0,0,0,1,0,0,0,0,0,0,0,0,1,0,0,0,0,0,0,0,0,0,1,0,0,0,1
-0.6569844369771317,0,-0.28382178964457166,-0.2707027483978553,3,3,-1.0771875466753518,2,3,4,0.9201436179845734,25291,9,21,4,3,1,-0.16026469201088478,3,2,-0.3253544746389928,4,0,1,0.4908083064704007,-0.8549625644756657,0.5320903195901912,0,1,0,1,1,0,0,0,0,0,1,0,0,1,0,0,0,0,0,0,0,0,0,0,0,1,0,0,1,0
-2.0941378928646075,1,1.2482633887961785,-0.5175594730534676,3,2,0.15297536010896096,3,1,2,-0.8943353517527065,8059,1,14,3,4,0,-1.4561343138810752,3,3,-1.1491076226226637,0,0,0,1.3551384290254882,-0.8549625644756657,0.037670111121429345,1,0,0,1,0,1,0,0,0,0,1,0,0,0,0,0,0,0,1,0,0,1,1,1,0,0,0,0,0,0
0.33796795556035136,0,0.7226937159330086,2.3212928604860745,3,3,-0.3882963188761366,1,3,1,0.802977654963001,11373,3,15,3,3,1,1.1356049298593056,2,3,-0.9843569930259296,0,0,1,-0.2380626303263649,-0.8549625644756657,-0.4567500973473325,0,0,0,1,0,0,0,1,0,0,1,0,0,0,0,0,0,1,0,0,0,0,0,0,0,0,1,0,0,0
0.4485182213978495,0,-0.7275810889016822,-0.8878445600368862,4,1,-0.19147025379064658,2,2,3,0.030432161183960724,2112,2,17,3,1,0,-0.16026469201088478,3,3,-0.1606038450422586,6,0,6,-0.0771150995446132,-0.8549625644756657,-1.4455905142848562,0,0,1,0,0,0,0,1,0,0,0,0,0,0,0,0,0,0,0,0,0,1,1,0,0,1,0,0,0,1
-1.2097357661646224,0,-0.06813989559223305,2.4447212228138806,2,1,-1.0279810304039791,3,2,3,-0.22039673245262162,4267,5,12,3,1,2,-0.41943861638492286,5,3,-1.1491076226226637,0,0,0,-0.07349527589691954,-0.8549625644756657,-1.4455905142848562,0,1,0,1,0,0,1,0,0,0,1,0,0,0,0,0,0,1,0,0,0,0,0,0,0,1,0,0,0,0
-0.10423310778964111,0,-1.5060191892744905,-1.0112729223646924,3,1,0.6942470390940585,3,2,3,-0.22039673245262162,6698,1,16,3,4,0,-0.80819950294598,3,3,-0.3253544746389928,4,0,3,0.41769385196657133,-0.8549625644756657,0.037670111121429345,0,1,0,1,0,0,1,0,0,0,0,0,0,0,0,0,0,1,0,0,0,1,0,0,1,0,0,0,1,0
-0.32533363946463734,0,-1.3498357487538315,1.4572943241914311,4,4,0.3990079414658235,4,2,4,-0.2458920460061158,19921,1,12,3,4,0,-0.16026469201088478,3,3,0.4983986733446782,7,5,7,-0.25349923365041394,0.6131927819409859,2.015350944996477,0,1,0,1,1,0,0,0,0,0,1,0,0,0,0,0,0,1,0,0,0,1,0,0,0,1,0,0,0,1
-1.2097357661646224,1,-0.821786973660175,1.8275794111748498,3,3,0.005355811294843447,1,1,4,-0.8077262718871602,23213,1,18,3,2,0,-1.3265473516940562,3,1,-0.9843569930259296,0,0,0,1.907984222491431,-0.8549625644756657,-0.4567500973473325,0,1,1,0,0,0,0,0,1,0,1,0,1,0,0,0,0,0,0,0,0,1,1,1,0,0,0,0,0,0
0.006317158047857013,0,-0.00864144206055342,-1.0112729223646924,3,2,-0.3390898026047641,3,3,4,0.15790872895143157,23848,4,17,3,4,0,0.09890923236315328,3,4,-0.1606038450422586,5,1,2,-0.1451438514029224,-0.36557744900344846,1.520930736527715,0,1,1,0,0,0,0,0,1,0,0,0,0,0,1,0,0,0,0,0,0,1,0,0,0,1,0,0,0,1
1.0012695505853402,0,0.5739475821038096,1.0870092372080127,1,1,0.9894861367222936,3,3,3,0.5952658357183573,8984,5,11,3,4,0,2.1723006273554577,3,2,-0.8196063634291954,2,1,2,-0.4722955636000306,0.6131927819409859,-0.4567500973473325,1,0,1,0,0,0,1,0,0,0,0,0,0,0,0,0,0,0,0,0,1,0,0,0,0,0,1,1,0,0
0.4485182213978495,0,1.173890321881579,-0.8878445600368862,5,2,1.235518718079156,3,4,1,1.8645950127088646,5626,7,16,3,2,1,1.3947788542333437,2,3,1.816403710118552,16,11,8,0.010500406566656082,0.9394495255891309,-1.4455905142848562,0,1,0,1,1,0,0,0,0,0,0,0,0,1,0,0,0,0,0,0,1,0,0,0,0,0,1,0,0,1
0.006317158047857013,0,-1.6374116074902831,-0.023846023742242928,4,1,0.15297536010896096,3,3,2,0.40967495029218653,24666,1,13,3,4,1,-0.2898516541979038,6,3,0.333648043747944,5,7,7,0.2824208095730529,1.428834641061348,-0.4567500973473325,0,0,0,1,0,0,1,0,0,0,1,0,0,0,0,0,0,1,0,0,0,0,0,0,0,1,0,0,0,1
1.664571145610329,0,0.3805776081258508,-0.3941311107256615,2,4,0.5958340065513135,3,2,1,-0.20090031620583196,22087,3,12,3,2,2,0.8764310054852675,3,3,0.4983986733446782,9,6,9,-0.521386127511689,0.9068238512243162,-0.4567500973473325,0,1,1,0,0,0,0,0,1,0,1,0,0,0,0,0,1,0,0,0,0,0,1,0,0,0,1,0,0,1
-0.5464341711396336,1,1.6647525635179359,0.22301070091336941,4,4,-0.2898832863333916,4,2,3,-0.36399533673186085,23914,8,12,3,4,0,-0.16026469201088478,2,3,-0.490105104235727,2,1,2,-0.3288872963957698,-0.12088489126733984,1.520930736527715,0,0,0,1,0,0,0,1,0,0,1,0,0,0,0,0,0,1,0,0,1,0,0,1,0,1,0,0,1,0
-1.4308362978396185,0,-0.6631244309090293,1.8275794111748498,3,4,-1.3724266443035866,3,1,4,-0.7964783394370891,5530,0,13,3,3,2,-1.0673734273200182,3,3,-0.8196063634291954,2,2,1,0.0651649109382885,2.081348128357637,1.520930736527715,1,0,0,1,0,0,1,0,0,0,1,0,0,0,0,0,0,0,1,0,1,0,0,1,1,0,0,1,0,0
0.11686742388535513,0,1.7168137103581556,0.09958233858556324,3,3,0.4974209740085685,3,2,3,0.5952658357183573,22174,3,19,3,3,1,0.8764310054852675,4,3,-0.9843569930259296,0,0,0,-0.23904653096889686,-0.8549625644756657,0.5320903195901912,0,1,1,0,0,0,1,0,0,0,0,0,0,0,0,0,0,0,0,0,1,0,0,0,0,0,1,0,0,0
0.006317158047857013,0,-0.8837645294223412,-0.2707027483978553,4,2,-0.043850704976529056,3,2,2,-0.037805295679803085,15701,6,12,3,2,1,-0.41943861638492286,2,2,-0.1606038450422586,5,4,3,0.07219514694827207,1.102577897413203,-1.4455905142848562,0,1,1,0,1,0,0,0,0,0,0,0,0,0,1,0,0,0,0,0,1,0,0,0,0,1,0,0,0,1
1.3329203480978344,0,1.097038152736493,1.0870092372080127,4,4,-0.3882963188761366,2,5,3,2.4095573399148025,2125,1,17,3,3,1,2.561061513916515,5,3,3.9581618948760964,9,0,9,-0.13934402732330653,-0.8549625644756657,1.026510528058953,0,1,1,0,1,0,0,0,0,0,1,0,0,0,0,1,0,0,0,0,0,0,1,0,0,0,1,0,0,1
-1.4308362978396185,0,-0.2763844829531117,1.7041510488470435,3,2,1.137105685536411,4,1,4,-0.7355520386658715,21630,1,11,3,2,2,-0.6786125407589609,3,3,-0.1606038450422586,5,1,4,-0.34867167688343986,-0.36557744900344846,0.037670111121429345,0,1,1,0,0,0,1,0,0,0,1,0,0,0,0,0,1,0,0,0,1,0,1,1,1,0,0,0,0,1
-1.2097357661646224,0,-0.24663525618727192,2.3212928604860745,2,1,0.005355811294843447,3,2,2,-0.07061176532584337,7428,1,20,4,4,2,-0.6786125407589609,5,4,-0.3253544746389928,3,1,4,0.3587395891424254,-0.26770042590900495,0.037670111121429345,0,1,0,1,0,1,0,0,0,0,1,0,0,0,0,0,0,1,0,0,1,0,0,0,1,0,0,0,1,0
-1.4308362978396185,0,0.0508570114711262,0.9635808748802065,2,4,1.3831382668932737,2,1,2,-0.847656432084912,9100,1,21,4,4,1,-1.3265473516940562,2,3,-0.9843569930259296,0,0,0,1.6531007722571327,-0.8549625644756657,1.026510528058953,0,1,1,0,0,0,0,1,0,0,1,0,1,0,0,0,0,0,0,0,1,0,0,1,0,0,0,0,0,0
1.4434706139353326,0,1.0995172549669796,-0.76441619770908,3,1,1.6291708482501361,3,5,2,2.165477205748263,7999,1,11,3,3,1,2.690648476103534,2,3,4.122912524472831,5,10,7,-0.2115571447738311,0.0626345270347416,-0.9511703058160944,1,0,0,0,0,0,1,0,0,0,1,0,0,1,0,0,0,0,0,0,1,0,0,0,0,0,1,0,0,1
-1.3202860320021204,0,-0.4474425368566906,0.46986742556898176,1,2,-1.2740136117608418,3,1,3,-0.853467863850782,26376,1,11,3,3,0,-0.5490255785719419,1,3,0.004146784554475587,4,0,6,-0.5338368393105252,-0.8549625644756657,0.037670111121429345,0,1,0,1,0,0,1,0,0,0,1,0,0,0,0,0,0,0,1,0,1,0,0,1,1,0,0,0,0,1
-1.4308362978396185,1,1.2011604464169323,-0.2707027483978553,3,1,-0.5359158676902541,3,1,3,-0.7053700865915145,14168,1,16,3,4,1,-0.6786125407589609,4,3,-0.1606038450422586,3,1,2,-0.3165619464548624,-0.36557744900344846,0.037670111121429345,1,0,1,0,1,0,0,0,0,0,0,0,1,0,0,0,0,0,0,0,1,0,1,1,1,0,0,0,0,1
-0.7675347028146299,1,-0.8788063249613679,0.3464390632411756,4,2,0.3990079414658235,2,1,1,-0.8652781929233565,14470,1,18,3,3,1,-1.3265473516940562,2,4,-0.9843569930259296,0,0,0,1.5406169960973954,-0.8549625644756657,-0.4567500973473325,1,0,0,1,1,0,0,0,0,0,1,0,0,0,0,0,0,0,1,0,1,0,0,1,0,0,0,0,0,0
-0.32533363946463734,0,-1.359752157675778,-1.0112729223646924,2,2,0.841866587908176,2,1,4,-0.5673954485373107,22794,1,13,3,4,1,-0.6786125407589609,3,3,-0.1606038450422586,5,1,3,-0.16977460735279398,-0.36557744900344846,1.026510528058953,0,1,1,0,1,0,0,0,0,0,1,0,0,0,0,0,1,0,0,0,1,0,1,1,1,0,0,0,0,1
-0.6569844369771317,1,1.394530420394891,0.46986742556898176,4,2,-0.9787745141326066,3,2,1,-0.4528540030874214,11512,2,17,3,3,0,-0.2898516541979038,2,1,-0.1606038450422586,1,1,2,-0.32932606289852057,-0.36557744900344846,-1.940010722753618,0,1,0,1,0,0,1,0,0,0,1,0,0,0,0,0,0,1,0,0,0,0,0,1,0,1,0,0,0,1
-0.21478337362713923,0,-0.6556871242175693,1.9510077735026559,2,1,-0.5851223839616266,2,2,4,-0.41292384288966955,14004,4,14,3,4,0,-0.2898516541979038,3,3,-0.6548557338324612,2,0,2,-0.3010056795391541,-0.8549625644756657,0.5320903195901912,0,1,1,0,0,0,0,1,0,0,1,0,1,0,0,0,0,0,0,0,0,1,0,1,0,1,0,1,0,0
-0.6569844369771317,0,-0.6879154532138958,-0.3941311107256615,4,1,0.005355811294843447,4,2,4,-0.22283378448347033,6219,4,22,4,4,2,0.2284961945501723,4,4,0.004146784554475587,7,5,7,-0.38955673736703234,1.242402216119551,1.026510528058953,0,1,0,1,0,0,1,0,0,0,1,0,0,0,0,0,0,1,0,0,0,0,0,0,0,1,0,0,0,1
-1.0991855003271243,0,-0.011120544291040072,-0.3941311107256615,4,1,0.005355811294843447,2,1,3,-0.8364084996348411,5013,0,12,3,3,2,-0.6786125407589609,5,2,-0.3253544746389928,3,0,3,-0.45597003073794107,-0.8549625644756657,-0.9511703058160944,0,1,1,0,0,0,1,0,0,0,0,0,0,0,0,0,1,0,0,0,0,0,0,1,1,0,0,0,1,0
0.006317158047857013,0,-0.6061050796078363,-0.8878445600368862,3,4,0.448214457737196,3,2,3,0.5536484856530948,3010,4,11,3,3,1,0.7468440432982485,3,2,-0.6548557338324612,0,1,0,-0.21625570050515924,0.12380766646876869,0.5320903195901912,0,1,0,1,0,1,0,0,0,0,1,0,0,0,0,0,0,1,0,0,1,0,1,0,0,0,1,1,0,0
-1.873037361189611,0,0.3880149148173107,-1.0112729223646924,3,4,0.841866587908176,2,1,2,-0.7147433636332402,11757,1,13,3,4,0,-1.3265473516940562,0,4,-0.9843569930259296,0,0,0,2.5015156371215337,-0.8549625644756657,1.520930736527715,0,1,1,0,1,0,0,0,0,0,0,0,0,0,0,0,1,0,0,0,0,1,0,1,0,0,0,0,0,0
0.5590684872353476,0,-0.4474425368566906,-0.8878445600368862,4,3,0.743453555365431,3,2,4,-0.47984904096759173,5718,1,13,3,2,2,-0.16026469201088478,4,3,0.4983986733446782,2,2,2,-0.4028393960412141,-0.26770042590900495,0.5320903195901912,0,1,1,0,1,0,0,0,0,0,0,0,0,0,0,0,0,0,0,0,1,0,0,1,0,1,0,0,0,1
0.6696187530728458,0,-0.050786179978826486,-0.3941311107256615,4,2,-0.7819484490471167,2,4,4,1.8705939100155693,2671,4,14,3,3,1,1.2651918920463245,3,2,-0.9843569930259296,0,0,0,0.055306910292070445,-0.8549625644756657,0.037670111121429345,0,1,1,0,0,0,0,1,0,0,1,0,0,0,0,1,0,0,0,0,0,0,1,0,0,0,1,0,0,0
0.11686742388535513,0,-1.0920091167832198,-1.0112729223646924,1,3,-1.1263940629467242,3,1,1,-0.7368642974517131,14561,3,17,3,4,0,-0.6786125407589609,3,2,-1.1491076226226637,0,0,0,-0.350067752119465,-0.8549625644756657,-0.4567500973473325,0,1,1,0,1,0,0,0,0,0,0,0,0,0,0,0,1,0,0,0,0,1,0,1,1,0,0,0,0,0
0.6696187530728458,0,0.49213720849775006,-0.023846023742242928,5,4,0.3005949089230785,3,2,3,-0.18177883104071135,19627,3,13,3,2,1,-0.16026469201088478,3,3,0.1688974141512098,7,4,7,-0.21257428530293515,0.6131927819409859,0.5320903195901912,1,0,1,0,0,0,1,0,0,0,1,0,1,0,0,0,0,0,0,0,0,0,1,0,0,1,0,0,0,1
1.2223700822603363,0,1.074726232662113,-1.0112729223646924,4,4,-1.2740136117608418,2,4,1,1.6409486224932872,17997,7,11,3,1,1,1.7835397407944007,3,1,-0.6548557338324612,2,0,2,-0.15492036684148675,-0.8549625644756657,-1.940010722753618,0,1,1,0,1,0,0,0,0,0,0,0,0,1,0,0,0,0,0,0,1,0,0,0,0,0,1,1,0,0
0.7801690189103438,0,0.7673175560817683,-1.0112729223646924,4,1,-0.7819484490471167,2,2,3,-0.12441437554534945,26894,4,11,3,2,0,-0.16026469201088478,1,4,-0.8196063634291954,2,0,2,-0.17595722625519086,-0.8549625644756657,-0.4567500973473325,0,1,0,0,1,0,0,0,0,0,0,1,0,0,0,0,0,0,0,0,0,1,0,0,0,1,0,1,0,0
-0.32533363946463734,0,-1.4837072692001108,0.5932957878967879,3,3,-1.7168722582031943,3,1,3,-0.7629220076277108,2912,1,18,3,4,2,-0.41943861638492286,3,3,0.1688974141512098,2,0,6,-0.5063783187244191,-0.8549625644756657,1.026510528058953,0,1,0,1,0,0,0,0,1,0,0,0,0,0,0,0,0,0,1,0,0,0,1,1,0,1,0,0,0,1
-1.0991855003271243,1,1.5308810430716568,-0.8878445600368862,1,3,0.9402796204509211,3,1,1,-0.6763129277621645,16346,0,11,3,2,1,-0.80819950294598,3,3,-0.490105104235727,3,0,2,-0.1643498578642392,-0.8549625644756657,-0.9511703058160944,0,1,0,1,0,1,0,0,0,0,1,0,0,0,0,0,0,0,1,0,0,0,0,1,1,0,0,0,1,0
-1.762487095352113,0,1.3399901713241846,1.5807226865192374,1,3,-0.8311549653184892,3,1,3,-0.600201918183351,24444,1,11,3,3,0,-1.0673734273200182,2,3,-0.6548557338324612,2,1,2,0.4827908458292279,0.12380766646876869,0.5320903195901912,0,1,0,1,0,0,0,0,1,0,1,0,0,0,0,0,0,0,1,0,0,1,0,1,1,0,0,1,0,0
0.7801690189103438,0,1.2705753088705585,-0.76441619770908,4,4,-1.5200461931177043,3,5,4,2.4116194608639825,9358,4,12,3,1,1,1.9131267029814198,2,4,-0.8196063634291954,2,0,1,0.005931433066937485,-0.8549625644756657,1.026510528058953,0,1,1,0,0,0,0,1,0,0,1,0,0,1,0,0,0,0,0,0,1,0,1,0,0,0,1,1,0,0
-1.6519368295146148,0,-0.49206637700545036,-0.3941311107256615,1,1,0.15297536010896096,3,1,3,-0.7265536927058147,12145,0,20,4,4,0,-1.0673734273200182,3,3,-0.8196063634291954,2,2,2,0.2139466432346786,2.081348128357637,0.037670111121429345,0,1,1,0,0,0,1,0,0,0,1,0,0,0,0,0,1,0,0,0,1,0,0,1,1,0,0,1,0,0
-0.4358839053021355,0,1.02514418805238,-0.1472743860700491,4,3,-1.3232201280322142,3,2,3,0.0853595646484739,20431,0,12,3,4,0,-0.6786125407589609,3,3,-0.3253544746389928,0,1,2,0.5246731029099811,-0.26770042590900495,1.026510528058953,0,1,0,1,0,1,0,0,0,0,1,0,0,0,0,0,0,1,0,0,0,0,0,0,1,0,0,0,1,0
-0.5464341711396336,0,-0.387944083325011,-0.023846023742242928,4,1,1.2847252343505287,3,2,4,-0.3518100765776173,18089,1,12,3,4,1,-0.6786125407589609,2,2,-0.1606038450422586,4,0,5,0.059580609994188106,-0.8549625644756657,0.037670111121429345,0,1,1,0,1,0,0,0,0,0,0,0,0,0,0,0,1,0,0,0,1,0,1,1,1,0,0,0,0,1
-0.7675347028146299,0,-1.5927877673415234,-0.76441619770908,3,3,0.251388392651706,3,1,3,-0.7368642974517131,22653,1,20,4,3,1,-1.3265473516940562,2,3,-0.9843569930259296,0,0,0,2.360312598963566,-0.8549625644756657,0.5320903195901912,1,0,1,0,0,0,1,0,0,0,0,0,0,0,0,0,1,0,0,0,0,0,0,1,0,0,0,0,0,0
-0.10423310778964111,0,-1.3994177933635645,-1.0112729223646924,1,4,-1.5692527093890767,3,2,1,0.3247530602941508,7507,7,20,4,4,0,0.8764310054852675,2,4,1.157401191731615,7,8,10,-0.3349768436157651,0.8229292600005075,1.026510528058953,0,1,0,1,0,0,1,0,0,0,0,0,0,0,0,0,0,1,0,0,0,1,0,0,0,0,1,0,0,1
-0.32533363946463734,0,1.4738616917704639,-1.0112729223646924,5,2,-1.1756005792180968,3,1,4,-0.741925867054245,7660,1,12,3,4,1,-0.16026469201088478,4,2,0.4983986733446782,9,8,8,-0.5701290971809084,1.4940859897909768,0.5320903195901912,0,1,1,0,1,0,0,0,0,0,1,0,0,0,0,0,1,0,0,0,1,0,0,1,0,1,0,0,0,1
0.890719284747842,1,-1.2308388416904723,2.074436135830462,4,1,1.6783773645215088,3,2,1,-0.4429183294231921,5630,2,14,3,4,2,-0.80819950294598,4,3,-0.9843569930259296,1,0,0,0.13361248536740525,-0.8549625644756657,-0.9511703058160944,1,0,0,1,1,0,0,0,0,0,0,0,0,0,0,0,0,1,0,0,1,0,0,1,1,0,0,0,0,0
-1.2097357661646224,0,0.46734618619288354,-0.3941311107256615,3,3,0.251388392651706,3,1,4,-0.7479247643609496,17759,1,13,3,3,1,-1.0673734273200182,2,3,-0.6548557338324612,2,0,2,0.1684744784041465,-0.8549625644756657,1.026510528058953,0,1,1,0,1,0,0,0,0,0,0,0,1,0,0,0,0,0,0,0,1,0,1,1,1,0,0,1,0,0
0.006317158047857013,0,-0.7945168491248218,-0.76441619770908,3,3,-1.4708396768463317,3,3,3,0.5221542747928961,9606,1,15,3,3,1,-0.16026469201088478,2,3,0.4983986733446782,7,7,8,0.23676250137771743,1.2004549205076465,0.5320903195901912,0,1,1,0,0,0,0,1,0,0,1,0,0,0,1,0,0,0,0,0,1,0,0,0,0,1,0,0,0,1
-0.8780849686521279,0,0.925980098832914,-0.76441619770908,2,2,-0.19147025379064658,3,2,3,-0.20389976485918423,3487,1,14,3,1,1,-0.6786125407589609,5,2,-0.1606038450422586,0,1,2,0.21693823302616097,-0.36557744900344846,-1.4455905142848562,0,1,0,1,0,0,1,0,0,0,0,0,0,0,0,0,0,1,0,0,1,0,0,0,1,0,0,0,0,1
-0.21478337362713923,0,0.5318028441855365,-0.3941311107256615,4,2,0.7926600716368035,1,2,4,-0.0004996530537344077,19368,1,13,3,2,0,0.7468440432982485,3,3,-0.1606038450422586,6,6,6,-0.42432956929626275,2.081348128357637,0.037670111121429345,0,1,1,0,1,0,0,0,0,0,1,0,0,0,0,0,1,0,0,0,0,1,0,0,0,0,1,0,0,1
-0.4358839053021355,0,1.223472366491312,-0.3941311107256615,3,3,-1.7660787744745667,3,2,4,-0.1707183641314749,5335,3,23,4,3,1,0.4876701189242104,2,1,0.9926505621348808,11,4,7,-0.4343906963753815,0.048517648703812304,0.037670111121429345,1,0,1,0,1,0,0,0,0,0,1,0,0,0,0,0,0,0,0,0,0,0,0,0,0,1,0,0,0,1
1.885671677285325,0,-1.0052405387161871,1.2104375995358188,4,3,1.0878991692650386,3,3,2,0.7641722880102562,6729,2,15,3,3,1,0.6172570811112295,1,4,0.333648043747944,7,7,1,-0.09002380949485966,1.428834641061348,0.5320903195901912,0,1,0,0,0,0,1,0,0,0,1,1,0,0,0,0,0,0,0,0,1,0,0,0,0,0,1,0,0,1
-0.10423310778964111,0,0.2739762122149248,-0.023846023742242928,2,2,-0.8803614815898617,2,2,2,0.41211200232303524,13934,2,11,3,3,1,0.2284961945501723,2,3,-0.6548557338324612,2,0,2,-0.07778705663623847,-0.8549625644756657,-0.4567500973473325,0,1,1,0,0,0,1,0,0,0,1,0,0,0,1,0,0,0,0,0,0,0,1,0,0,1,0,1,0,0
-1.0991855003271243,0,0.7747548627732282,-0.76441619770908,4,1,-0.5851223839616266,2,1,4,-0.7368642974517131,15174,0,13,3,4,0,-0.80819950294598,0,3,-0.490105104235727,2,1,1,-0.24165253807614376,-0.12088489126733984,0.5320903195901912,0,1,1,0,0,0,1,0,0,0,1,0,0,0,0,0,1,0,0,0,0,1,0,1,1,0,0,0,1,0
-1.873037361189611,1,1.387093113703431,0.09958233858556324,1,4,-1.6676657419318217,3,1,3,-1.0572429067379008,26999,1,11,3,4,0,-1.3265473516940562,5,3,-0.9843569930259296,0,1,1,0.31526181750621496,2.081348128357637,1.520930736527715,0,1,1,0,0,0,1,0,0,0,1,0,0,0,0,0,1,0,0,0,0,1,1,1,0,0,0,0,0,0
-0.4358839053021355,1,0.6780698757842488,-0.76441619770908,3,1,0.20218187638033347,3,1,1,-0.618761006725968,3164,1,11,3,1,0,-0.16026469201088478,3,3,-0.6548557338324612,3,3,3,-0.4915101174607516,2.081348128357637,-2.43443093122238,1,0,1,0,1,0,0,0,0,0,1,0,0,0,0,0,1,0,0,0,0,1,1,1,0,1,0,1,0,0
-0.21478337362713923,0,-0.1871368026555923,-0.76441619770908,3,3,-1.2248070954894692,2,1,3,-1.0062522796309126,16900,1,18,3,3,2,-1.3265473516940562,3,3,-0.9843569930259296,0,0,0,0.6407467868194973,-0.8549625644756657,0.5320903195901912,0,0,1,0,1,0,0,0,0,0,1,0,1,0,0,0,0,0,0,0,1,0,0,1,0,0,0,0,0,0
-1.5413865636771167,0,0.20456134976129856,-0.6409878353812738,3,1,-0.3882963188761366,4,1,1,-0.7368642974517131,8544,2,16,3,1,1,-0.80819950294598,3,4,-0.6548557338324612,2,0,2,-0.24165253807614376,-0.8549625644756657,-1.940010722753618,0,1,1,0,0,0,1,0,0,0,1,0,0,0,0,0,1,0,0,0,1,0,0,1,1,0,0,1,0,0
-1.3202860320021204,0,0.01862868247479974,-0.1472743860700491,3,4,-0.4375028351475091,4,2,2,-0.3370002988516906,15678,0,22,4,3,1,-0.937786465132999,4,3,-0.6548557338324612,2,1,2,0.5590763855120284,0.12380766646876869,0.5320903195901912,0,1,0,1,1,0,0,0,0,0,1,0,0,0,0,0,0,1,0,0,1,0,0,1,1,0,0,1,0,0
0.11686742388535513,0,-1.3870222822111313,-0.2707027483978553,4,4,-0.9787745141326066,2,2,4,-0.22039673245262162,7791,0,20,4,1,0,-0.41943861638492286,2,3,0.004146784554475587,7,0,5,-0.07349527589691954,-0.8549625644756657,0.5320903195901912,0,1,0,1,0,1,0,0,0,0,0,0,0,0,0,0,0,1,0,0,0,1,0,0,0,1,0,0,0,1
-0.8780849686521279,0,0.008712273552853136,-1.0112729223646924,4,2,0.4974209740085685,1,1,4,-0.736489366370044,18959,1,18,3,4,1,-0.16026469201088478,5,3,0.4983986733446782,7,2,8,-0.5666588530227888,-0.26770042590900495,1.026510528058953,1,0,1,0,1,0,0,0,0,0,1,0,0,0,0,0,1,0,0,0,0,0,0,1,0,1,0,0,0,1
1.2223700822603363,0,0.035982398088206295,-0.8878445600368862,1,2,-0.4867093514188816,4,2,2,0.2758245541363421,18597,3,12,3,4,0,-0.16026469201088478,3,3,-0.8196063634291954,2,2,2,0.07952454193740388,2.081348128357637,0.037670111121429345,0,1,0,1,0,1,0,0,0,0,1,0,0,0,0,0,0,1,0,0,1,0,0,0,0,1,0,1,0,0
-0.10423310778964111,0,1.5060900207667902,-0.76441619770908,1,4,0.251388392651706,4,2,4,-0.3752432691819318,16673,1,20,4,2,2,-0.6786125407589609,3,3,-0.1606038450422586,5,0,4,0.034650695065168276,-0.8549625644756657,1.026510528058953,1,0,0,1,0,0,1,0,0,0,0,0,0,0,0,0,0,1,0,0,0,0,1,1,1,0,0,0,0,1
0.006317158047857013,0,1.04745610812676,0.09958233858556324,2,4,0.6942470390940585,4,1,4,-0.3690569063343928,15232,3,17,3,1,0,-0.937786465132999,2,3,-0.9843569930259296,0,0,0,0.5079202000776798,-0.8549625644756657,0.5320903195901912,0,1,1,0,1,0,0,0,0,0,1,0,0,0,0,0,1,0,0,0,0,1,0,1,1,0,0,0,0,0
1.4434706139353326,0,1.0028322679780002,2.3212928604860745,1,4,0.3990079414658235,4,1,3,-0.6425691304119515,3297,1,11,3,3,3,1.1356049298593056,3,3,2.1459049693120202,8,3,8,-0.6994256079687767,-0.4145159605506702,1.026510528058953,0,1,1,0,0,0,1,0,0,0,1,0,1,0,0,0,0,0,0,0,1,0,1,1,0,0,1,0,0,1
-0.32533363946463734,0,1.5854212921423632,-0.023846023742242928,3,4,-0.9787745141326066,2,3,2,0.3697447900944346,17654,1,14,3,2,0,-0.2898516541979038,3,4,0.1688974141512098,7,7,7,0.25410042621368645,1.7143092917534744,0.5320903195901912,0,1,1,0,0,0,1,0,0,0,0,0,0,0,0,0,0,0,0,0,0,1,0,0,0,1,0,0,0,1
-1.4308362978396185,1,-0.2714262784921384,-0.76441619770908,2,1,-0.043850704976529056,3,2,3,-0.38836585704034793,24785,9,14,3,1,0,-0.937786465132999,3,3,-0.8196063634291954,2,2,0,0.47710682522541137,2.081348128357637,-1.4455905142848562,0,1,0,1,1,0,0,0,0,0,0,0,0,0,0,0,0,1,0,0,0,1,0,1,1,0,0,1,0,0
0.22741768972285326,0,-0.977970414180834,-0.8878445600368862,4,4,0.6942470390940585,2,2,3,-0.3928650300203763,20978,1,11,3,1,0,1.1356049298593056,4,3,2.1459049693120202,7,11,10,-0.6197296559236862,0.7600083165826512,0.037670111121429345,0,1,1,0,0,0,0,0,1,0,0,0,0,0,0,0,0,0,0,0,0,1,0,1,0,0,1,0,0,1
-0.5464341711396336,0,0.3136418479027112,0.09958233858556324,3,4,-0.5359158676902541,3,2,4,-0.23483157909687935,21703,1,12,3,4,0,-0.16026469201088478,2,2,0.4983986733446782,7,0,8,-0.24643908174251555,-0.8549625644756657,1.520930736527715,0,1,0,1,0,1,0,0,0,0,1,0,0,0,0,0,0,1,0,0,0,1,0,0,0,1,0,0,0,1
1.4434706139353326,1,-0.5961886706858897,-0.1472743860700491,2,2,-0.7819484490471167,3,2,3,0.027620178071442986,23452,3,14,3,1,1,0.8764310054852675,4,3,-0.490105104235727,3,1,3,-0.4403472840490887,-0.12088489126733984,-0.9511703058160944,1,0,0,1,0,0,0,0,1,0,1,0,0,0,0,0,0,1,0,0,1,0,1,0,0,0,1,0,1,0
0.11686742388535513,0,0.060773420393072805,-1.0112729223646924,4,2,-1.6184592256604493,4,2,4,-0.1707183641314749,19383,0,13,3,3,0,-0.16026469201088478,4,2,0.333648043747944,7,1,8,-0.20551413339503677,-0.5287058208275208,0.037670111121429345,0,1,1,0,1,0,0,0,0,0,0,0,0,0,0,0,0,0,0,0,0,1,0,0,0,1,0,0,0,1
-1.0991855003271243,0,-0.48214996808350374,-1.0112729223646924,2,3,0.10376884383758846,3,3,1,0.1430989512255048,6009,1,11,3,4,0,-0.2898516541979038,3,3,0.333648043747944,7,0,7,0.09335233475136684,-0.8549625644756657,0.037670111121429345,0,1,1,0,1,0,0,0,0,0,0,0,0,0,1,0,0,0,0,0,1,0,0,0,0,1,0,0,0,1
-0.5464341711396336,0,0.5342819464160231,-0.76441619770908,2,3,-1.3232201280322142,3,3,4,0.8455323327324361,19373,3,15,3,4,0,-0.16026469201088478,6,3,0.004146784554475587,7,7,7,0.4431821969900014,2.081348128357637,1.520930736527715,0,1,1,0,1,0,0,0,0,0,0,0,0,0,0,1,0,0,0,0,0,1,0,0,0,1,0,0,0,1
1.1118198164228383,0,-0.24663525618727192,0.5932957878967879,4,4,-1.1756005792180968,3,2,1,-0.3165665549007283,11825,2,12,3,4,0,1.1356049298593056,2,3,0.004146784554475587,7,1,7,-0.5953781150210197,-0.4354896083566223,0.5320903195901912,0,1,0,1,0,1,0,0,0,0,1,0,0,0,0,0,0,1,0,0,0,1,0,0,0,0,1,0,0,1
0.33796795556035136,0,-0.55156483053713,-0.5175594730534676,4,4,-0.8803614815898617,2,3,1,0.7173059028016272,23772,5,21,4,3,1,1.1356049298593056,2,3,1.816403710118552,13,1,12,-0.26540576102051383,-0.6918341926515932,0.037670111121429345,1,0,0,1,1,0,0,0,0,0,1,0,0,0,0,0,0,1,0,0,1,0,1,0,0,0,1,0,0,1
1.7751214114478269,0,0.41528503935266387,-0.2707027483978553,3,3,-0.3390898026047641,4,4,3,1.5307188844825919,13514,3,19,3,3,0,2.690648476103534,3,3,-0.3253544746389928,1,1,3,-0.33817618269832256,-0.26770042590900495,0.5320903195901912,0,1,1,0,1,0,0,0,0,0,1,0,0,0,0,1,0,0,0,0,1,0,0,0,0,0,1,0,1,0
0.4485182213978495,0,-0.9308674718015876,0.09958233858556324,4,2,0.349801425194451,2,5,4,2.341882279673542,8861,3,15,3,2,3,1.5243658164203626,2,2,2.3106555989087543,6,12,6,0.10371739851200053,0.8229292600005075,-0.4567500973473325,0,1,0,0,0,0,0,0,0,0,1,0,0,1,0,0,0,0,0,0,0,0,0,0,0,0,1,0,0,1
2.548973272310314,0,0.9334174055243739,0.8401525125524003,4,1,0.8910731041795485,3,2,1,-0.23314438922936873,11924,8,14,3,4,0,-0.16026469201088478,1,3,-0.8196063634291954,2,2,2,-0.24536210941758194,2.081348128357637,-0.9511703058160944,0,1,0,1,0,1,0,0,0,0,1,0,0,0,0,0,0,1,0,0,0,1,0,0,0,1,0,1,0,0
-1.0991855003271243,0,-1.2605880684563122,0.09958233858556324,2,4,-1.6676657419318217,3,3,1,0.4019888631179714,4809,1,21,4,3,2,-0.2898516541979038,4,2,0.333648043747944,7,1,7,0.27696946817524054,-0.5287058208275208,-0.4567500973473325,1,0,1,0,1,0,0,0,0,0,1,0,0,0,1,0,0,0,0,0,0,0,0,0,0,1,0,0,0,1
0.4485182213978495,0,-1.2110060238465792,-1.0112729223646924,3,4,-0.3390898026047641,2,5,3,2.3508806256335992,19562,1,12,3,2,1,1.5243658164203626,3,3,2.4754062285054887,7,2,10,0.10621472564228146,-0.5880252287635471,0.5320903195901912,0,1,0,0,0,0,0,0,0,0,1,0,0,1,0,0,0,0,0,0,1,0,0,0,0,0,1,0,0,1
1.4434706139353326,0,-1.206047819385606,-0.1472743860700491,4,4,-0.5851223839616266,3,1,2,-0.5199666667061781,9983,7,15,3,4,1,-0.937786465132999,2,3,-0.8196063634291954,2,2,2,0.2670972218633487,2.081348128357637,1.026510528058953,0,1,0,1,0,1,0,0,0,0,1,0,0,0,0,0,0,0,1,0,1,0,0,1,1,0,0,1,0,0
-0.9886352344896261,1,-0.3681112654811178,-1.0112729223646924,2,1,0.05456232756621595,1,1,2,-0.8309719989506401,3872,7,13,3,4,0,-0.16026469201088478,4,3,0.004146784554475587,7,3,7,-0.6269693032190735,0.4034563038814642,-0.4567500973473325,0,1,1,0,1,0,0,0,0,0,0,0,0,0,0,0,1,0,0,0,0,1,1,1,0,1,0,0,0,1
-0.10423310778964111,0,-0.9308674718015876,-0.1472743860700491,3,1,-0.14226373751927407,4,3,1,0.9493882423547579,20335,9,14,3,1,1,-0.16026469201088478,2,3,0.1688974141512098,7,0,5,0.5094758267692506,-0.8549625644756657,-2.43443093122238,0,0,1,0,1,0,0,0,0,0,0,0,0,0,0,1,0,0,0,0,1,0,0,0,0,1,0,0,0,1
0.11686742388535513,0,-1.57295494949763,-1.0112729223646924,3,3,0.743453555365431,3,3,3,0.2272709790602025,15397,4,14,3,4,0,-0.16026469201088478,4,4,-0.9843569930259296,0,0,0,0.048531671697646515,-0.8549625644756657,1.520930736527715,0,1,1,0,1,0,0,0,0,0,0,0,0,0,1,0,0,0,0,0,0,1,1,0,0,1,0,0,0,0
0.7801690189103438,0,-1.0449061744039736,1.8275794111748498,3,1,-0.8311549653184892,1,1,3,-0.5512734120255423,2104,2,14,3,3,0,-0.2898516541979038,5,3,-0.3253544746389928,2,1,4,-0.3991298246997759,-0.26770042590900495,-0.4567500973473325,0,0,1,0,0,0,1,0,0,0,1,0,1,0,0,0,0,0,0,0,0,1,0,1,0,1,0,0,1,0
1.1118198164228383,0,-1.4514789402037842,-0.76441619770908,3,4,-0.8311549653184892,3,4,3,1.3350048598513573,10225,9,12,3,4,2,2.1723006273554577,2,2,2.4754062285054887,2,11,13,-0.3036553733544671,0.6131927819409859,1.026510528058953,1,0,0,1,0,0,1,0,0,0,0,0,0,0,0,0,0,1,0,0,0,0,1,0,0,0,1,0,0,1
-0.7675347028146299,0,-0.7474139067455754,2.1978644981582685,5,3,1.6291708482501361,3,2,4,-0.25207840885365485,25275,7,23,4,4,1,-0.16026469201088478,2,2,0.1688974141512098,7,7,7,-0.25744813217517076,1.7143092917534744,1.026510528058953,0,1,0,1,0,1,0,0,0,0,1,0,0,0,0,0,0,1,0,0,0,0,0,0,0,1,0,0,0,1
-0.8780849686521279,0,1.4713825895399772,0.09958233858556324,3,3,1.6291708482501361,3,1,3,-0.7511116785551363,2755,1,11,3,3,0,-1.3265473516940562,6,3,-0.9843569930259296,0,0,0,2.2693682693025017,-0.8549625644756657,0.5320903195901912,0,1,0,1,1,0,0,0,0,0,1,0,0,0,0,0,0,0,1,0,0,1,0,1,0,0,0,0,0,0
0.5590684872353476,1,0.3235582568246578,1.2104375995358188,3,3,-0.4375028351475091,4,1,3,-0.729178210277498,20366,6,12,3,4,0,-0.5490255785719419,2,3,-0.8196063634291954,2,2,2,-0.4204983232103643,2.081348128357637,1.026510528058953,1,0,1,0,0,0,1,0,0,0,1,0,0,0,0,0,1,0,0,0,0,0,1,1,1,0,0,1,0,0
0.6696187530728458,0,-0.06813989559223305,0.7167241502245941,3,4,-0.9295679978612341,2,2,4,0.029119902398119114,23683,3,18,3,3,1,-0.5490255785719419,5,3,-0.1606038450422586,2,2,2,0.2709862885922758,0.12380766646876869,1.520930736527715,1,0,0,1,1,0,0,0,0,0,1,0,0,0,0,0,0,1,0,0,1,0,0,0,1,0,0,0,0,1
-0.32533363946463734,0,0.41528503935266387,-0.1472743860700491,2,2,1.4815512994360187,3,2,3,-0.09498228563433045,7360,3,11,3,4,0,-0.16026469201088478,2,3,-0.3253544746389928,1,4,3,-0.1571700423646815,1.4940859897909768,0.5320903195901912,0,1,1,0,0,0,1,0,0,0,0,0,0,0,0,0,0,0,0,0,0,1,0,0,0,1,0,0,1,0
-1.5413865636771167,0,-0.3780276744030644,-0.023846023742242928,1,2,-1.4216331605749593,3,1,1,-0.7777317853536376,4344,1,14,3,4,1,-0.80819950294598,2,4,-0.490105104235727,3,0,2,-0.2938258640395964,-0.8549625644756657,0.037670111121429345,0,1,1,0,0,0,1,0,0,0,1,0,1,0,0,0,0,0,0,0,1,0,0,1,1,0,0,0,1,0
0.22741768972285326,0,-1.6398907097207698,-0.76441619770908,3,3,-1.0771875466753518,4,2,2,-0.04867829704820501,18767,9,15,3,3,1,0.09890923236315328,3,1,0.1688974141512098,3,3,6,-0.25503491641004167,0.24615394533682303,-0.9511703058160944,0,1,0,0,0,0,0,0,0,0,0,1,0,0,0,0,0,0,0,0,1,0,0,0,0,1,0,0,0,1
2.1067722089603214,0,0.07316893154550606,-0.023846023742242928,3,3,0.743453555365431,3,4,4,0.8350342624457032,20420,7,11,3,3,0,2.431474551729496,1,2,0.4983986733446782,7,1,1,-0.4492688696050205,-0.5613314951923353,0.5320903195901912,0,1,1,0,0,0,1,0,0,0,1,0,0,0,0,0,0,0,0,0,1,0,0,0,0,0,1,0,0,1
0.33796795556035136,0,0.003754069091879834,-0.8878445600368862,1,4,0.9894861367222936,2,1,4,-0.7368642974517131,22929,0,20,4,4,0,-0.80819950294598,2,2,-0.490105104235727,2,2,3,-0.24165253807614376,0.6131927819409859,1.520930736527715,0,1,1,0,0,0,1,0,0,0,0,0,0,0,0,0,1,0,0,0,0,1,1,1,1,0,0,0,1,0
-1.0991855003271243,0,0.4276805505050971,-0.2707027483978553,3,4,-0.5359158676902541,2,2,1,0.030432161183960724,23398,8,19,3,1,0,-0.2898516541979038,2,1,0.004146784554475587,6,0,7,0.013443647432215506,-0.8549625644756657,-1.940010722753618,0,1,1,0,0,0,1,0,0,0,0,0,0,0,0,0,0,0,0,0,0,1,0,0,0,1,0,0,0,1
-0.8780849686521279,0,0.712777307011062,0.09958233858556324,3,4,0.841866587908176,3,1,2,-0.8157872901430443,17967,1,14,3,4,2,-1.196960389507037,2,3,-0.8196063634291954,2,2,2,0.4821925278709314,2.081348128357637,1.026510528058953,0,1,0,1,0,1,0,0,0,0,1,0,0,0,0,0,0,0,1,0,0,0,0,1,0,0,0,1,0,0
1.7751214114478269,0,-1.1316747524710062,-0.3941311107256615,3,4,0.9894861367222936,3,2,4,-0.7871050623953634,10919,2,17,3,4,0,1.0060179676722865,4,3,-0.8196063634291954,2,2,2,-0.7378407699332962,2.081348128357637,2.015350944996477,0,1,1,0,1,0,0,0,0,0,1,0,1,0,0,0,0,0,0,0,0,1,0,1,0,0,1,1,0,0
-0.21478337362713923,0,1.04745610812676,-0.8878445600368862,4,4,-0.2406767700620191,3,2,1,-0.2916336379697377,4761,2,11,3,1,1,0.6172570811112295,2,4,-0.9843569930259296,0,0,0,-0.5112396521355779,-0.8549625644756657,-0.4567500973473325,0,0,1,0,1,0,0,0,0,0,0,0,0,0,0,0,0,0,0,0,0,0,0,0,0,0,1,0,0,0
-0.5464341711396336,0,-0.9234301651101275,1.8275794111748498,4,1,0.6942470390940585,3,2,4,-0.25114108114948225,21146,1,15,3,4,2,-0.16026469201088478,2,3,0.4983986733446782,8,4,7,-0.25684981421687425,0.3195617126576557,0.5320903195901912,1,0,1,0,1,0,0,0,0,0,1,0,1,0,0,0,0,0,0,0,1,0,0,0,0,1,0,0,0,1
0.11686742388535513,0,-1.325044726448965,-0.8878445600368862,5,4,1.2847252343505287,3,1,3,-0.6733134791088122,20471,6,13,3,2,1,-0.6786125407589609,0,1,-0.9843569930259296,0,0,1,-0.28245782283196336,-0.8549625644756657,-0.4567500973473325,0,1,1,0,0,0,1,0,0,0,1,0,0,0,0,0,1,0,0,0,1,0,1,1,1,0,0,0,0,0
-0.32533363946463734,0,-1.5754340517281167,-0.1472743860700491,5,2,-1.6676657419318217,3,2,1,-0.28638460282637124,4187,3,14,3,3,1,-0.5490255785719419,3,3,-1.1491076226226637,0,0,0,-0.016719175354286225,-0.8549625644756657,-0.9511703058160944,0,1,1,0,1,0,0,0,0,0,0,0,0,0,1,0,0,0,0,0,0,0,0,0,1,0,0,0,0,0
1.664571145610329,0,-0.44992163908717725,-0.76441619770908,4,3,-1.7168722582031943,2,4,1,1.9135235188666733,10084,1,11,3,1,0,2.949822400477572,3,4,4.452413783666299,6,1,16,-0.2988939690981077,-0.768600485274686,-0.9511703058160944,0,1,0,1,0,1,0,0,0,0,1,0,0,1,0,0,0,0,0,0,1,0,0,0,0,0,1,0,0,1
-0.4358839053021355,1,-0.6829572487529224,-1.0112729223646924,4,4,-0.14226373751927407,3,1,4,-0.7428631947584176,5207,1,13,3,3,0,-0.16026469201088478,2,2,0.4983986733446782,9,7,8,-0.5707274151392049,1.2004549205076465,1.026510528058953,0,1,1,0,0,0,0,1,0,0,1,0,0,0,0,0,1,0,0,0,0,1,1,1,0,1,0,0,0,1
-1.3202860320021204,0,0.19960314530032525,2.074436135830462,1,3,-1.6676657419318217,3,2,4,-0.08785859508261884,22807,1,23,4,2,0,-0.6786125407589609,5,2,-0.1606038450422586,5,1,4,0.3403911717546669,-0.36557744900344846,0.037670111121429345,0,1,0,1,0,0,1,0,0,0,0,0,0,0,0,0,0,1,0,0,0,1,0,0,1,0,0,0,0,1
0.890719284747842,0,0.37561940366487745,-0.8878445600368862,2,2,-0.9787745141326066,1,2,3,-0.003124170625417631,12388,0,13,3,1,0,-0.2898516541979038,3,3,0.1688974141512098,7,3,1,-0.01035611135335541,0.24615394533682303,-0.9511703058160944,0,1,0,1,0,0,0,0,1,0,1,0,0,0,0,0,0,0,1,0,0,1,0,0,0,1,0,0,0,1
-1.5413865636771167,0,-1.2209224327685257,0.09958233858556324,1,1,0.645040522822686,4,1,3,-0.589328916814949,19630,1,18,3,4,0,-1.196960389507037,3,3,-0.8196063634291954,2,0,2,1.204960621493073,-0.8549625644756657,0.037670111121429345,0,1,1,0,0,0,0,0,0,1,1,0,0,0,0,0,1,0,0,0,0,1,0,1,0,0,0,1,0,0
1.1118198164228383,1,-0.2069696204994855,2.1978644981582685,2,2,0.5466274902799411,4,2,3,-0.04717857272152888,10339,4,12,3,4,0,-0.41943861638492286,2,3,-0.3253544746389928,4,1,3,0.06471617246956614,-0.26770042590900495,0.5320903195901912,1,0,0,1,1,0,0,0,0,0,0,0,0,0,0,0,0,1,0,0,0,1,1,0,0,1,0,0,1,0
-0.10423310778964111,0,-1.2357970461514456,-0.8878445600368862,3,4,-0.2898832863333916,3,2,4,-0.07023683424417435,18686,1,22,4,3,0,-0.6786125407589609,5,3,-0.1606038450422586,5,1,4,0.3591384677812899,-0.36557744900344846,1.520930736527715,0,1,0,1,0,0,0,1,0,0,1,0,0,0,0,0,0,1,0,0,0,1,0,0,1,0,0,0,0,1
1.9962219431228232,1,-0.19209500711656557,-0.8878445600368862,3,4,0.5958340065513135,3,5,1,2.476482537992725,21199,5,13,3,4,1,1.6539527786073818,2,3,-0.3253544746389928,2,1,4,0.0980225388147366,-0.26770042590900495,0.5320903195901912,0,1,1,0,0,0,1,0,0,0,1,0,0,1,0,0,0,0,0,0,1,0,1,0,0,0,1,0,1,0
-0.10423310778964111,0,1.5655884742984698,-0.1472743860700491,4,1,0.4974209740085685,2,3,1,0.17590542087154512,14229,1,15,3,2,0,-0.16026469201088478,1,3,0.4983986733446782,7,0,9,0.015743847582999727,-0.8549625644756657,-1.940010722753618,0,0,0,1,1,0,0,0,0,0,1,0,0,0,0,0,0,1,0,0,0,1,0,0,0,1,0,0,0,1
1.664571145610329,0,-0.2168860294214321,1.2104375995358188,4,4,-1.2248070954894692,3,1,4,-0.44816736456655853,26589,0,18,3,1,1,-0.80819950294598,3,3,-0.490105104235727,3,1,2,0.12691132423448473,-0.12088489126733984,0.5320903195901912,0,0,1,0,0,0,1,0,0,0,1,0,0,0,0,0,1,0,0,0,1,0,0,1,1,0,0,0,1,0
-1.2097357661646224,0,-0.5639603416895632,-1.0112729223646924,2,1,0.251388392651706,1,1,4,-0.42829601723809985,5288,3,14,3,1,1,-0.80819950294598,2,3,-0.8196063634291954,2,2,0,0.15228000566625516,2.081348128357637,-0.9511703058160944,1,0,1,0,1,0,0,0,0,0,0,0,1,0,0,0,0,0,0,0,0,0,0,1,1,0,0,1,0,0
-0.8780849686521279,0,-0.36067395878965786,2.1978644981582685,3,2,0.005355811294843447,3,2,3,-0.4337325179223008,25549,4,12,3,1,1,-0.030677729823865754,3,2,0.1688974141512098,7,1,1,-0.4205604861151224,-0.48792372787150273,-1.4455905142848562,0,1,1,0,0,0,1,0,0,0,0,0,0,0,0,0,0,0,0,0,1,0,0,1,0,1,0,0,0,1
-1.2097357661646224,1,0.8516070319183144,-0.1472743860700491,3,4,-1.3724266443035866,2,2,1,-0.24795416695529549,3064,6,17,3,3,0,-0.6786125407589609,2,2,-0.490105104235727,3,1,2,0.1700699929596037,-0.12088489126733984,-0.4567500973473325,0,1,0,1,0,0,0,0,1,0,1,0,0,0,0,0,0,1,0,0,0,1,0,0,1,0,0,0,1,0
-0.32533363946463734,0,-1.538247518270817,-1.0112729223646924,4,2,0.3005949089230785,4,1,4,-0.6315086635027152,13551,2,16,3,3,0,-0.16026469201088478,2,3,-0.490105104235727,2,1,3,-0.4996472416935837,-0.12088489126733984,0.5320903195901912,0,1,1,0,1,0,0,0,0,0,0,0,0,0,0,0,1,0,0,0,0,1,0,1,0,1,0,0,1,0
1.885671677285325,0,-1.0573016855564068,1.2104375995358188,4,4,1.432344783164646,3,2,1,-0.21814714596260742,22670,9,11,3,2,2,-0.2898516541979038,4,3,-0.3253544746389928,3,1,4,-0.16286071094581245,-0.26770042590900495,-0.4567500973473325,0,1,1,0,0,0,1,0,0,0,0,0,0,0,1,0,0,0,0,0,0,0,1,0,0,1,0,0,1,0
-1.0991855003271243,0,0.0657316248540461,-0.1472743860700491,1,3,0.8910731041795485,3,2,4,-0.4324202591364592,24008,0,19,3,2,1,-0.80819950294598,3,3,-0.490105104235727,2,1,1,0.1470148076332462,-0.12088489126733984,0.5320903195901912,1,0,0,1,0,1,0,0,0,0,1,0,0,0,0,0,0,1,0,0,1,0,0,1,1,0,0,0,1,0
0.006317158047857013,0,-0.5738767506115098,0.09958233858556324,1,4,0.7926600716368035,3,1,1,-0.7248665028383041,19905,0,13,3,2,2,-0.6786125407589609,3,2,-0.3253544746389928,3,4,3,-0.33730363567580685,1.4940859897909768,-0.9511703058160944,0,1,1,0,1,0,0,0,0,0,0,0,0,0,0,0,1,0,0,0,0,0,1,1,1,0,0,0,1,0
0.11686742388535513,0,-1.3944595889025913,-0.8878445600368862,4,1,0.448214457737196,4,2,1,-0.12535170324952205,26085,6,12,3,4,0,0.7468440432982485,2,3,1.3221518213283492,7,4,12,-0.47120954108749247,-0.07194637972011814,-0.9511703058160944,1,0,1,0,1,0,0,0,0,0,0,0,0,0,1,0,0,0,0,0,0,1,1,0,0,0,1,0,0,1
-0.32533363946463734,0,-1.6894727543305028,-0.8878445600368862,4,3,0.9894861367222936,2,1,1,-0.4251091030439131,7530,1,11,3,3,0,-0.6786125407589609,3,3,-0.1606038450422586,5,1,3,-0.01840016390378587,-0.36557744900344846,-0.4567500973473325,0,1,1,0,0,0,1,0,0,0,0,0,0,0,0,0,1,0,0,0,0,1,0,1,1,0,0,0,0,1
-0.21478337362713923,0,-1.0374688677125135,-0.1472743860700491,4,1,0.3005949089230785,3,1,4,-0.7642342664135524,20317,1,16,3,2,1,-1.0673734273200182,1,2,-0.6548557338324612,2,0,2,0.13377203682295097,-0.8549625644756657,-0.9511703058160944,0,1,0,1,1,0,0,0,0,0,0,0,0,0,0,0,0,0,1,0,1,0,0,1,1,0,0,1,0,0
-0.7675347028146299,0,0.293809030058818,-1.0112729223646924,3,4,-1.3724266443035866,1,1,3,-0.5278402194212278,24375,3,21,4,3,2,-0.5490255785719419,2,3,-0.8196063634291954,2,0,2,-0.23690018400738894,-0.8549625644756657,1.026510528058953,0,1,1,0,1,0,0,0,0,0,1,0,1,0,0,0,0,0,0,0,1,0,0,1,1,0,0,1,0,0
0.33796795556035136,0,-0.028474259904446627,-0.8878445600368862,2,3,-1.3724266443035866,4,2,2,-0.45079188213824173,9931,1,24,4,4,1,-0.41943861638492286,2,3,0.1688974141512098,7,3,7,-0.25732846858351144,0.24615394533682303,0.5320903195901912,1,0,1,0,0,0,1,0,0,0,0,0,0,0,0,0,0,0,0,0,1,0,0,1,0,1,0,0,0,1
-0.32533363946463734,0,0.7648384538512817,-0.1472743860700491,2,3,1.333931750621901,3,2,1,-0.027869622015573737,13305,5,17,3,2,1,-0.6786125407589609,1,3,-0.6548557338324612,2,1,2,0.40421175397295744,0.12380766646876869,-0.9511703058160944,0,1,0,1,1,0,0,0,0,0,0,0,0,0,0,0,0,1,0,0,1,0,0,0,1,0,0,1,0,0
0.5590684872353476,0,-0.5763558528419964,-0.1472743860700491,3,2,0.005355811294843447,3,5,4,2.2085942801402014,16225,1,13,3,2,1,1.6539527786073818,4,2,2.804907487698957,7,14,9,0.026772841947597978,0.8578853396770946,-0.4567500973473325,1,0,1,0,1,0,0,0,0,0,1,0,0,1,0,0,0,0,0,0,0,0,0,0,0,0,1,0,0,1
-1.5413865636771167,1,1.0920799482755195,-0.3941311107256615,3,3,-0.14226373751927407,4,1,1,-0.9462633065638675,3445,1,21,4,3,2,-1.3265473516940562,2,3,-1.1491076226226637,0,0,0,1.0236702801292412,-0.8549625644756657,-0.4567500973473325,0,1,1,0,1,0,0,0,0,0,1,0,1,0,0,0,0,0,0,0,1,0,1,1,0,0,0,0,0,0
-1.4308362978396185,0,0.7177355114720353,-0.023846023742242928,3,3,-0.2898832863333916,2,1,2,-0.7413634704317414,26551,1,11,3,3,3,-1.3265473516940562,4,3,-0.9843569930259296,0,0,0,2.331593336965335,-0.8549625644756657,0.037670111121429345,0,0,1,0,1,0,0,0,0,0,1,0,1,0,0,0,0,0,0,0,0,0,0,1,0,0,0,0,0,0
1.664571145610329,0,1.2953663311754249,0.22301070091336941,4,4,0.7926600716368035,3,2,3,-0.6560666493520367,21821,8,20,4,2,1,-0.2898516541979038,3,3,-0.3253544746389928,2,1,4,-0.4734542110748269,-0.26770042590900495,0.5320903195901912,0,1,1,0,1,0,0,0,0,0,0,0,1,0,0,0,0,0,0,0,1,0,0,1,0,1,0,0,1,0
1.4434706139353326,0,-0.2763844829531117,-0.8878445600368862,3,3,-0.09305722124790157,3,4,3,2.060309037340099,6881,5,16,3,4,0,2.431474551729496,3,3,-0.490105104235727,3,0,3,-0.18856179124330322,-0.8549625644756657,1.026510528058953,0,1,1,0,0,0,1,0,0,0,1,0,0,0,0,1,0,0,0,0,1,0,0,0,0,0,1,0,1,0
-0.8780849686521279,1,0.006233171322366485,-1.0112729223646924,2,2,-1.4708396768463317,2,1,1,-0.8116630482446849,6689,1,11,3,4,1,-1.3265473516940562,1,3,-0.9843569930259296,0,0,0,1.8828548682429789,-0.8549625644756657,-0.4567500973473325,0,1,1,0,1,0,0,0,0,0,0,0,1,0,0,0,0,0,0,0,1,0,1,1,0,0,0,0,0,0
-0.4358839053021355,0,-1.4613953491257308,-0.2707027483978553,3,3,-0.8311549653184892,3,3,3,0.9452640004563986,25995,0,11,3,4,0,0.3580831567371914,3,4,0.9926505621348808,9,3,7,0.10713264201308406,-0.17735240459105717,1.520930736527715,0,1,1,0,0,0,1,0,0,0,1,0,0,0,0,1,0,0,0,0,1,0,0,0,0,1,0,0,0,1
-0.4358839053021355,1,-1.6969100610219627,0.8401525125524003,3,1,0.15297536010896096,3,2,1,-0.2483290980369645,26507,5,15,3,3,0,-0.6786125407589609,3,3,-0.6548557338324612,2,0,2,0.16967111432073947,-0.8549625644756657,-1.4455905142848562,0,1,0,1,0,1,0,0,0,0,0,0,0,0,0,0,0,1,0,0,0,1,0,0,1,0,0,1,0,0
1.2223700822603363,0,-1.488665473661084,-0.8878445600368862,2,3,-1.6184592256604493,3,4,4,1.8940271026198836,12982,1,11,3,3,1,1.9131267029814198,3,2,3.1344087468924253,14,3,0,-0.12114209638356771,-0.5161574845333614,0.5320903195901912,0,1,1,0,0,0,0,1,0,0,0,0,0,1,0,0,0,0,0,0,1,0,1,0,0,0,1,0,0,1
-0.10423310778964111,0,-0.31357101641041146,-1.0112729223646924,3,3,-1.5200461931177043,3,2,2,-0.26632578995707806,23361,0,15,3,1,1,-0.16026469201088478,2,3,0.333648043747944,7,0,5,-0.26654256514127717,-0.8549625644756657,-0.9511703058160944,0,1,1,0,0,0,0,1,0,0,0,0,0,0,1,0,0,0,0,0,1,0,0,0,0,1,0,0,0,1
-0.8780849686521279,0,1.1143918683498995,1.7041510488470435,2,3,0.743453555365431,4,1,3,-0.7402386771867344,23779,1,24,4,3,1,-0.16026469201088478,3,3,0.4983986733446782,7,0,7,-0.5690521248559748,-0.8549625644756657,0.5320903195901912,0,1,1,0,1,0,0,0,0,0,1,0,0,0,0,0,1,0,0,0,1,0,0,1,0,1,0,0,0,1
2.3278727406353177,1,-1.2804208863002053,-0.8878445600368862,4,4,-1.7168722582031943,3,5,2,2.3615661614611665,25761,7,12,3,4,0,3.727344173599686,2,3,3.9581618948760964,15,13,8,-0.3163824510673735,0.3763935325189454,1.026510528058953,0,1,1,0,1,0,0,0,0,0,1,0,0,0,0,1,0,0,0,0,0,1,1,0,0,0,1,0,0,1
-0.21478337362713923,0,1.1292664817328193,-1.0112729223646924,4,4,-1.2740136117608418,4,1,3,-0.7766069921086305,13301,3,13,3,3,0,-0.5490255785719419,0,3,-0.8196063634291954,2,2,2,-0.46374816419579523,2.081348128357637,1.026510528058953,0,1,1,0,1,0,0,0,0,0,0,0,0,0,0,0,1,0,0,0,0,1,0,1,1,0,0,1,0,0
0.5590684872353476,0,0.32107915459417113,-1.0112729223646924,2,4,-1.1263940629467242,2,2,4,-0.10997952890109172,4051,9,13,3,4,1,-0.41943861638492286,4,3,-0.1606038450422586,3,0,2,0.014607043462236369,-0.8549625644756657,2.015350944996477,0,1,1,0,1,0,0,0,0,0,0,0,0,0,1,0,0,0,0,0,1,0,1,0,0,1,0,0,0,1
-0.9886352344896261,1,0.2169568609137318,-0.8878445600368862,4,3,-0.9787745141326066,3,1,3,-0.42492163750307854,16374,6,17,3,4,0,-0.80819950294598,3,2,-0.8196063634291954,2,2,1,0.15658789496598982,2.081348128357637,0.5320903195901912,0,1,1,0,0,0,1,0,0,0,1,0,0,0,0,0,1,0,0,0,0,1,0,1,1,0,0,1,0,0
-0.10423310778964111,0,0.5913012977172161,0.46986742556898176,3,3,-1.4708396768463317,3,1,2,-0.8446569834315598,25527,4,13,3,2,1,-0.41943861638492286,2,3,-0.3253544746389928,2,0,4,-0.5715949761787348,-0.8549625644756657,-0.4567500973473325,0,1,0,0,0,0,0,0,0,0,1,1,0,0,0,0,0,0,0,0,1,0,0,1,0,1,0,0,1,0
-0.5464341711396336,0,0.14010469176864562,-0.6409878353812738,3,3,1.5799643319787637,2,2,3,-0.09123297481764013,19124,1,12,3,3,1,0.3580831567371914,3,3,1.157401191731615,13,6,8,-0.36545307104708863,0.4034563038814642,0.5320903195901912,0,1,1,0,1,0,0,0,0,0,0,0,0,0,1,0,0,0,0,0,1,0,0,0,0,1,0,0,0,1
0.33796795556035136,0,-0.20449051826899883,0.8401525125524003,4,1,-0.7327419327757442,2,2,3,-0.2914461724289032,11983,6,14,3,4,0,-0.16026469201088478,6,3,-0.9843569930259296,0,0,0,-0.2825774864236227,-0.8549625644756657,0.037670111121429345,1,0,1,0,0,0,1,0,0,0,1,0,1,0,0,0,0,0,0,0,0,1,0,0,0,1,0,0,0,0
-0.7675347028146299,0,0.35578658582098427,-0.8878445600368862,3,3,-0.6835354165043717,2,2,4,-0.25657758183368323,20234,5,24,4,2,0,0.09890923236315328,4,2,-1.1491076226226637,0,0,0,-0.3656240190351734,-0.8549625644756657,0.037670111121429345,0,1,1,0,0,0,1,0,0,0,0,0,0,0,1,0,0,0,0,0,0,1,1,0,0,1,0,0,0,0
0.890719284747842,0,-1.3647103621367513,-0.8878445600368862,3,2,1.432344783164646,2,1,3,-0.7368642974517131,6153,1,14,3,4,0,-1.3265473516940562,3,3,-0.9843569930259296,0,0,0,2.360312598963566,-0.8549625644756657,0.5320903195901912,0,1,1,0,1,0,0,0,0,0,0,0,0,0,0,0,1,0,0,0,0,1,0,1,0,0,0,0,0,0
0.5590684872353476,0,0.3235582568246578,2.4447212228138806,3,2,1.5799643319787637,3,2,2,-0.4151734293796837,11806,1,13,3,4,1,-0.16026469201088478,3,2,0.333648043747944,8,7,8,-0.36155545691875735,1.428834641061348,-0.4567500973473325,0,1,1,0,1,0,0,0,0,0,1,0,0,0,1,0,0,0,0,0,1,0,0,1,0,1,0,0,0,1
0.11686742388535513,0,-0.821786973660175,0.3464390632411756,3,1,-1.0279810304039791,2,2,1,-0.06761231667249112,4284,2,15,3,3,1,0.2284961945501723,3,2,-0.490105104235727,3,1,2,-0.3133402343717276,-0.12088489126733984,-1.940010722753618,1,0,1,0,1,0,0,0,0,0,1,0,0,0,0,0,0,0,0,0,0,0,0,0,0,1,0,0,1,0
-0.32533363946463734,0,-0.24911435841775856,0.8401525125524003,4,3,1.6783773645215088,2,1,4,-0.7677961116894082,8306,1,16,3,3,0,-0.6786125407589609,3,3,-0.3253544746389928,2,1,3,-0.38297523982577114,-0.26770042590900495,1.026510528058953,1,0,1,0,1,0,0,0,0,0,0,0,0,0,0,0,1,0,0,0,0,1,0,1,1,0,0,0,1,0
1.3329203480978344,1,0.9458129166768071,0.22301070091336941,3,3,-1.1263940629467242,3,3,4,0.1884656121074577,5860,1,18,3,1,2,-0.2898516541979038,3,4,0.333648043747944,8,7,7,0.1255285449530884,1.428834641061348,0.5320903195901912,0,1,0,1,0,1,0,0,0,0,0,0,0,0,0,0,0,1,0,0,1,0,0,0,0,1,0,0,0,1
1.9962219431228232,1,-0.9085555517272077,-0.8878445600368862,1,3,-1.4216331605749593,3,2,4,-0.2790734467338251,21519,4,16,3,3,0,0.09890923236315328,3,2,0.333648043747944,7,7,3,-0.37759037820110286,1.428834641061348,0.5320903195901912,0,1,0,1,0,0,1,0,0,0,1,0,0,0,0,0,0,1,0,0,0,1,0,0,0,1,0,0,0,1
0.6696187530728458,0,-0.5292529104627501,0.5932957878967879,2,2,1.3831382668932737,3,4,1,1.9703255777395317,5200,6,24,4,3,1,1.3947788542333437,3,3,-0.490105104235727,1,1,0,0.041177800064766235,-0.12088489126733984,-0.9511703058160944,0,1,1,0,1,0,0,0,0,0,1,0,0,0,0,1,0,0,0,0,1,0,0,0,0,0,1,0,1,0
-1.0991855003271243,0,-1.3225656242184785,-0.5175594730534676,1,3,-1.1756005792180968,2,3,4,1.1546630095685528,8842,1,16,3,2,1,-0.2898516541979038,3,3,0.333648043747944,8,0,8,0.8108020465219842,-0.8549625644756657,0.5320903195901912,0,1,1,0,0,0,0,0,1,0,1,0,0,0,0,1,0,0,0,0,0,0,1,0,0,1,0,0,0,1
-0.21478337362713923,0,0.3657029947429309,-0.2707027483978553,3,3,-0.3390898026047641,3,3,3,0.6696896554296602,18869,3,21,4,2,0,0.7468440432982485,3,4,0.1688974141512098,5,1,6,-0.17268407507156894,-0.48792372787150273,0.5320903195901912,0,1,1,0,0,0,0,1,0,0,1,0,0,0,1,0,0,0,0,0,0,1,0,0,0,0,1,0,0,1
-0.9886352344896261,0,-0.10532642904953281,-0.8878445600368862,4,2,0.743453555365431,3,2,2,-0.3504978177917757,3698,1,20,4,1,0,-0.41943861638492286,2,3,0.1688974141512098,7,7,5,-0.17730344166135792,1.7143092917534744,-1.4455905142848562,0,1,0,1,0,1,0,0,0,0,0,0,0,0,0,0,0,1,0,0,1,0,1,1,0,1,0,0,0,1
-0.32533363946463734,0,0.0657316248540461,-0.76441619770908,2,3,1.0878991692650386,3,1,4,-0.5458369113413414,2243,0,19,3,3,1,-0.937786465132999,1,1,-0.6548557338324612,2,0,2,0.22581328274089196,-0.8549625644756657,0.037670111121429345,0,1,0,0,0,0,0,0,0,0,1,1,0,0,0,0,0,0,0,0,1,0,0,1,1,0,0,1,0,0
-1.2097357661646224,1,0.20951955422227186,-0.5175594730534676,2,3,1.0878991692650386,2,1,3,-0.7368642974517131,20898,1,14,3,1,1,-0.41943861638492286,2,3,0.1688974141512098,7,1,7,-0.4855867696736166,-0.48792372787150273,-0.4567500973473325,1,0,1,0,0,0,1,0,0,0,0,0,0,0,0,0,1,0,0,0,1,0,1,1,0,1,0,0,0,1
-1.0991855003271243,0,-0.8912018361138011,-0.76441619770908,3,4,-0.7819484490471167,3,1,4,-0.7368642974517131,16571,1,11,3,3,3,-1.4561343138810752,6,2,-1.1491076226226637,0,0,0,2.360312598963566,-0.8549625644756657,1.026510528058953,0,0,1,0,0,0,1,0,0,0,1,0,0,0,0,0,1,0,0,0,1,0,0,1,0,0,0,0,0,0
1.5540208797728308,0,1.2780126155620184,2.074436135830462,4,1,0.005355811294843447,3,4,3,1.90508756952912,5594,2,14,3,3,1,2.301887589542477,2,2,2.1459049693120202,6,4,17,-0.19846636047937888,-0.26770042590900495,-0.9511703058160944,0,1,0,1,0,1,0,0,0,0,0,0,0,1,0,0,0,0,0,0,1,0,0,0,0,0,1,0,0,1
0.7801690189103438,0,-0.4400052301652307,-0.6409878353812738,3,4,-0.7819484490471167,3,2,2,-0.13416258366874428,5197,9,12,3,4,0,-0.16026469201088478,2,2,-0.3253544746389928,2,2,3,-0.18217973302147425,0.3195617126576557,0.5320903195901912,0,1,1,0,0,0,1,0,0,0,1,0,0,0,0,0,0,0,0,0,0,1,0,0,0,1,0,0,1,0
-1.3202860320021204,0,-1.5432057227317904,-0.8878445600368862,1,1,-0.043850704976529056,4,1,1,-0.6045136256225448,21632,7,13,3,3,0,-0.6786125407589609,3,2,-0.490105104235727,3,0,1,-0.20926359260036131,-0.8549625644756657,-1.940010722753618,0,1,1,0,0,0,1,0,0,0,1,0,0,0,0,0,1,0,0,0,0,1,0,1,1,0,0,0,1,0
-0.4358839053021355,0,-0.5366902171542101,-1.0112729223646924,3,1,-0.8803614815898617,4,2,1,-0.48959724909098656,21816,1,22,4,1,1,-0.16026469201088478,5,3,0.333648043747944,8,0,8,-0.40906190280749744,-0.8549625644756657,-2.43443093122238,0,1,0,1,0,0,1,0,0,0,1,0,0,0,0,0,0,1,0,0,0,0,0,1,0,1,0,0,0,1
-0.21478337362713923,0,1.3399901713241846,2.1978644981582685,1,3,-0.6343289002329991,2,1,1,-0.7368642974517131,17852,1,11,3,4,0,-0.6786125407589609,3,2,-0.1606038450422586,5,1,1,-0.350067752119465,-0.36557744900344846,-0.4567500973473325,0,1,1,0,0,0,1,0,0,0,0,0,0,0,0,0,1,0,0,0,0,1,0,1,1,0,0,0,0,1
-0.10423310778964111,0,0.3111627456722245,-1.0112729223646924,2,2,-0.4867093514188816,3,2,4,-0.08392181872509401,2823,1,14,3,4,1,0.8764310054852675,1,2,1.816403710118552,14,4,11,-0.47990274906980007,-0.20244907717937607,0.5320903195901912,0,1,0,1,1,0,0,0,0,0,1,0,0,0,0,0,0,1,0,0,1,0,1,0,0,0,1,0,0,1
-0.5464341711396336,0,-1.6993891632524494,0.46986742556898176,4,2,0.349801425194451,3,2,4,-0.4209848611455537,9250,2,11,3,3,1,-0.41943861638492286,3,2,-0.3253544746389928,2,0,3,-0.23354532974122655,-0.8549625644756657,0.037670111121429345,0,1,0,1,1,0,0,0,0,0,1,0,0,0,0,0,0,1,0,0,0,0,0,1,0,1,0,0,1,0
-0.7675347028146299,0,0.5194073330331033,-0.5175594730534676,4,2,0.448214457737196,2,1,4,-0.5413377383613129,2373,9,12,3,2,1,-0.16026469201088478,3,2,-0.3253544746389928,4,0,3,-0.4420890541054628,-0.8549625644756657,-0.4567500973473325,1,0,1,0,1,0,0,0,0,0,1,0,0,0,0,0,1,0,0,0,0,0,0,1,0,1,0,0,1,0
1.7751214114478269,0,-0.35075754986771124,-0.2707027483978553,2,1,0.5958340065513135,2,3,4,0.8033525860446701,20715,7,18,3,4,1,3.0794093626645913,3,3,-0.3253544746389928,2,0,4,-0.5183147619924338,-0.8549625644756657,0.5320903195901912,0,1,0,1,0,1,0,0,0,0,0,0,0,0,0,0,0,1,0,0,1,0,1,0,0,0,1,0,1,0
0.890719284747842,0,0.31612095013319785,-0.023846023742242928,3,4,0.3990079414658235,3,3,1,0.7709210474802988,19239,4,12,3,3,1,0.8764310054852675,2,3,-0.3253544746389928,4,0,2,-0.17675498353291944,-0.8549625644756657,0.037670111121429345,0,1,0,1,0,1,0,0,0,0,1,0,0,0,0,0,0,1,0,0,0,0,1,0,0,0,1,0,1,0
-0.5464341711396336,0,-0.4077769011689042,-0.1472743860700491,2,3,1.235518718079156,4,2,3,-0.2762614636213074,22162,5,12,3,3,1,-0.2898516541979038,3,2,-0.3253544746389928,3,1,3,-0.20407817029512518,-0.26770042590900495,0.037670111121429345,0,1,1,0,0,0,1,0,0,0,0,0,0,0,0,0,1,0,0,0,1,0,0,0,0,1,0,0,1,0
1.664571145610329,0,0.2169568609137318,1.9510077735026559,4,3,0.743453555365431,2,4,4,1.34550293013809,19028,3,22,4,3,0,2.561061513916515,3,3,0.333648043747944,8,0,0,-0.3584442035356157,-0.8549625644756657,1.026510528058953,1,0,1,0,0,0,1,0,0,0,0,0,0,0,1,0,0,0,0,0,1,0,0,0,0,0,1,0,0,1
0.006317158047857013,0,-1.1415911613929528,0.8401525125524003,4,4,0.005355811294843447,2,2,3,-0.05898890179410339,24558,4,19,3,4,2,-0.2898516541979038,2,3,-0.9843569930259296,0,0,0,-0.04997805614721082,-0.8549625644756657,1.520930736527715,0,1,0,1,0,1,0,0,0,0,1,0,0,0,0,0,0,1,0,0,0,0,0,0,0,1,0,0,0,0
-0.6569844369771317,0,0.9086263832195074,-0.1472743860700491,2,2,-0.14226373751927407,2,1,4,-0.3210657278807567,23965,1,13,3,4,1,-0.6786125407589609,6,3,-0.3253544746389928,1,0,4,0.09228865838106197,-0.8549625644756657,1.026510528058953,0,1,0,0,0,0,1,0,0,0,1,1,0,0,0,0,0,0,0,0,0,0,0,1,1,0,0,0,1,0
-1.6519368295146148,0,1.0598516192791931,-1.0112729223646924,2,4,-1.6184592256604493,2,2,4,-0.35124767995511375,19146,6,22,4,1,2,-0.937786465132999,2,1,-0.8196063634291954,2,2,2,0.5363403030967624,2.081348128357637,-0.4567500973473325,0,1,1,0,1,0,0,0,0,0,1,0,0,0,1,0,0,0,0,0,1,0,0,1,1,0,0,1,0,0
0.7801690189103438,0,0.4549506750404503,-0.1472743860700491,4,1,-0.19147025379064658,4,1,4,-0.7181177433682615,5044,2,24,4,3,1,-0.16026469201088478,2,2,-0.6548557338324612,2,0,2,-0.554931821040178,-0.8549625644756657,-0.4567500973473325,0,1,1,0,0,0,0,0,0,1,1,0,1,0,0,0,0,0,0,0,1,0,1,1,0,1,0,1,0,0
0.5590684872353476,0,1.1614948107291458,-0.8878445600368862,1,2,-1.5200461931177043,3,1,4,-0.7749198022411199,9068,5,14,3,4,0,-0.41943861638492286,2,3,-0.8196063634291954,1,2,2,-0.5159514060571626,2.081348128357637,1.026510528058953,1,0,1,0,0,0,1,0,0,0,1,0,0,0,0,0,1,0,0,0,0,1,1,1,0,1,0,1,0,0
-0.10423310778964111,0,1.1788485263425523,-0.1472743860700491,3,1,0.5466274902799411,2,1,1,-0.8073513408054911,8635,0,21,4,3,0,-0.6786125407589609,3,3,-0.6548557338324612,3,0,3,-0.4250569362259565,-0.8549625644756657,-1.4455905142848562,0,1,0,0,1,0,0,0,0,0,1,1,0,0,0,0,0,0,0,0,1,0,0,1,1,0,0,1,0,0
-1.3202860320021204,0,-1.6398907097207698,-0.76441619770908,1,3,1.5799643319787637,3,2,1,-0.46016515917996753,14363,1,18,3,4,0,-0.80819950294598,3,3,-0.3253544746389928,3,0,3,0.11159438450209488,-0.8549625644756657,0.037670111121429345,0,1,0,1,0,0,0,1,0,0,1,0,0,0,0,0,0,1,0,0,1,0,1,1,1,0,0,0,1,0
-0.21478337362713923,0,-0.4846290703139904,-0.023846023742242928,3,4,0.005355811294843447,2,3,3,0.7566736663768756,23457,1,20,4,2,1,0.7468440432982485,2,3,1.6516530805218177,14,5,15,-0.14002295358338496,0.008658227534129436,0.5320903195901912,0,1,1,0,1,0,0,0,0,0,0,0,0,0,1,0,0,0,0,0,1,0,1,0,0,0,1,0,0,1
-0.21478337362713923,1,-1.6671608342561228,1.9510077735026559,4,4,1.4815512994360187,3,1,2,-0.8673403138725362,16612,1,19,3,1,1,-0.16026469201088478,3,2,0.4983986733446782,2,7,8,-0.6501840400009767,1.2004549205076465,-0.9511703058160944,1,0,1,0,1,0,0,0,0,0,0,0,0,0,0,0,1,0,0,0,0,0,1,1,0,1,0,0,0,1
-0.5464341711396336,0,-1.2457134550733922,-1.0112729223646924,3,4,-0.2406767700620191,3,1,4,-0.8126003759488576,9148,0,12,3,2,1,-0.937786465132999,2,3,-0.6548557338324612,0,0,2,-0.19988994458704984,-0.8549625644756657,1.026510528058953,0,0,1,0,1,0,0,0,0,0,1,0,1,0,0,0,0,0,0,0,0,0,0,1,1,0,0,1,0,0
-1.3202860320021204,0,-0.54412752384567,-0.6409878353812738,1,3,1.038692652993666,2,2,1,-0.44854229564822756,18154,1,12,3,1,0,-0.80819950294598,1,4,-0.3253544746389928,2,0,3,0.12643266986784757,-0.8549625644756657,-0.9511703058160944,0,1,0,1,0,1,0,0,0,0,1,0,0,0,0,0,0,1,0,0,1,0,0,1,1,0,0,0,1,0
1.3329203480978344,0,1.5259228386106836,-1.0112729223646924,3,3,-1.4708396768463317,3,1,1,-0.5752690012523604,10554,2,16,3,2,1,-0.5490255785719419,2,3,-0.490105104235727,2,0,2,-0.2801500249928198,-0.8549625644756657,-0.9511703058160944,0,1,1,0,0,0,0,0,1,0,0,0,0,0,0,0,1,0,0,0,1,0,0,1,1,0,0,0,1,0
-1.4308362978396185,0,1.1565366062681726,-0.6409878353812738,1,1,-0.9787745141326066,2,1,4,-0.653629597321188,10778,0,17,3,4,0,-0.6786125407589609,2,2,-0.3253544746389928,2,3,4,-0.26151669429158675,0.9068238512243162,0.037670111121429345,0,0,1,0,0,0,0,0,0,1,1,0,1,0,0,0,0,0,0,0,1,0,0,1,1,0,0,0,1,0
-0.5464341711396336,0,-1.0498643788649469,-0.5175594730534676,2,2,-0.8803614815898617,3,2,2,-0.023370449035545356,8891,1,14,3,4,1,-0.16026469201088478,3,3,0.4983986733446782,8,5,3,-0.1114585503508309,0.6131927819409859,0.037670111121429345,1,0,0,1,1,0,0,0,0,0,1,0,0,0,0,0,0,1,0,0,1,0,0,0,0,1,0,0,0,1
0.11686742388535513,0,-1.0101987431771604,-0.023846023742242928,3,2,1.5799643319787637,2,1,2,-0.7029330345606657,12102,0,19,3,4,1,-1.0673734273200182,3,3,-0.8196063634291954,2,1,2,0.2642053517315825,0.6131927819409859,0.037670111121429345,0,1,0,1,0,1,0,0,0,0,1,0,0,0,0,0,0,0,1,0,1,0,0,1,1,0,0,1,0,0
0.5590684872353476,0,1.1466201973462258,-0.76441619770908,3,3,1.432344783164646,4,2,4,-0.2657633933345745,23726,2,13,3,2,1,0.7468440432982485,1,2,-0.3253544746389928,3,1,3,-0.5239319117656172,-0.26770042590900495,0.037670111121429345,0,1,1,0,1,0,0,0,0,0,0,0,1,0,0,0,0,0,0,0,1,0,1,0,0,0,1,0,1,0
-0.6569844369771317,0,1.0400188014353,0.22301070091336941,4,4,-0.8803614815898617,3,1,4,-0.8047268232338078,14871,3,19,3,2,1,-0.41943861638492286,2,3,-0.1606038450422586,4,0,2,-0.5397345448994475,-0.8549625644756657,1.026510528058953,0,1,1,0,1,0,0,0,0,0,1,0,0,0,0,0,1,0,0,0,1,0,1,1,0,1,0,0,0,1
-0.8780849686521279,1,-1.1440702636234394,-1.0112729223646924,3,2,-0.8803614815898617,2,1,3,-0.7214921231032828,23522,6,19,3,3,3,-0.80819950294598,3,3,-0.6548557338324612,2,0,2,-0.22202770904401942,-0.8549625644756657,0.037670111121429345,0,1,0,1,0,0,1,0,0,0,0,0,0,0,0,0,0,0,1,0,0,0,1,1,1,0,0,1,0,0
1.7751214114478269,0,0.1624166118430255,-0.1472743860700491,3,1,0.349801425194451,3,4,4,0.9724465038774034,22789,5,14,3,3,1,2.1723006273554577,3,3,-0.8196063634291954,0,2,2,-0.3863087255934229,2.081348128357637,0.037670111121429345,0,1,0,1,0,1,0,0,0,0,1,0,0,0,0,0,0,1,0,0,1,0,0,0,0,0,1,1,0,0
-0.21478337362713923,0,-0.3234874253323581,1.9510077735026559,3,4,0.5958340065513135,2,3,2,0.7975411542788,9129,3,16,3,1,0,0.6172570811112295,2,3,0.9926505621348808,10,4,8,-0.07671123492276309,0.048517648703812304,-0.4567500973473325,0,1,1,0,0,0,0,0,1,0,1,0,0,0,1,0,0,0,0,0,1,0,0,0,0,0,1,0,0,1
0.006317158047857013,0,1.0623307215096798,1.4572943241914311,2,3,-0.5851223839616266,3,1,4,-0.771357956965264,21222,5,15,3,2,1,-0.16026469201088478,3,3,-0.3253544746389928,4,0,0,-0.5889162810714178,-0.8549625644756657,0.5320903195901912,1,0,0,1,0,0,1,0,0,0,0,0,0,0,0,0,0,0,1,0,1,0,0,1,0,1,0,0,1,0
1.7751214114478269,0,-1.736575696709749,1.7041510488470435,4,4,0.3005949089230785,3,4,4,1.4296749579727879,20206,6,18,3,3,0,2.820235438290553,0,3,0.8278999325381465,9,3,8,-0.374508134173515,-0.12088489126733984,1.520930736527715,0,1,1,0,1,0,0,0,0,0,0,0,0,0,0,1,0,0,0,0,0,1,0,0,0,0,1,0,0,1
0.6696187530728458,0,-0.9432629829540208,-1.0112729223646924,3,4,-1.6184592256604493,3,2,4,-0.20371229931834972,21782,4,13,3,2,1,0.09890923236315328,2,2,-0.3253544746389928,2,2,2,-0.33750307499523907,0.3195617126576557,0.5320903195901912,1,0,1,0,1,0,0,0,0,0,0,0,0,0,0,0,0,0,0,0,1,0,0,0,0,1,0,0,1,0
1.1118198164228383,0,-1.3721476688282115,-0.8878445600368862,2,3,-1.5200461931177043,3,2,4,-0.3958644786737286,17783,0,22,4,1,1,-0.41943861638492286,2,3,-0.1606038450422586,6,6,6,-0.21350167813829465,2.081348128357637,0.037670111121429345,0,1,0,1,0,1,0,0,0,0,0,0,0,0,0,0,0,1,0,0,1,0,1,1,0,1,0,0,0,1
0.006317158047857013,0,1.1143918683498995,1.2104375995358188,2,1,-1.6676657419318217,3,3,2,0.1862160256174435,4814,1,13,3,4,0,-0.16026469201088478,2,3,0.4983986733446782,0,0,9,0.02232534512426095,-0.8549625644756657,-0.4567500973473325,0,0,0,1,0,0,1,0,0,0,1,0,0,0,0,0,0,1,0,0,0,1,1,0,0,1,0,0,0,1
1.4434706139353326,0,0.19464494083935197,-0.8878445600368862,4,1,1.5799643319787637,3,4,1,2.1137367164779364,4544,1,11,3,4,1,2.561061513916515,3,3,3.9581618948760964,6,14,7,-0.2002566555937476,0.47111323228776153,-0.9511703058160944,0,0,1,0,1,0,0,0,0,0,1,0,0,1,0,0,0,0,0,0,0,0,0,0,0,0,1,0,0,1
0.22741768972285326,0,1.4391542605436507,-0.8878445600368862,3,4,-1.1756005792180968,2,2,4,-0.2708249629371064,7790,8,11,3,3,2,0.2284961945501723,2,3,-0.3253544746389928,4,0,4,-0.41312126003224736,-0.8549625644756657,1.520930736527715,0,1,0,0,1,0,0,0,0,0,0,1,0,0,0,0,0,0,0,0,1,0,0,0,0,1,0,0,1,0
-0.4358839053021355,0,0.6755907735537622,-0.76441619770908,2,4,-0.4375028351475091,3,1,2,-0.8195366009597347,22650,3,11,3,3,1,-0.6786125407589609,4,4,-0.490105104235727,3,0,3,-0.4380204919890468,-0.8549625644756657,1.026510528058953,0,1,0,0,0,0,0,0,0,0,1,1,0,0,0,0,0,0,0,0,0,0,1,1,1,0,0,0,1,0
-0.5464341711396336,1,-1.06225989001738,1.9510077735026559,4,1,1.038692652993666,3,1,4,-0.7224294508074554,18016,1,24,4,3,0,-1.3265473516940562,2,1,-0.9843569930259296,0,0,1,2.452453564541223,-0.8549625644756657,-0.9511703058160944,0,1,1,0,0,0,0,0,0,1,1,0,1,0,0,0,0,0,0,0,0,1,1,1,0,0,0,0,0,0
-0.8780849686521279,0,0.7028608980891153,-0.2707027483978553,1,1,-0.19147025379064658,2,1,4,-0.7717328880469331,6054,6,14,3,3,3,-0.41943861638492286,5,3,-0.490105104235727,3,0,3,-0.5134085547344026,-0.8549625644756657,0.037670111121429345,0,1,1,0,0,0,1,0,0,0,0,0,1,0,0,0,0,0,0,0,0,0,0,1,0,1,0,0,1,0
0.7801690189103438,0,-0.35075754986771124,-0.023846023742242928,2,2,-0.2406767700620191,3,1,1,-0.7666713184444012,7508,1,13,3,4,0,-0.41943861638492286,0,3,0.1688974141512098,7,7,1,-0.5093699085159015,1.7143092917534744,-0.4567500973473325,0,1,1,0,1,0,0,0,0,0,1,0,0,0,0,0,1,0,0,0,1,0,1,1,0,1,0,0,0,1
-0.9886352344896261,0,0.0458988070101529,-0.5175594730534676,4,1,1.5799643319787637,3,2,4,-0.32631476302412316,24252,1,14,3,2,0,-0.937786465132999,3,3,-0.490105104235727,2,0,2,0.576128447323478,-0.8549625644756657,-0.4567500973473325,0,1,0,1,0,0,1,0,0,0,1,0,0,0,0,0,0,1,0,0,0,1,0,1,1,0,0,0,1,0
2.3278727406353177,1,-0.05326528220931313,-0.8878445600368862,1,4,-0.4375028351475091,2,1,4,-0.8002276502537795,13384,9,14,3,4,1,-1.0673734273200182,3,2,-0.9843569930259296,0,0,0,0.0571873381610022,-0.8549625644756657,1.520930736527715,1,0,1,0,1,0,0,0,0,0,1,0,1,0,0,0,0,0,0,0,0,0,1,1,1,0,0,0,0,0
0.6696187530728458,0,-1.5506430294232503,-0.1472743860700491,3,1,-0.5359158676902541,3,2,2,-0.35312233536345894,23814,4,21,4,3,1,-0.937786465132999,2,4,-0.9843569930259296,0,0,0,0.53334871330528,-0.8549625644756657,-0.4567500973473325,0,1,1,0,1,0,0,0,0,0,0,0,0,0,1,0,0,0,0,0,0,0,0,1,1,0,0,0,0,0
-1.873037361189611,1,-0.749893008976062,-0.8878445600368862,3,3,-0.8311549653184892,2,1,3,-0.8632160719741768,22052,1,13,3,4,0,-1.196960389507037,3,2,-0.8196063634291954,2,0,2,0.3308180844219233,-0.8549625644756657,0.5320903195901912,0,1,0,1,0,0,1,0,0,0,0,0,0,0,0,0,0,0,1,0,0,1,0,1,0,0,0,1,0,0
-1.762487095352113,1,1.5482347586850633,1.0870092372080127,1,4,-0.043850704976529056,3,1,4,-0.741550935972576,8870,1,19,3,1,0,-1.3265473516940562,3,2,-0.9843569930259296,0,0,0,2.330396701048742,-0.8549625644756657,0.037670111121429345,0,1,1,0,0,0,0,1,0,0,0,0,0,0,0,0,1,0,0,0,0,1,0,1,0,0,0,0,0,0
-0.10423310778964111,0,1.54327655422409,0.5932957878967879,1,3,0.10376884383758846,3,2,4,-0.011747585503805365,4821,0,17,3,1,1,0.7468440432982485,2,2,1.4869024509250834,8,4,11,-0.4285529901783555,-0.12088489126733984,-0.4567500973473325,0,1,1,0,1,0,0,0,0,0,1,0,0,0,0,0,0,0,0,0,1,0,1,0,0,0,1,0,0,1
1.1118198164228383,0,1.6151705189082028,-0.8878445600368862,4,4,-0.043850704976529056,2,1,4,-0.6288841459310319,13137,1,18,3,1,0,-1.0673734273200182,3,2,-0.6548557338324612,2,1,2,0.4217624140829875,0.12380766646876869,0.037670111121429345,0,1,0,1,1,0,0,0,0,0,0,0,0,0,0,0,0,0,1,0,0,1,1,1,1,0,0,1,0,0
-1.6519368295146148,1,-0.45983804800912387,-0.76441619770908,1,2,-1.5692527093890767,3,2,3,-0.46447686661916143,10022,0,19,3,1,1,-0.937786465132999,3,4,-0.6548557338324612,2,0,2,0.355648279691227,-0.8549625644756657,-0.4567500973473325,0,1,1,0,1,0,0,0,0,0,0,0,0,0,1,0,0,0,0,0,1,0,1,1,1,0,0,1,0,0
0.4485182213978495,1,0.7003817958586287,-0.8878445600368862,4,2,-0.4375028351475091,1,1,4,-0.7458626434117699,17725,4,13,3,3,1,-0.16026469201088478,1,2,0.004146784554475587,7,1,0,-0.5726420326057536,-0.4354896083566223,0.037670111121429345,0,1,1,0,1,0,0,0,0,0,0,0,1,0,0,0,0,0,0,0,0,0,1,1,0,1,0,0,0,1
-0.6569844369771317,0,0.47726259511483016,-0.023846023742242928,3,3,0.5466274902799411,3,1,3,-0.8007900468762831,9834,5,18,3,2,1,-0.6786125407589609,2,3,-0.6548557338324612,2,2,2,-0.41807656004583094,1.102577897413203,0.037670111121429345,0,1,1,0,0,0,1,0,0,0,0,0,0,0,0,0,1,0,0,0,0,0,0,1,1,0,0,1,0,0
0.22741768972285326,1,0.7921085783866348,-0.3941311107256615,3,4,0.20218187638033347,3,1,1,-0.7957284772737511,4303,7,21,4,4,0,-0.41943861638492286,2,1,-0.8196063634291954,2,2,2,-0.5325547293998898,2.081348128357637,-0.4567500973473325,0,1,1,0,0,0,1,0,0,0,1,0,1,0,0,0,0,0,0,0,1,0,1,1,0,1,0,1,0,0
-1.0991855003271243,0,-0.4573589457786372,-0.6409878353812738,3,2,0.4974209740085685,3,1,3,-0.8118505137855195,17808,1,19,3,3,0,-1.3265473516940562,2,3,-0.9843569930259296,1,0,0,1.881658232326386,-0.8549625644756657,0.037670111121429345,0,1,1,0,1,0,0,0,0,0,0,0,0,0,0,0,1,0,0,0,0,1,0,1,0,0,0,0,0,0
-0.32533363946463734,0,-0.6358543063736761,0.09958233858556324,3,2,0.841866587908176,3,1,2,-0.8699648314442194,6896,1,14,3,2,2,-1.3265473516940562,3,3,-0.9843569930259296,0,1,0,1.5107010981825717,2.081348128357637,-0.9511703058160944,0,1,1,0,1,0,0,0,0,0,1,0,1,0,0,0,0,0,0,0,0,0,0,1,0,0,0,0,0,0
0.5590684872353476,0,-0.8440988937345547,0.5932957878967879,2,3,0.10376884383758846,2,2,3,-0.07586080046920983,7824,7,17,3,1,0,-0.16026469201088478,6,3,-0.3253544746389928,4,0,3,-0.14496435601543348,-0.8549625644756657,-0.4567500973473325,0,1,0,1,0,0,1,0,0,0,0,0,0,0,0,0,0,1,0,0,0,1,0,0,0,1,0,0,1,0
-0.4358839053021355,0,0.9805203479036203,-1.0112729223646924,4,3,1.6783773645215088,2,1,1,-0.7368642974517131,3339,3,11,3,2,0,-0.6786125407589609,1,3,-0.6548557338324612,2,0,2,-0.350067752119465,-0.8549625644756657,-0.9511703058160944,0,1,1,0,0,0,0,1,0,0,1,0,0,0,0,0,1,0,0,0,0,1,1,1,1,0,0,1,0,0
2.3278727406353177,0,1.1639739129596325,-0.5175594730534676,3,3,-1.4216331605749593,2,3,2,0.731740749445885,9255,2,13,3,4,1,1.6539527786073818,3,3,-0.1606038450422586,0,0,4,-0.3660228976740377,-0.8549625644756657,0.5320903195901912,0,1,1,0,0,0,0,0,1,0,0,0,0,0,0,0,0,0,0,0,0,0,1,0,0,0,1,0,0,1
-0.6569844369771317,0,-1.6076623807244432,-0.2707027483978553,4,2,-1.2248070954894692,2,1,3,-0.8097883928363399,11737,3,15,3,2,0,0.2284961945501723,2,4,0.004146784554475587,7,5,2,-0.6777618954326111,1.242402216119551,0.037670111121429345,0,1,0,1,1,0,0,0,0,0,1,0,0,0,0,0,0,0,1,0,1,0,0,1,0,1,0,0,0,1
-0.21478337362713923,0,0.8292951118439346,1.4572943241914311,1,4,-0.7327419327757442,3,2,4,-0.4939089565301804,19170,1,25,4,4,1,-0.16026469201088478,2,1,0.4983986733446782,6,0,7,-0.41181416541566124,-0.8549625644756657,1.026510528058953,0,1,1,0,1,0,0,0,0,0,0,0,0,0,0,0,0,0,0,0,1,0,1,1,0,1,0,0,0,1
1.3329203480978344,0,-0.6829572487529224,-0.1472743860700491,2,1,-0.7327419327757442,3,3,2,0.1414117613579942,22477,4,11,3,3,1,2.301887589542477,3,2,3.1344087468924253,9,1,7,-0.5866715571451192,-0.7420275378282308,-1.4455905142848562,0,1,1,0,0,0,0,1,0,0,0,0,1,0,0,0,0,0,0,0,1,0,0,0,0,0,1,0,0,1
1.2223700822603363,0,1.6523570523655027,1.333865961863625,4,4,-0.7327419327757442,3,1,3,-0.8229109806947559,5543,4,17,3,1,2,0.2284961945501723,2,2,-1.1491076226226637,0,0,0,-0.684205319598881,-0.8549625644756657,-0.4567500973473325,0,1,1,0,0,0,1,0,0,0,1,0,0,0,0,0,1,0,0,0,1,0,0,1,0,1,0,0,0,0
-0.6569844369771317,0,0.9557293255987538,1.333865961863625,2,4,-1.0279810304039791,3,2,3,0.05311549162493716,24406,1,13,3,4,1,-0.16026469201088478,2,2,0.333648043747944,8,0,0,-0.06263580495383847,-0.8549625644756657,1.026510528058953,0,0,0,1,0,1,0,0,0,0,0,0,0,0,0,0,0,1,0,0,1,0,0,0,0,1,0,0,0,1
-0.10423310778964111,0,-1.523372904887897,-0.2707027483978553,4,2,-0.043850704976529056,3,1,4,-0.36943183741606184,23293,2,18,3,3,0,-0.41943861638492286,6,3,-0.1606038450422586,2,0,1,-0.1924109701083439,-0.8549625644756657,0.5320903195901912,0,1,1,0,0,0,0,1,0,0,1,0,0,0,0,0,0,0,0,1,0,1,0,1,0,1,0,0,0,1
0.11686742388535513,0,1.3151991490193182,-1.0112729223646924,3,4,0.6942470390940585,3,3,1,1.2997613381744684,16292,1,13,3,2,1,0.4876701189242104,3,3,1.3221518213283492,12,5,11,0.1913701122749583,0.12380766646876869,-0.4567500973473325,0,1,1,0,0,0,0,0,1,0,0,0,0,0,0,1,0,0,0,0,1,0,0,0,0,1,0,0,0,1
-0.5464341711396336,0,0.9458129166768071,-1.0112729223646924,3,3,0.20218187638033347,2,1,2,-0.8092259962138363,3974,6,20,4,3,0,-0.80819950294598,3,3,-0.6548557338324612,0,0,2,-0.33403283083711954,-0.8549625644756657,0.037670111121429345,0,0,1,0,1,0,0,0,0,0,0,0,1,0,0,0,0,0,0,0,1,0,0,1,1,0,0,1,0,0
-1.3202860320021204,1,0.15993750961253883,1.2104375995358188,2,3,-1.4708396768463317,2,1,2,-0.7940412874062405,18798,1,18,3,3,3,-1.3265473516940562,2,3,-0.9843569930259296,0,0,0,1.9953386444027161,-0.8549625644756657,0.037670111121429345,0,1,0,1,0,1,0,0,0,0,1,0,0,0,0,0,0,0,1,0,1,0,1,1,0,0,0,0,0,0
0.33796795556035136,0,-0.3581948565591712,0.09958233858556324,4,1,0.05456232756621595,2,3,2,0.5729574363590499,20652,2,12,3,2,1,-0.030677729823865754,2,2,-0.9843569930259296,0,0,0,0.16361541134889024,-0.8549625644756657,-1.940010722753618,0,1,0,1,0,1,0,0,0,0,1,0,0,0,0,0,0,1,0,0,0,0,0,0,0,1,0,0,0,0
-1.2097357661646224,0,1.1912440374949855,-1.0112729223646924,3,3,-0.6835354165043717,2,2,1,-0.4414186050965159,11148,1,12,3,2,0,-0.5490255785719419,2,3,0.004146784554475587,7,0,7,-0.15809316150033895,-0.8549625644756657,-0.9511703058160944,1,0,0,1,0,0,1,0,0,0,1,0,0,0,0,0,0,1,0,0,0,1,0,1,1,0,0,0,0,1
0.4485182213978495,0,-1.3374402376013983,-0.3941311107256615,3,4,-0.3390898026047641,3,1,1,-0.3613708191601776,3119,2,13,3,3,0,1.1356049298593056,3,3,1.816403710118552,13,2,17,-0.6096779142243054,-0.5287058208275208,0.037670111121429345,0,1,1,0,0,0,1,0,0,0,1,0,1,0,0,0,0,0,0,0,0,1,1,1,0,0,1,0,0,1
-0.10423310778964111,0,0.33595376797709103,-0.8878445600368862,4,3,0.645040522822686,3,1,3,-0.7741699400777817,12287,4,21,4,3,0,0.6172570811112295,6,3,0.6631493029414124,8,3,9,-0.7037484552174686,-0.05415055733931029,0.5320903195901912,0,1,1,0,0,0,1,0,0,0,1,0,1,0,0,0,0,0,0,0,0,1,0,1,0,0,1,0,0,1
-1.9835876270271091,1,-0.9507002896454807,1.4572943241914311,3,4,-1.4216331605749593,2,1,2,-0.8487812253299192,9947,1,13,3,2,0,-1.3265473516940562,3,4,-0.9843569930259296,0,0,0,1.645920956757575,-0.8549625644756657,0.5320903195901912,0,1,0,1,0,0,0,1,0,0,1,0,0,0,0,0,0,0,1,0,0,1,1,1,0,0,0,0,0,0
-1.873037361189611,1,-1.6696399364866095,-0.6409878353812738,3,1,0.8910731041795485,3,1,1,-0.6890605845389115,13008,1,19,3,2,0,-1.3265473516940562,2,3,-0.9843569930259296,0,0,0,2.665454757694768,-0.8549625644756657,-1.940010722753618,0,1,1,0,0,0,0,0,1,0,1,0,1,0,0,0,0,0,0,0,0,1,0,1,0,0,0,0,0,0
-0.6569844369771317,0,-0.4623171502396105,0.3464390632411756,3,4,-1.2248070954894692,3,2,4,-0.14878489585383653,17369,0,11,3,3,2,-0.16026469201088478,2,1,0.333648043747944,7,8,5,-0.1915134931708992,1.7550913847094924,0.5320903195901912,0,1,1,0,0,0,1,0,0,0,0,0,0,0,0,0,0,0,0,0,1,0,1,0,0,1,0,0,0,1
0.33796795556035136,0,1.6523570523655027,-0.023846023742242928,4,4,-1.5200461931177043,3,1,2,-0.5683327762414833,25063,8,14,3,4,1,-1.0673734273200182,2,3,-0.9843569930259296,1,0,0,0.5506002144361618,-0.8549625644756657,1.026510528058953,1,0,1,0,0,0,1,0,0,0,1,0,0,0,0,0,1,0,0,0,0,0,1,1,1,0,0,0,0,0
-0.5464341711396336,0,-0.7548512134370353,-0.76441619770908,4,3,1.333931750621901,3,2,1,0.014310124672192353,13554,1,12,3,3,1,-0.41943861638492286,2,4,0.1688974141512098,7,6,3,0.11377824504987706,1.3472704551493118,0.037670111121429345,0,1,1,0,0,0,1,0,0,0,0,0,0,0,1,0,0,0,0,0,1,0,0,0,0,1,0,0,0,1
-0.10423310778964111,1,-0.6755199420614625,-0.76441619770908,1,3,-0.7327419327757442,2,3,4,0.4859734254118345,5518,1,11,3,1,1,0.6172570811112295,6,3,1.4869024509250834,7,3,7,-0.20101179075885572,-0.30440430956942127,0.037670111121429345,0,1,0,1,1,0,0,0,0,0,1,0,0,0,0,0,0,1,0,0,1,0,1,0,0,0,1,0,0,1
-0.4358839053021355,0,0.6607161601708423,-1.0112729223646924,3,2,-1.1756005792180968,2,2,4,0.05630240581912393,12291,0,14,3,1,0,-0.6786125407589609,3,3,-0.3253544746389928,0,1,4,0.49376000839799666,-0.26770042590900495,-0.4567500973473325,0,1,1,0,1,0,0,0,0,0,0,0,0,0,0,0,0,0,0,0,0,1,0,0,1,0,0,0,1,0
0.006317158047857013,1,-0.4400052301652307,-1.0112729223646924,4,1,-0.9787745141326066,2,3,3,0.7424262852734523,14922,5,11,3,3,0,0.2284961945501723,2,1,0.333648043747944,1,9,7,0.0844031345204367,2.081348128357637,-1.4455905142848562,0,1,0,1,1,0,0,0,0,0,1,0,0,0,0,0,0,1,0,0,1,0,0,0,0,1,0,0,0,1
0.890719284747842,0,0.006233171322366485,-0.6409878353812738,2,3,-0.4375028351475091,3,2,2,-0.412736377348835,23163,1,12,3,2,0,-0.2898516541979038,5,2,0.333648043747944,7,0,8,-0.300872719992866,-0.8549625644756657,-0.9511703058160944,0,0,1,0,1,0,0,0,0,0,1,0,1,0,0,0,0,0,0,0,1,0,0,1,0,1,0,0,0,1
-0.8780849686521279,0,1.4912154073838704,1.333865961863625,3,3,0.8910731041795485,3,1,4,-0.8420324658598766,18203,1,15,3,2,1,-0.6786125407589609,5,3,-0.6548557338324612,1,0,2,-0.4619532103209058,-0.8549625644756657,0.5320903195901912,1,0,0,1,0,0,0,0,1,0,0,0,0,0,0,0,0,0,1,0,1,0,0,1,1,0,0,1,0,0
-0.21478337362713923,0,1.0325814947438399,1.0870092372080127,3,3,0.9894861367222936,3,2,3,-0.38386668406031954,6179,1,16,3,2,0,-0.80819950294598,3,3,-0.3253544746389928,2,1,0,0.2090005481127611,-0.26770042590900495,0.037670111121429345,0,1,0,1,0,0,1,0,0,0,0,0,0,0,0,0,0,1,0,0,1,0,0,1,1,0,0,0,1,0
1.664571145610329,0,0.6210505244830559,-1.0112729223646924,2,4,0.20218187638033347,3,4,4,1.9590776452894607,13829,2,15,3,2,1,1.9131267029814198,2,2,0.333648043747944,8,7,8,-0.10517160934288479,1.428834641061348,0.5320903195901912,0,1,1,0,1,0,0,0,0,0,1,0,0,1,0,0,0,0,0,0,1,0,0,0,0,0,1,0,0,1
2.3278727406353177,1,-1.2729835796087454,-0.8878445600368862,3,4,-0.7327419327757442,3,1,3,-0.7816685617111624,26227,4,24,4,1,0,-0.5490255785719419,4,3,-0.9843569930259296,0,0,0,-0.4683637598740823,-0.8549625644756657,0.037670111121429345,0,1,1,0,0,0,0,0,1,0,1,0,0,0,0,0,1,0,0,0,0,1,0,1,1,0,0,0,0,0
1.2223700822603363,0,1.4218005449302442,-0.8878445600368862,2,3,-1.0279810304039791,3,4,3,1.5378425750343034,13938,6,13,3,3,1,1.3947788542333437,3,4,1.6516530805218177,13,15,2,-0.08430579355250355,1.7358998115537192,1.026510528058953,0,1,0,1,0,0,1,0,0,0,1,0,0,1,0,0,0,0,0,0,0,0,0,0,0,0,1,0,0,1
-0.7675347028146299,0,-1.416771508976971,-0.1472743860700491,2,3,-0.19147025379064658,3,3,3,0.11535405118199646,9977,5,11,3,1,1,-0.16026469201088478,2,4,0.1688974141512098,4,7,7,-0.022907492522952627,1.7143092917534744,0.037670111121429345,0,1,0,1,0,0,0,1,0,0,1,0,0,0,0,0,0,1,0,0,0,0,0,0,0,1,0,0,0,1
-0.10423310778964111,0,-1.6126205851854165,0.09958233858556324,3,3,0.9402796204509211,3,2,4,-0.18421588307156006,19899,1,13,3,2,0,-0.6786125407589609,1,3,-0.3253544746389928,3,1,3,0.2378793615665376,-0.26770042590900495,0.5320903195901912,0,0,0,1,0,0,0,0,1,0,0,0,0,0,0,0,0,1,0,0,0,1,1,0,1,0,0,0,1,0
-0.21478337362713923,0,0.1971240430698386,-0.76441619770908,4,4,1.2847252343505287,3,3,4,0.22014728850849088,6812,6,13,3,2,1,0.09890923236315328,2,3,0.4983986733446782,9,0,8,-0.11203692437718417,-0.8549625644756657,1.026510528058953,0,1,0,1,1,0,0,0,0,0,1,0,0,0,0,0,0,1,0,0,0,0,0,0,0,1,0,0,0,1
0.22741768972285326,0,0.24918518991005828,-0.8878445600368862,5,1,-1.2248070954894692,4,3,3,0.23083282433605828,2560,0,18,3,4,0,-0.2898516541979038,3,3,0.1688974141512098,7,0,7,0.15557740241420023,-0.8549625644756657,0.037670111121429345,0,1,0,1,1,0,0,0,0,0,1,0,0,0,0,0,0,1,0,0,0,1,0,0,0,1,0,0,0,1
0.33796795556035136,1,1.677148074670369,1.8275794111748498,3,2,1.6783773645215088,4,4,2,1.227024708330676,17071,4,16,3,4,0,1.3947788542333437,2,2,-0.9843569930259296,0,0,0,-0.1744886276302813,-0.8549625644756657,-0.4567500973473325,0,0,0,1,1,0,0,0,0,0,0,0,0,0,0,0,0,1,0,0,0,1,1,0,0,0,1,0,0,0
1.1118198164228383,0,1.4292378516217041,0.8401525125524003,4,3,-0.09305722124790157,4,2,3,-0.2965077420314351,6759,1,19,3,3,0,1.1356049298593056,3,4,1.981154339715286,10,2,7,-0.5889761128672474,-0.5458772283879495,1.026510528058953,1,0,1,0,0,0,1,0,0,0,1,0,0,0,1,0,0,0,0,0,0,0,1,0,0,0,1,0,0,1
-0.10423310778964111,0,1.0573725170487065,-0.1472743860700491,4,1,0.8910731041795485,3,2,4,-0.29425815554142093,25952,4,13,3,4,2,0.09890923236315328,3,3,0.004146784554475587,7,0,7,-0.38566767063810525,-0.8549625644756657,0.5320903195901912,0,0,0,1,0,0,0,0,1,0,1,0,0,0,0,0,0,1,0,0,0,0,0,0,0,1,0,0,0,1
-0.6569844369771317,1,-1.1589448770063595,-0.023846023742242928,2,3,-0.9787745141326066,2,1,1,-0.811288117163016,10322,0,22,4,1,0,-0.937786465132999,0,3,-0.6548557338324612,2,1,2,-0.19779583173301218,0.12380766646876869,-1.4455905142848562,0,0,1,0,0,0,1,0,0,0,1,0,0,0,0,0,1,0,0,0,0,1,1,1,1,0,0,1,0,0
-0.4358839053021355,0,-0.19953231380802552,0.9635808748802065,3,4,-1.3724266443035866,3,4,3,2.023753256877369,20489,1,11,3,4,0,-0.16026469201088478,2,3,0.4983986733446782,8,6,0,1.1952678705686701,0.9068238512243162,1.520930736527715,0,0,0,1,1,0,0,0,0,0,1,0,0,1,0,0,0,0,0,0,0,1,0,0,0,1,0,0,0,1
-0.8780849686521279,1,0.2566224966015182,0.09958233858556324,3,4,1.2847252343505287,2,1,1,-0.7368642974517131,11479,6,20,4,3,0,-1.0673734273200182,5,3,-1.1491076226226637,0,0,0,0.19200831809714114,-0.8549625644756657,0.037670111121429345,0,1,1,0,1,0,0,0,0,0,0,0,0,0,0,0,1,0,0,0,0,1,1,1,1,0,0,0,0,0
-0.4358839053021355,0,-0.8465779959650415,0.46986742556898176,1,2,-0.6343289002329991,3,1,4,-0.7368642974517131,17241,3,18,3,1,0,-0.80819950294598,4,3,-0.6548557338324612,2,0,2,-0.24165253807614376,-0.8549625644756657,-0.4567500973473325,0,1,1,0,1,0,0,0,0,0,0,0,0,0,0,0,1,0,0,0,0,1,0,1,1,0,0,1,0,0
0.890719284747842,0,0.4252014482746105,-1.0112729223646924,4,4,1.235518718079156,3,1,4,-0.8208488597455762,11005,3,14,3,4,2,-0.41943861638492286,2,3,-0.3253544746389928,3,0,2,-0.5525983810028218,-0.8549625644756657,2.015350944996477,0,1,1,0,0,0,1,0,0,0,0,0,1,0,0,0,0,0,0,0,0,0,0,1,0,1,0,0,1,0
1.4434706139353326,0,0.8020249873085814,-1.0112729223646924,2,4,0.005355811294843447,3,4,4,2.0153173075398154,6615,9,22,4,3,1,2.690648476103534,1,2,1.157401191731615,4,1,3,-0.24151043756104837,-0.645226086416144,1.026510528058953,0,1,1,0,0,0,1,0,0,0,1,0,0,0,0,1,0,0,0,0,0,0,0,0,0,0,1,0,0,1
-0.4358839053021355,0,0.060773420393072805,-1.0112729223646924,4,3,0.8910731041795485,4,2,2,-0.21758474934010388,20161,1,13,3,1,1,-0.6786125407589609,2,3,-0.1606038450422586,5,1,2,0.20237916270761333,-0.36557744900344846,-0.9511703058160944,1,0,1,0,0,0,0,1,0,0,0,0,0,0,0,0,0,0,0,0,1,0,1,0,1,0,0,0,0,1
0.4485182213978495,0,0.09300174938939927,-0.023846023742242928,3,1,-0.09305722124790157,3,5,3,2.3939977000255377,3735,2,17,3,2,1,1.2651918920463245,2,4,1.816403710118552,16,0,11,0.21440250453623771,-0.8549625644756657,-0.4567500973473325,1,0,1,0,0,0,1,0,0,0,1,0,0,0,0,1,0,0,0,0,0,0,0,0,0,0,1,0,0,1
-1.0991855003271243,0,0.8218578051524746,0.8401525125524003,4,3,-1.4216331605749593,3,1,2,-0.7194300021541031,12086,9,14,3,2,1,-0.937786465132999,2,3,-0.8196063634291954,2,2,2,-0.05120793195037586,2.081348128357637,-0.4567500973473325,0,1,1,0,0,0,0,0,1,0,0,0,1,0,0,0,0,0,0,0,1,0,0,1,1,0,0,1,0,0
0.890719284747842,0,-1.3746267710586981,1.7041510488470435,2,4,-1.1756005792180968,3,2,1,-0.565333327588131,14039,1,15,3,3,1,-0.2898516541979038,2,3,0.333648043747944,8,0,8,-0.40910179067138386,-0.8549625644756657,0.037670111121429345,0,0,1,0,1,0,0,0,0,0,1,0,1,0,0,0,0,0,0,0,1,0,1,1,0,1,0,0,0,1
1.1118198164228383,0,0.3780985058953641,-0.6409878353812738,2,4,0.841866587908176,3,2,4,-0.46597659094583754,8571,1,17,3,3,0,-0.2898516541979038,0,3,0.333648043747944,0,0,7,-0.338633231138688,-0.8549625644756657,1.520930736527715,0,1,0,1,1,0,0,0,0,0,0,0,0,0,0,0,0,1,0,0,0,1,1,1,0,1,0,0,0,1
-0.7675347028146299,1,-1.6473280164122297,1.5807226865192374,3,1,-0.8803614815898617,3,1,3,-0.8467191043807395,11539,4,11,3,2,0,-0.5490255785719419,2,3,-0.3253544746389928,2,0,1,-0.5276827117394757,-0.8549625644756657,-0.9511703058160944,0,1,1,0,1,0,0,0,0,0,0,0,0,0,0,0,1,0,0,0,1,0,1,1,1,0,0,0,1,0
1.4434706139353326,0,0.33843287020757773,1.8275794111748498,3,4,1.432344783164646,3,4,3,1.373060364640764,4161,3,18,3,4,1,1.7835397407944007,2,3,0.8278999325381465,11,1,5,-0.22332007583393984,-0.6102700067395571,1.520930736527715,0,1,1,0,1,0,0,0,0,0,1,0,0,0,1,0,0,0,0,0,1,0,1,0,0,0,1,0,0,1
0.11686742388535513,0,1.4589870783875438,0.09958233858556324,1,3,0.005355811294843447,3,1,3,-0.7368642974517131,12127,0,17,3,2,1,-1.0673734273200182,0,2,-0.8196063634291954,1,0,2,0.19200831809714114,-0.8549625644756657,-0.4567500973473325,1,0,1,0,0,0,1,0,0,0,1,0,0,0,0,0,1,0,0,0,1,0,0,1,1,0,0,1,0,0
1.0012695505853402,0,-0.5862722617639431,-0.2707027483978553,2,4,0.448214457737196,3,3,3,0.7866681529103982,24208,6,13,3,2,1,0.2284961945501723,3,3,0.1688974141512098,7,0,7,0.10612667885243182,-0.8549625644756657,0.5320903195901912,0,1,1,0,0,0,1,0,0,0,1,0,0,0,1,0,0,0,0,0,0,0,0,0,0,1,0,0,0,1
-1.4308362978396185,0,1.0003531657475135,0.9635808748802065,1,4,-1.2248070954894692,2,2,3,-0.42585896520725114,24117,1,15,3,2,2,-0.80819950294598,6,3,-0.490105104235727,2,3,2,0.15539125904939685,1.3472704551493118,0.5320903195901912,0,1,1,0,0,0,1,0,0,0,0,0,0,0,1,0,0,0,0,0,0,0,0,1,1,0,0,0,1,0
-0.21478337362713923,1,-0.4474425368566906,0.5932957878967879,4,3,-1.3232201280322142,2,1,2,-0.5447121180963342,10074,1,24,4,4,1,-0.80819950294598,2,1,-0.490105104235727,2,0,2,0.003657824825410908,-0.8549625644756657,-0.4567500973473325,0,1,1,0,0,0,0,1,0,0,1,0,1,0,0,0,0,0,0,0,0,0,1,1,1,0,0,0,1,0
-0.6569844369771317,0,0.12523007838572572,-1.0112729223646924,1,3,1.4815512994360187,3,2,1,-0.4687885740583553,11275,1,12,3,3,1,-0.937786465132999,1,3,-0.490105104235727,3,0,3,0.34876762317081755,-0.8549625644756657,-0.4567500973473325,1,0,1,0,1,0,0,0,0,0,0,0,0,0,1,0,0,0,0,0,1,0,0,1,1,0,0,0,1,0
-2.0941378928646075,0,-1.2779417840697187,-0.5175594730534676,2,2,0.349801425194451,3,1,4,-1.0493693540228513,13493,1,15,3,4,0,-1.4561343138810752,2,3,-1.1491076226226637,0,0,0,0.36552052600311885,-0.8549625644756657,1.026510528058953,0,0,1,0,1,0,0,0,0,0,1,0,0,0,0,0,1,0,0,0,0,1,0,1,0,0,0,0,0,0
1.885671677285325,0,1.5829421899118765,0.9635808748802065,3,3,-0.4867093514188816,3,3,3,0.7667968055819394,13943,8,11,3,3,1,1.3947788542333437,2,3,0.4983986733446782,7,0,8,-0.3080223174137218,-0.8549625644756657,0.5320903195901912,0,1,1,0,0,0,0,0,1,0,0,0,0,0,1,0,0,0,0,0,1,0,0,0,0,0,1,0,0,1
-0.21478337362713923,0,-0.54412752384567,1.9510077735026559,4,3,-0.4375028351475091,3,3,3,0.7009964007490244,6975,1,11,3,3,1,0.6172570811112295,3,2,1.4869024509250834,10,10,1,-0.11522795348809867,0.9802316185451488,0.037670111121429345,0,1,1,0,0,0,1,0,0,0,0,0,0,0,0,0,0,0,0,0,0,0,1,0,0,0,1,0,0,1
-0.7675347028146299,0,-1.6101414829549299,-0.1472743860700491,2,2,0.349801425194451,4,3,1,1.2277745704940142,17802,0,12,3,3,3,-0.2898516541979038,4,2,0.1688974141512098,7,1,7,0.8626562695743453,-0.48792372787150273,-1.4455905142848562,0,1,1,0,1,0,0,0,0,0,0,0,0,0,0,1,0,0,0,0,1,0,1,0,0,1,0,0,0,1
-1.873037361189611,1,0.7301310226244685,0.22301070091336941,3,4,1.5799643319787637,2,1,1,-0.758985231270186,18275,1,15,3,1,0,-1.3265473516940562,2,3,-0.9843569930259296,0,0,0,2.219109560805598,-0.8549625644756657,-0.9511703058160944,0,1,1,0,0,0,1,0,0,0,0,0,0,0,0,0,1,0,0,0,0,1,1,1,0,0,0,0,0,0
-0.7675347028146299,1,-1.7192219810963425,-0.5175594730534676,3,2,-0.2898832863333916,3,1,2,-0.7432381258400866,25725,0,17,3,1,0,-0.937786465132999,3,3,-0.6548557338324612,2,1,2,-0.08920112230220201,0.12380766646876869,-1.4455905142848562,1,0,1,0,0,0,1,0,0,0,0,0,0,0,0,0,0,0,0,1,0,1,0,1,1,0,0,1,0,0
-1.2097357661646224,0,0.6532788534793824,-0.8878445600368862,2,4,-1.6676657419318217,4,2,4,-0.22058419799345613,3334,1,12,3,2,0,-0.41943861638492286,2,3,0.1688974141512098,7,1,3,-0.07364485538649367,-0.48792372787150273,1.026510528058953,0,1,1,0,0,0,1,0,0,0,1,0,0,0,1,0,0,0,0,0,1,0,0,0,0,1,0,0,0,1
-1.6519368295146148,0,-1.4514789402037842,-0.1472743860700491,1,2,1.3831382668932737,1,1,1,-0.7869175968545289,6881,1,15,3,1,1,-0.937786465132999,3,2,-0.490105104235727,3,1,1,-0.1589051644437413,-0.12088489126733984,-2.43443093122238,0,1,1,0,1,0,0,0,0,0,1,0,1,0,0,0,0,0,0,0,1,0,0,1,1,0,0,0,1,0
1.2223700822603363,0,-1.302732806374585,-0.3941311107256615,3,1,1.5307578157073911,2,2,3,-0.4515417443015798,13119,2,13,3,4,0,1.0060179676722865,0,3,-0.8196063634291954,2,2,2,-0.6251050704226973,2.081348128357637,0.037670111121429345,0,1,1,0,1,0,0,0,0,0,1,0,0,0,0,0,0,0,0,0,0,1,0,1,0,0,1,1,0,0
1.2223700822603363,0,1.3697393980900245,-0.6409878353812738,4,3,0.5958340065513135,2,3,3,0.8155378461989136,22245,7,14,3,2,0,2.042713665168439,3,3,1.3221518213283492,11,4,8,-0.4046698057951137,-0.07194637972011814,0.037670111121429345,0,1,1,0,1,0,0,0,0,0,1,0,0,0,0,0,0,0,0,0,0,1,0,0,0,0,1,0,0,1
0.4485182213978495,0,-0.6284169996822161,-0.2707027483978553,2,4,-1.1756005792180968,3,2,3,-0.30850553664484415,23371,6,14,3,2,0,-0.41943861638492286,6,3,-0.8196063634291954,2,2,1,-0.14379763599675532,2.081348128357637,0.5320903195901912,0,1,1,0,0,0,1,0,0,0,0,0,0,0,1,0,0,0,0,0,0,1,0,0,0,1,0,1,0,0
0.22741768972285326,0,-0.8341824848126081,-1.0112729223646924,1,4,-0.043850704976529056,2,4,4,1.142290283873475,7060,1,16,3,3,1,1.2651918920463245,3,3,2.3106555989087543,6,11,8,-0.16607073427762523,0.6831049412941599,1.520930736527715,0,1,1,0,1,0,0,0,0,0,0,0,0,0,1,0,0,0,0,0,1,0,0,0,0,0,1,0,0,1
-1.0991855003271243,0,0.6260087289440293,-0.8878445600368862,4,1,-0.9295679978612341,3,2,4,-0.4539787963324285,4658,0,18,3,2,1,-0.937786465132999,2,3,-0.6548557338324612,2,2,2,0.3724011825235283,1.102577897413203,-0.4567500973473325,0,1,1,0,1,0,0,0,0,0,0,0,0,0,1,0,0,0,0,0,1,0,0,1,1,0,0,1,0,0
-0.21478337362713923,0,-0.0012041353690934679,0.09958233858556324,3,2,-1.0279810304039791,3,1,4,-0.5120931139911284,9541,1,20,4,1,1,-1.0673734273200182,4,2,-0.6548557338324612,2,1,2,0.6702638060954568,0.12380766646876869,-0.9511703058160944,0,1,1,0,0,0,0,1,0,0,1,0,1,0,0,0,0,0,0,0,0,0,0,1,1,0,0,1,0,0
0.5590684872353476,0,-1.332482033140425,-0.5175594730534676,2,4,1.1863122018077836,3,5,3,2.184786156454218,7770,6,13,3,2,0,1.2651918920463245,3,4,-0.9843569930259296,0,0,0,0.15080985296872673,-0.8549625644756657,1.026510528058953,0,1,0,1,0,1,0,0,0,0,1,0,0,1,0,0,0,0,0,0,1,0,0,0,0,0,1,0,0,0
1.4434706139353326,0,0.003754069091879834,-0.023846023742242928,3,1,-0.09305722124790157,3,1,4,-0.8002276502537795,20165,4,18,3,2,0,-0.41943861638492286,5,3,-0.9843569930259296,0,0,0,-0.5361446371496686,-0.8549625644756657,-0.4567500973473325,0,1,1,0,1,0,0,0,0,0,1,0,1,0,0,0,0,0,0,0,1,0,0,1,0,1,0,0,0,0
2.438423006472816,0,-0.2168860294214321,-0.8878445600368862,3,3,0.15297536010896096,2,4,4,1.3267563760546386,21829,3,13,3,1,0,2.431474551729496,4,3,-0.3253544746389928,3,4,3,-0.3446430026309103,1.4940859897909768,0.037670111121429345,0,1,1,0,1,0,0,0,0,0,0,0,0,0,1,0,0,0,0,0,0,1,1,0,0,0,1,0,1,0
0.006317158047857013,1,0.8392115207658811,0.22301070091336941,2,1,-0.2406767700620191,1,2,2,-0.3508727488734447,14382,5,15,3,1,0,0.4876701189242104,2,1,-0.9843569930259296,0,0,0,-0.5110551707651032,-0.8549625644756657,-2.9288511396911416,0,1,1,0,0,0,1,0,0,0,0,0,0,0,0,0,0,0,0,0,1,0,0,1,0,1,0,0,0,0
1.9962219431228232,0,-1.6547653231036896,1.0870092372080127,4,3,-0.19147025379064658,3,2,2,-0.049428159211543074,12992,3,14,3,4,2,0.7468440432982485,3,3,0.1688974141512098,7,6,7,-0.4427014501333663,1.3472704551493118,0.5320903195901912,1,0,1,0,0,0,1,0,0,0,1,0,0,0,0,0,0,0,0,0,1,0,1,0,0,0,1,0,0,1
0.4485182213978495,0,-1.3771058732891848,-0.2707027483978553,1,2,-0.5359158676902541,1,5,3,2.4978536096478594,20284,1,22,4,2,2,1.2651918920463245,3,3,2.3106555989087543,16,5,10,0.24597089966921365,-0.15584097094392682,-0.4567500973473325,0,0,1,0,1,0,0,0,0,0,0,0,0,0,0,1,0,0,0,0,0,0,0,0,0,0,1,0,0,1
0.11686742388535513,0,0.5764266843342962,-0.76441619770908,4,2,-1.1756005792180968,3,2,4,0.039805438225686524,4981,8,12,3,3,0,1.0060179676722865,1,3,-0.9843569930259296,0,0,0,-0.46003229477058555,-0.8549625644756657,0.5320903195901912,0,1,0,1,1,0,0,0,0,0,1,0,0,0,0,0,0,1,0,0,0,1,1,0,0,0,1,0,0,0
-1.2097357661646224,1,-1.332482033140425,2.4447212228138806,2,2,0.645040522822686,1,2,1,-0.3148793650332177,21813,8,18,3,4,0,-0.5490255785719419,6,3,-0.8196063634291954,2,2,2,-0.04270326954316164,2.081348128357637,-0.4567500973473325,0,0,0,1,0,0,1,0,0,0,1,0,0,0,0,0,0,1,0,0,0,1,0,0,1,0,0,1,0,0
1.664571145610329,1,-1.3300029309099384,-0.8878445600368862,1,1,-0.4375028351475091,1,5,4,2.351817953337772,25846,1,15,3,4,1,2.820235438290553,3,3,4.122912524472831,14,6,9,-0.19613685921228105,-0.30440430956942127,0.5320903195901912,0,1,0,1,0,1,0,0,0,0,0,0,0,1,0,0,0,0,0,0,1,0,0,0,0,0,1,0,0,1
0.7801690189103438,0,1.600295905525283,2.3212928604860745,3,4,-0.6343289002329991,4,4,4,1.250645366475825,11737,3,18,3,3,1,1.5243658164203626,2,3,0.8278999325381465,11,11,11,-0.19913554368311076,1.8366555706215288,1.520930736527715,0,1,0,1,0,0,1,0,0,0,0,0,0,0,0,0,0,1,0,0,1,0,1,0,0,0,1,0,0,1
1.4434706139353326,0,-1.629974300798823,-1.0112729223646924,3,4,1.432344783164646,3,2,3,-0.05655184976325468,24920,0,12,3,1,1,1.0060179676722865,3,3,1.816403710118552,7,0,13,-0.4924044453563106,-0.8549625644756657,0.037670111121429345,0,0,0,1,1,0,0,0,0,0,0,0,0,0,0,0,0,1,0,0,1,0,0,0,0,0,1,0,0,1
-0.10423310778964111,1,0.20456134976129856,0.8401525125524003,4,3,-1.1263940629467242,4,1,1,-0.7321776589308502,8269,1,16,3,3,0,0.8764310054852675,1,3,1.6516530805218177,13,15,14,-0.7097898046019344,1.7358998115537192,-0.4567500973473325,0,1,1,0,1,0,0,0,0,0,0,0,1,0,0,0,0,0,0,0,0,1,0,1,0,0,1,0,0,1
0.22741768972285326,0,0.35330748359049763,1.5807226865192374,3,4,0.7926600716368035,3,3,1,0.7932294468396062,5083,1,13,3,3,0,1.2651918920463245,2,3,2.3106555989087543,6,2,8,-0.2721724522155335,-0.5753139270629701,0.037670111121429345,1,0,1,0,0,0,1,0,0,0,0,0,0,0,1,0,0,0,0,0,0,1,1,0,0,0,1,0,0,1
-0.4358839053021355,0,0.5838639910257561,-0.1472743860700491,1,2,1.0878991692650386,2,1,4,-0.8073513408054911,21437,0,19,3,4,0,-1.0673734273200182,2,2,-0.6548557338324612,2,2,2,0.042029949884158084,1.102577897413203,0.5320903195901912,0,0,0,1,1,0,0,0,0,0,0,0,0,0,0,0,0,0,1,0,0,1,0,1,1,0,0,1,0,0
0.890719284747842,0,1.0697680282011397,0.22301070091336941,2,4,1.1863122018077836,3,4,4,1.90508756952912,5404,3,13,3,2,1,1.9131267029814198,4,4,0.333648043747944,3,1,1,-0.11842665334206826,-0.5287058208275208,1.520930736527715,0,1,0,1,1,0,0,0,0,0,0,0,0,1,0,0,0,0,0,0,1,0,0,0,0,0,1,0,0,1
-0.5464341711396336,0,0.7598802493903084,2.4447212228138806,4,4,0.15297536010896096,3,1,3,-0.49184683558100073,11135,9,12,3,2,0,-0.16026469201088478,2,3,0.1688974141512098,7,7,7,-0.410497865907409,1.7143092917534744,0.5320903195901912,0,0,1,0,0,0,1,0,0,0,0,0,1,0,0,0,0,0,0,0,0,1,0,1,0,1,0,0,0,1
-0.32533363946463734,0,-1.4539580424342708,-1.0112729223646924,4,2,0.448214457737196,4,2,4,0.5767067471757402,12278,0,11,3,4,1,0.6172570811112295,2,2,1.3221518213283492,1,0,9,-0.16481355428191902,-0.8549625644756657,0.5320903195901912,0,1,0,1,0,1,0,0,0,0,1,0,0,0,0,0,0,1,0,0,0,0,0,0,0,0,1,0,0,1
2.438423006472816,0,0.7102982047805754,-1.0112729223646924,2,2,0.005355811294843447,3,3,4,0.9851941606541506,11038,3,14,3,3,1,0.3580831567371914,1,1,-0.1606038450422586,4,0,4,0.12533860274410544,-0.8549625644756657,-0.4567500973473325,0,1,0,1,0,0,0,0,1,0,1,0,0,1,0,0,0,0,0,0,1,0,1,0,0,1,0,0,0,1
0.890719284747842,0,-0.03591156659590658,1.8275794111748498,4,2,-1.4708396768463317,3,1,2,-0.8382831550431862,8318,1,16,3,1,0,-0.6786125407589609,3,3,-0.1606038450422586,3,0,4,-0.45796442393226267,-0.8549625644756657,-1.4455905142848562,0,1,0,0,0,0,1,0,0,0,1,1,0,0,0,0,0,0,0,0,0,1,0,1,1,0,0,0,0,1
1.7751214114478269,0,-1.6820354476390427,-0.8878445600368862,3,3,-1.3724266443035866,2,3,2,0.16428255733980512,23537,2,12,3,1,1,2.431474551729496,2,3,0.333648043747944,7,6,9,-0.5919876465906729,1.102577897413203,-0.9511703058160944,1,0,0,1,0,1,0,0,0,0,0,0,0,0,0,0,0,1,0,0,1,0,0,0,0,0,1,0,0,1
-0.10423310778964111,1,-0.3532366520981979,0.7167241502245941,3,1,0.743453555365431,3,2,3,-0.34018721304587735,7858,7,14,3,2,1,-0.2898516541979038,3,2,-0.9843569930259296,0,0,0,-0.2494173755793692,-0.8549625644756657,-1.4455905142848562,0,1,1,0,0,0,0,1,0,0,1,0,1,0,0,0,0,0,0,0,0,0,0,1,0,1,0,0,0,0
-1.2097357661646224,1,-1.1415911613929528,-0.8878445600368862,3,1,-0.4375028351475091,3,1,1,-0.8635910030558459,15346,6,14,3,2,1,-0.6786125407589609,2,3,-0.6548557338324612,2,1,2,-0.484888732055604,0.12380766646876869,-1.940010722753618,1,0,1,0,1,0,0,0,0,0,1,0,0,0,0,0,1,0,0,0,1,0,1,1,1,0,0,1,0,0
-0.32533363946463734,0,1.3151991490193182,0.09958233858556324,4,3,1.038692652993666,3,1,3,-0.8302221367873021,18410,1,19,3,4,1,-1.3265473516940562,2,3,-0.9843569930259296,1,0,0,1.7643879125002768,-0.8549625644756657,1.026510528058953,0,1,0,1,1,0,0,0,0,0,0,0,0,0,0,0,0,0,1,0,1,0,1,1,0,0,0,0,0,0
-0.9886352344896261,0,0.8466488274573412,0.09958233858556324,1,4,0.3990079414658235,3,1,2,-1.0491818884820168,23384,1,22,4,2,0,-1.3265473516940562,5,3,-0.9843569930259296,0,0,0,0.36671716191971176,-0.8549625644756657,0.037670111121429345,0,1,0,1,0,0,1,0,0,0,1,0,0,0,0,0,0,0,1,0,1,0,0,1,0,0,0,0,0,0
0.11686742388535513,0,0.9507711211377805,-0.76441619770908,4,3,-1.0771875466753518,3,1,3,-0.7368642974517131,2997,3,16,3,1,1,-0.41943861638492286,2,3,-0.8196063634291954,2,2,2,-0.4855867696736166,2.081348128357637,-0.4567500973473325,1,0,1,0,0,0,0,1,0,0,1,0,0,0,0,0,1,0,0,0,1,0,0,1,0,1,0,1,0,0
1.4434706139353326,0,1.6399615412130695,-0.8878445600368862,4,2,-0.19147025379064658,3,5,3,2.3692522486353815,12853,2,11,3,4,1,2.301887589542477,2,2,0.1688974141512098,1,7,7,-0.09629841118682224,1.7143092917534744,0.037670111121429345,0,1,1,0,0,0,1,0,0,0,1,0,0,0,0,1,0,0,0,0,1,0,1,0,0,0,1,0,0,1
0.006317158047857013,0,-1.6820354476390427,-0.76441619770908,3,4,-1.5200461931177043,3,2,2,-0.47647466123257043,13848,3,15,3,1,0,-0.41943861638492286,3,2,-0.490105104235727,3,0,1,-0.2778208586551657,-0.8549625644756657,-0.9511703058160944,0,1,1,0,0,0,0,1,0,0,0,0,0,0,0,0,0,0,0,0,0,1,0,1,0,1,0,0,1,0
0.33796795556035136,0,-1.2457134550733922,2.074436135830462,3,3,0.3990079414658235,3,2,1,0.32756504340666853,22217,1,14,3,2,1,-0.41943861638492286,3,2,0.004146784554475587,7,7,5,0.3637255721282294,2.081348128357637,-1.4455905142848562,0,1,0,1,0,1,0,0,0,0,1,0,0,0,0,0,0,1,0,0,1,0,0,0,0,1,0,0,0,1
-1.2097357661646224,0,0.293809030058818,-1.0112729223646924,1,1,0.005355811294843447,2,1,3,-0.8701522969850539,25265,1,13,3,3,2,-0.80819950294598,5,3,-0.3253544746389928,3,1,3,-0.41181416541566124,-0.26770042590900495,-0.4567500973473325,1,0,1,0,0,0,1,0,0,0,0,0,0,0,0,0,1,0,0,0,0,0,0,1,1,0,0,0,1,0
1.0012695505853402,0,-0.9234301651101275,-1.0112729223646924,4,4,-1.2740136117608418,3,5,4,2.432990532519117,21445,9,17,3,4,2,1.5243658164203626,0,3,-0.8196063634291954,2,2,2,0.12900283570609494,2.081348128357637,2.015350944996477,0,1,1,0,0,0,1,0,0,0,1,0,0,0,0,1,0,0,0,0,0,0,0,0,0,0,1,1,0,0
1.885671677285325,0,0.6929444891671688,-0.8878445600368862,4,3,-1.2248070954894692,2,3,3,0.7568611319177101,8392,6,11,3,2,1,0.2284961945501723,4,3,0.333648043747944,4,7,0,0.09149090110333338,1.428834641061348,0.037670111121429345,0,1,0,1,1,0,0,0,0,0,0,0,0,0,0,0,0,1,0,0,1,0,0,0,0,1,0,0,0,1
2.1067722089603214,0,1.0846426415840595,-0.023846023742242928,3,1,-0.14226373751927407,3,1,3,-0.6948720163047816,12154,2,19,3,2,1,0.8764310054852675,4,3,-0.3253544746389928,4,0,3,-0.6965603297462679,-0.8549625644756657,-0.9511703058160944,1,0,1,0,0,0,1,0,0,0,0,0,0,0,0,0,1,0,0,0,1,0,0,1,0,0,1,0,1,0
-0.10423310778964111,0,-0.016078748752013372,0.3464390632411756,5,4,-0.7327419327757442,2,3,4,0.4141741232722149,15669,0,11,3,2,0,0.4876701189242104,2,2,1.157401191731615,8,7,8,-0.18549042572404806,0.6131927819409859,0.5320903195901912,0,1,1,0,0,0,1,0,0,0,0,0,0,0,1,0,0,0,0,0,0,1,0,0,0,1,0,0,0,1
1.9962219431228232,0,-0.8887227338833145,-0.8878445600368862,1,3,-1.2740136117608418,2,4,1,1.8947769647832218,17323,7,15,3,2,0,2.561061513916515,3,4,0.333648043747944,7,6,2,-0.24534280883828205,1.102577897413203,-0.4567500973473325,0,0,1,0,0,0,1,0,0,0,1,0,0,1,0,0,0,0,0,0,0,1,0,0,0,0,1,0,0,1
0.6696187530728458,0,-0.9606166985674274,1.9510077735026559,3,3,0.645040522822686,2,3,4,0.7778572724911759,5268,5,13,3,3,1,0.8764310054852675,5,3,-0.9843569930259296,0,0,0,-0.1742952319265895,-0.8549625644756657,1.026510528058953,0,1,0,1,0,0,1,0,0,0,1,0,0,0,0,0,0,1,0,0,0,0,0,0,0,0,1,0,0,0
-1.873037361189611,1,-0.08301450897515295,-0.023846023742242928,3,4,-0.5851223839616266,3,1,4,-0.771357956965264,17205,1,14,3,2,0,-1.196960389507037,3,3,-0.8196063634291954,2,0,2,0.6239938839871959,-0.8549625644756657,1.026510528058953,1,0,0,1,0,0,0,0,0,1,0,0,0,0,0,0,0,0,1,0,0,1,1,1,0,0,0,1,0,0
-1.762487095352113,1,1.3176782512498049,0.09958233858556324,3,3,-1.4708396768463317,2,1,1,-0.9809444316182528,17258,1,13,3,1,0,-1.3265473516940562,6,2,-0.9843569930259296,0,1,0,0.8022926355595454,2.081348128357637,-1.940010722753618,0,1,1,0,1,0,0,0,0,0,0,0,1,0,0,0,0,0,0,0,0,1,0,1,0,0,0,0,0,0
1.0012695505853402,0,0.49709541295872334,-0.1472743860700491,4,4,0.3990079414658235,2,2,1,-0.38124216648863635,21029,8,23,4,1,3,1.0060179676722865,2,3,1.4869024509250834,13,1,7,-0.6014872562794152,-0.6714431461735841,-0.9511703058160944,0,1,1,0,1,0,0,0,0,0,0,0,0,0,0,0,1,0,0,0,0,0,1,1,0,0,1,0,0,1
1.5540208797728308,1,1.2904081267144516,-0.6409878353812738,4,1,-1.5692527093890767,3,1,3,-0.7850429414461837,10332,9,12,3,3,3,0.8764310054852675,2,4,0.4983986733446782,0,2,7,-0.7285371006285574,-0.26770042590900495,0.037670111121429345,0,1,1,0,1,0,0,0,0,0,1,0,0,0,0,0,1,0,0,0,1,0,1,1,0,0,1,0,0,1
-0.9886352344896261,1,1.3970095226253776,1.8275794111748498,2,2,0.3005949089230785,2,3,1,0.3886788097187207,12355,1,12,3,1,0,-0.16026469201088478,2,2,0.4983986733446782,7,1,9,0.15156202411629952,-0.5613314951923353,-2.43443093122238,0,0,1,0,0,0,0,0,1,0,1,0,0,0,0,0,0,0,0,0,0,1,0,0,0,1,0,0,0,1
-1.2097357661646224,0,-1.5134564959659504,-1.0112729223646924,2,1,-0.3390898026047641,2,1,1,-0.5049694234394169,11141,1,16,3,1,2,-0.6786125407589609,2,3,-0.3253544746389928,3,1,3,-0.10336131398188529,-0.26770042590900495,-2.43443093122238,0,1,1,0,0,0,1,0,0,0,1,0,1,0,0,0,0,0,0,0,1,0,0,1,1,0,0,0,1,0
-0.7675347028146299,0,0.925980098832914,1.333865961863625,3,3,0.9402796204509211,3,2,1,0.620198752649348,9096,0,15,3,3,1,-0.5490255785719419,1,2,-0.1606038450422586,2,0,2,0.8099852950233571,-0.8549625644756657,-0.9511703058160944,0,1,1,0,0,0,0,1,0,0,1,0,0,0,1,0,0,0,0,0,1,0,0,0,1,0,0,0,0,1
0.4485182213978495,0,-0.7275810889016822,-0.2707027483978553,2,2,-1.1263940629467242,4,1,3,-0.6135119715826016,18863,1,13,3,3,0,-0.16026469201088478,3,3,0.4983986733446782,6,0,8,-0.48815953689429137,-0.8549625644756657,0.037670111121429345,0,1,1,0,0,0,0,0,1,0,0,0,0,0,0,0,1,0,0,0,1,0,0,1,0,1,0,0,0,1
0.11686742388535513,0,-1.1713403881587927,0.9635808748802065,1,3,-0.043850704976529056,2,3,3,0.40761282934300685,24608,0,18,3,1,1,1.1356049298593056,4,2,1.981154339715286,9,1,9,-0.3642478877310915,-0.7004198964318076,-0.9511703058160944,0,1,1,0,1,0,0,0,0,0,0,0,0,0,0,0,0,0,0,0,1,0,0,0,0,0,1,0,0,1
0.33796795556035136,0,1.7093764036666956,1.333865961863625,4,1,-0.2406767700620191,3,3,4,0.6886236750539463,26542,4,20,4,4,1,0.3580831567371914,6,3,0.333648043747944,9,9,1,-0.009881255830897861,2.081348128357637,0.5320903195901912,0,1,1,0,0,0,0,0,1,0,1,0,0,0,0,0,0,0,0,0,1,0,0,0,0,1,0,0,0,1
-1.0991855003271243,0,1.1763694241120657,-0.1472743860700491,5,1,1.038692652993666,1,1,3,-0.3801173732436292,5869,1,19,3,4,3,-1.0673734273200182,4,3,-0.6548557338324612,2,1,2,0.9510743678559355,0.12380766646876869,0.037670111121429345,0,0,1,0,1,0,0,0,0,0,1,0,1,0,0,0,0,0,0,0,1,0,0,1,1,0,0,1,0,0
1.9962219431228232,0,0.7152564092415487,-0.8878445600368862,1,4,-0.043850704976529056,3,3,2,0.8112261387597197,15813,3,18,3,2,1,1.5243658164203626,4,3,0.333648043747944,2,1,2,-0.32108835187849666,-0.5287058208275208,0.037670111121429345,1,0,1,0,1,0,0,0,0,0,1,0,0,0,0,0,0,0,0,1,1,0,0,0,0,0,1,0,0,1
-0.9886352344896261,0,0.13514648730767234,0.09958233858556324,3,3,-0.3390898026047641,3,2,3,-0.560271757985599,7909,3,13,3,4,0,-0.16026469201088478,4,4,0.1688974141512098,7,1,7,-0.45417507686305164,-0.48792372787150273,1.520930736527715,0,1,1,0,0,0,0,1,0,0,0,0,0,0,0,0,1,0,0,0,0,1,0,1,0,1,0,0,0,1
0.7801690189103438,1,1.4218005449302442,-1.0112729223646924,2,2,1.235518718079156,2,3,1,0.7186181615874688,2326,9,14,3,4,1,1.6539527786073818,1,3,2.1459049693120202,6,3,6,-0.36951308576410047,-0.4145159605506702,-0.4567500973473325,0,1,0,0,0,0,1,0,0,0,1,1,0,0,0,0,0,0,0,0,1,0,0,0,0,0,1,0,0,1
-0.4358839053021355,0,-0.3681112654811178,-0.5175594730534676,3,4,-1.5692527093890767,2,3,4,0.08817154776099165,21214,4,15,3,3,1,-0.2898516541979038,2,3,-0.6548557338324612,2,1,2,0.05439518768895194,0.12380766646876869,1.520930736527715,0,1,1,0,1,0,0,0,0,0,1,0,0,0,0,0,0,0,0,0,0,0,0,0,0,1,0,1,0,0
0.11686742388535513,1,0.9953949612865401,-0.6409878353812738,3,4,0.9894861367222936,3,3,1,0.5498991748364045,10333,0,22,4,1,0,-0.2898516541979038,2,3,0.1688974141512098,7,4,7,0.3818745501965559,0.6131927819409859,-0.9511703058160944,0,1,0,1,0,0,0,0,1,0,1,0,0,0,0,0,0,1,0,0,0,1,1,0,0,1,0,0,0,1
-0.4358839053021355,1,0.060773420393072805,2.4447212228138806,4,1,-0.5851223839616266,2,2,3,-0.4013009793579295,3129,1,22,4,2,0,0.3580831567371914,4,3,0.9926505621348808,7,3,8,-0.5068270571931414,-0.17735240459105717,-0.9511703058160944,1,0,1,0,0,0,1,0,0,0,0,0,0,0,0,0,1,0,0,0,0,1,0,1,0,1,0,0,0,1
-0.9886352344896261,0,0.22935237206616507,0.7167241502245941,2,1,-0.7819484490471167,3,1,3,-0.8326591888181507,22482,1,16,3,4,1,-0.937786465132999,5,2,-0.490105104235727,2,2,2,-0.23189995535591124,0.6131927819409859,-0.4567500973473325,0,1,1,0,1,0,0,0,0,0,1,0,1,0,0,0,0,0,0,0,0,0,0,1,1,0,0,0,1,0
-0.32533363946463734,0,-0.4573589457786372,-0.76441619770908,1,1,-1.0279810304039791,3,2,4,0.20758709727257832,22266,0,17,3,3,0,-0.5490255785719419,1,2,-0.1606038450422586,2,0,4,0.43372877324891695,-0.8549625644756657,-0.4567500973473325,1,0,1,0,1,0,0,0,0,0,1,0,0,0,0,0,0,0,0,0,0,1,0,0,1,0,0,0,0,1
0.006317158047857013,0,-1.2234015349990124,0.09958233858556324,4,4,1.0878991692650386,2,2,4,0.008498692906322358,24223,2,14,3,3,3,-0.41943861638492286,5,3,-0.9843569930259296,0,0,0,0.1091412808730794,-0.8549625644756657,1.520930736527715,0,1,0,1,1,0,0,0,0,0,0,0,0,0,0,0,0,1,0,0,0,0,1,0,0,1,0,0,0,0
-1.3202860320021204,1,1.0325814947438399,-0.6409878353812738,1,4,-1.6676657419318217,3,1,4,-0.5544603262197291,4605,1,15,3,2,1,-0.5490255785719419,3,4,0.004146784554475587,7,5,6,-0.2611747983154173,1.242402216119551,1.520930736527715,0,1,1,0,0,0,0,0,1,0,1,0,1,0,0,0,0,0,0,0,1,0,1,1,1,0,0,0,0,1
-1.2097357661646224,1,1.3077618423278583,1.4572943241914311,3,1,-1.4216331605749593,3,1,3,-0.8007900468762831,19373,1,20,4,3,1,-1.3265473516940562,0,2,-0.9843569930259296,1,0,0,1.95225975140537,-0.8549625644756657,-0.9511703058160944,0,1,1,0,0,0,1,0,0,0,1,0,1,0,0,0,0,0,0,0,0,0,0,1,0,0,0,0,0,0
-0.4358839053021355,1,0.5318028441855365,1.9510077735026559,3,1,-0.5359158676902541,2,1,2,-0.8127878414896921,2993,4,20,4,2,0,-0.80819950294598,0,3,-0.8196063634291954,2,2,2,-0.33858004732017266,2.081348128357637,-1.4455905142848562,0,1,1,0,0,0,0,0,0,1,1,0,0,0,0,0,1,0,0,0,0,1,1,1,1,0,0,1,0,0
1.2223700822603363,0,-0.8267451781211482,-0.8878445600368862,2,4,-1.5200461931177043,3,4,1,2.0651831414017967,14399,0,17,3,4,1,1.5243658164203626,3,3,2.4754062285054887,6,13,7,0.026924589255861688,0.8801301176531044,0.5320903195901912,0,1,1,0,0,0,1,0,0,0,1,0,0,1,0,0,0,0,0,0,1,0,0,0,0,0,1,0,0,1
-0.9886352344896261,1,0.5119700263416432,-1.0112729223646924,3,1,-1.0279810304039791,2,1,2,-0.7597350934335241,7160,1,15,3,1,2,-1.3265473516940562,2,3,-0.9843569930259296,0,0,0,2.214323017139226,-0.8549625644756657,-1.940010722753618,1,0,1,0,0,0,1,0,0,0,1,0,1,0,0,0,0,0,0,0,0,0,0,1,0,0,0,0,0,0
1.4434706139353326,1,0.3880149148173107,-1.0112729223646924,4,4,0.743453555365431,3,2,3,-0.36005856037433603,17251,3,14,3,4,0,-0.80819950294598,4,3,-1.1491076226226637,0,0,0,0.239395100394222,-0.8549625644756657,1.520930736527715,1,0,0,1,0,0,0,1,0,0,1,0,0,0,0,0,0,1,0,0,0,1,1,1,1,0,0,0,0,0
-0.4358839053021355,0,0.41528503935266387,-0.2707027483978553,3,4,-1.7660787744745667,3,2,2,-0.4399188807698398,13401,0,17,3,3,1,-0.937786465132999,3,3,-0.6548557338324612,2,0,2,0.3948381059596461,-0.8549625644756657,0.5320903195901912,1,0,0,1,1,0,0,0,0,0,0,0,0,0,0,0,0,1,0,0,1,0,0,1,1,0,0,1,0,0
-0.32533363946463734,0,-0.2615098695701918,-0.76441619770908,4,3,-1.2740136117608418,2,1,4,-0.7368642974517131,22478,3,17,3,4,3,-0.6786125407589609,2,3,-1.1491076226226637,0,0,0,-0.350067752119465,-0.8549625644756657,1.520930736527715,0,0,1,0,1,0,0,0,0,0,1,0,0,0,0,0,1,0,0,0,1,0,0,1,1,0,0,0,0,0
1.2223700822603363,0,1.1391828906547659,-1.0112729223646924,4,1,-1.5200461931177043,4,4,4,1.9189600195508743,16154,2,22,4,3,0,2.042713665168439,3,2,-0.3253544746389928,4,2,1,-0.14380317597785072,0.3195617126576557,-0.4567500973473325,0,0,1,0,0,0,1,0,0,0,1,0,0,1,0,0,0,0,0,0,0,1,0,0,0,0,1,0,1,0
0.890719284747842,0,0.6136132177915959,-0.023846023742242928,4,2,-0.043850704976529056,2,2,3,-0.1979008675524797,17970,1,13,3,4,1,0.4876701189242104,2,3,1.3221518213283492,10,4,12,-0.4459581769024467,-0.07194637972011814,0.5320903195901912,0,0,0,1,1,0,0,0,0,0,0,0,0,0,0,0,0,1,0,0,1,0,0,0,0,1,0,0,0,1
1.664571145610329,0,0.4747834928843435,-0.2707027483978553,4,2,1.038692652993666,3,3,2,0.7116819365765917,15322,7,19,3,4,0,0.8764310054852675,4,3,0.1688974141512098,6,4,0,-0.1977625918464401,0.6131927819409859,0.037670111121429345,0,1,1,0,1,0,0,0,0,0,1,0,0,0,0,0,0,0,0,0,0,1,0,0,0,0,1,0,0,1
0.11686742388535513,0,-0.08053540674466629,0.09958233858556324,4,3,0.349801425194451,2,3,3,0.392053189453742,5569,0,14,3,2,2,-0.2898516541979038,2,3,0.1688974141512098,7,2,7,0.26992261222197095,-0.12088489126733984,0.037670111121429345,0,1,0,1,0,1,0,0,0,0,1,0,0,0,0,0,0,1,0,0,0,0,1,0,0,1,0,0,0,1
-0.8780849686521279,0,0.754922044929335,2.3212928604860745,4,3,1.333931750621901,3,1,4,-0.7751072677819544,26968,4,22,4,1,1,-0.030677729823865754,1,3,0.004146784554475587,5,1,7,-0.6186581228529189,-0.4354896083566223,0.037670111121429345,0,1,1,0,1,0,0,0,0,0,0,0,0,0,0,0,1,0,0,0,0,0,0,1,0,1,0,0,0,1
-0.9886352344896261,0,0.3657029947429309,-0.76441619770908,3,4,1.333931750621901,3,3,2,0.1886530776482922,8039,0,17,3,2,3,-0.16026469201088478,3,2,0.333648043747944,7,1,7,0.02388097181583173,-0.5287058208275208,-0.4567500973473325,0,1,1,0,0,0,1,0,0,0,0,0,0,0,1,0,0,0,0,0,0,0,0,0,0,1,0,0,0,1
1.0012695505853402,0,-0.9829286186418073,-0.76441619770908,1,1,-0.6835354165043717,3,4,3,2.0276900332348937,15596,3,12,3,4,1,1.5243658164203626,3,3,0.8278999325381465,9,4,9,0.01651905954635769,0.12380766646876869,0.037670111121429345,0,1,0,1,0,1,0,0,0,0,1,0,0,1,0,0,0,0,0,0,1,0,0,0,0,0,1,0,0,1
0.11686742388535513,0,-1.6671608342561228,-0.8878445600368862,2,4,-1.6676657419318217,3,3,2,0.13166355323459936,20619,7,16,3,3,0,-0.16026469201088478,2,3,-0.9843569930259296,0,0,0,-0.012496760048593911,-0.8549625644756657,0.5320903195901912,0,1,0,1,0,1,0,0,0,0,1,0,0,0,0,0,0,1,0,0,0,1,0,0,0,1,0,0,0,0
0.6696187530728458,0,0.6929444891671688,2.1978644981582685,3,3,0.841866587908176,3,3,1,0.7819815143895352,11535,8,11,3,3,1,0.8764310054852675,1,3,0.333648043747944,7,0,1,-0.1728326769174204,-0.8549625644756657,-0.4567500973473325,1,0,1,0,1,0,0,0,0,0,0,0,0,0,1,0,0,0,0,0,1,0,0,0,0,0,1,0,0,1
0.22741768972285326,1,-1.4861863714305974,-0.8878445600368862,3,1,0.8910731041795485,3,4,4,1.0348725289752971,13547,7,11,3,4,3,1.2651918920463245,4,3,1.816403710118552,7,11,5,-0.19872180000180434,0.9394495255891309,0.5320903195901912,1,0,1,0,1,0,0,0,0,0,1,0,0,0,0,0,0,0,0,0,0,0,0,0,0,0,1,0,0,1
1.2223700822603363,0,1.2532215932571518,0.5932957878967879,3,3,-1.0771875466753518,2,5,3,2.3692522486353815,17544,1,14,3,1,0,1.2651918920463245,2,4,2.1459049693120202,7,4,9,0.2068807930605107,-0.26770042590900495,0.037670111121429345,0,1,1,0,0,0,1,0,0,0,1,0,0,0,0,1,0,0,0,0,0,1,0,0,0,0,1,0,0,1
-1.762487095352113,0,0.449992470579477,-1.0112729223646924,1,4,0.20218187638033347,2,1,2,-0.7368642974517131,25326,1,11,3,3,0,-1.196960389507037,6,4,-0.8196063634291954,2,2,2,0.7340843883137473,2.081348128357637,1.026510528058953,0,1,1,0,0,0,0,0,1,0,0,0,0,0,0,0,1,0,0,0,0,1,1,1,0,0,0,1,0,0
0.22741768972285326,0,-0.9011182450357478,-0.023846023742242928,3,3,0.20218187638033347,3,2,2,0.024995660499759764,8770,9,15,3,3,0,-0.2898516541979038,2,2,-0.3253544746389928,4,0,3,0.009587820589860371,-0.8549625644756657,-0.4567500973473325,0,0,1,0,1,0,0,0,0,0,1,0,1,0,0,0,0,0,0,0,0,1,0,0,0,1,0,0,1,0
-0.10423310778964111,0,-1.4514789402037842,1.0870092372080127,4,1,0.5958340065513135,3,2,4,0.21189880471177217,23238,2,20,4,1,0,0.8764310054852675,0,3,0.6631493029414124,9,0,9,-0.37499766704848475,-0.8549625644756657,-0.9511703058160944,0,0,1,0,1,0,0,0,0,0,1,0,0,0,1,0,0,0,0,0,0,1,0,0,0,0,1,0,0,1
-0.6569844369771317,0,-0.023516055443473325,1.333865961863625,3,3,0.05456232756621595,4,1,4,-0.771357956965264,21981,0,12,3,1,1,-1.0673734273200182,4,3,-0.8196063634291954,2,2,2,0.11861464854610686,2.081348128357637,0.037670111121429345,1,0,0,1,1,0,0,0,0,0,1,0,0,0,0,0,0,0,1,0,1,0,0,1,1,0,0,1,0,0
-0.9886352344896261,0,1.607733212216743,-0.8878445600368862,1,1,0.05456232756621595,2,1,2,-0.6463184412286419,19911,0,17,3,1,0,-0.6786125407589609,2,1,-0.3253544746389928,3,0,4,-0.2537385608337326,-0.8549625644756657,-2.9288511396911416,0,1,1,0,1,0,0,0,0,0,1,0,0,0,0,0,1,0,0,0,1,0,0,1,1,0,0,0,1,0
-0.21478337362713923,0,0.9408547122158338,0.22301070091336941,2,4,-0.5851223839616266,3,2,4,-0.22039673245262162,18500,1,11,3,4,1,-0.80819950294598,3,3,-0.3253544746389928,2,0,2,0.41769385196657133,-0.8549625644756657,2.015350944996477,1,0,0,1,0,1,0,0,0,0,1,0,0,0,0,0,0,1,0,0,0,0,0,0,1,0,0,0,1,0
1.3329203480978344,0,-1.5580803361147102,-0.1472743860700491,4,4,-0.4867093514188816,2,4,2,1.2131522583089218,11879,6,17,3,2,1,1.3947788542333437,3,3,0.333648043747944,8,2,3,-0.17851367571336668,-0.20244907717937607,0.037670111121429345,0,1,0,1,0,0,0,0,1,0,1,0,0,0,0,0,0,1,0,0,1,0,0,0,0,0,1,0,0,1
-0.32533363946463734,0,0.49709541295872334,-0.8878445600368862,2,4,1.432344783164646,3,2,3,-0.4903471112543246,15834,2,11,3,4,0,-0.80819950294598,3,2,-0.6548557338324612,2,0,2,0.07306270798780198,-0.8549625644756657,1.026510528058953,1,0,1,0,1,0,0,0,0,0,1,0,0,0,1,0,0,0,0,0,0,1,0,1,1,0,0,1,0,0
-0.8780849686521279,0,-0.7746840312809286,0.09958233858556324,3,4,-0.2406767700620191,3,1,2,-0.6294465425535355,17940,0,14,3,4,2,-0.41943861638492286,2,2,0.004146784554475587,5,1,1,-0.39987772214764655,-0.4354896083566223,0.5320903195901912,1,0,1,0,1,0,0,0,0,0,0,0,0,0,0,0,1,0,0,0,0,0,0,1,0,1,0,0,0,1
0.5590684872353476,0,-1.523372904887897,2.4447212228138806,3,2,-0.4867093514188816,1,2,4,-0.4455428469948753,9558,4,19,3,1,0,0.6172570811112295,3,3,-0.9843569930259296,0,0,0,-0.5726420326057536,-0.8549625644756657,-0.4567500973473325,0,1,1,0,0,0,1,0,0,0,1,0,1,0,0,0,0,0,0,0,0,1,0,1,0,0,1,0,0,0
-0.8780849686521279,0,-0.20944872272997214,-0.1472743860700491,1,2,0.645040522822686,2,2,4,-0.2985698629806148,17689,1,15,3,3,1,-0.16026469201088478,2,2,0.4983986733446782,7,1,2,-0.28712470290667585,-0.5613314951923353,0.037670111121429345,0,1,1,0,0,0,1,0,0,0,1,0,0,0,1,0,0,0,0,0,1,0,1,0,0,1,0,0,0,1
0.11686742388535513,0,-0.9159928584186676,-1.0112729223646924,3,3,-1.4216331605749593,4,1,3,-0.7132436393065641,6004,1,13,3,4,1,-0.5490255785719419,2,4,0.004146784554475587,6,5,0,-0.40596774422316423,1.242402216119551,1.520930736527715,0,1,0,0,0,0,0,0,0,0,1,1,0,0,0,0,0,0,0,0,1,0,0,1,1,0,0,0,0,1
-0.9886352344896261,0,-0.07309810005320634,-0.3941311107256615,3,3,-1.3232201280322142,2,1,3,-0.7396762805642308,22088,1,14,3,4,1,-1.0673734273200182,2,3,-0.6548557338324612,1,0,2,0.1860251385141764,-0.8549625644756657,1.026510528058953,1,0,1,0,1,0,0,0,0,0,1,0,0,0,0,0,1,0,0,0,0,0,1,1,1,0,0,1,0,0
-2.0941378928646075,1,-1.3771058732891848,-0.1472743860700491,1,3,0.6942470390940585,3,1,3,-0.8894612476910091,13556,1,12,3,4,0,-1.4561343138810752,0,3,-1.1491076226226637,0,0,0,1.3862509628569049,-0.8549625644756657,1.026510528058953,0,0,1,0,0,0,1,0,0,0,1,0,1,0,0,0,0,0,0,0,0,1,0,1,0,0,0,0,0,0
-0.4358839053021355,1,-0.494545479235937,-0.023846023742242928,4,1,0.5466274902799411,3,2,1,0.29532097038313176,18385,0,17,3,1,0,-0.6786125407589609,3,3,-0.3253544746389928,2,0,3,0.7480451406739985,-0.8549625644756657,-2.43443093122238,0,1,0,1,0,1,0,0,0,0,0,0,0,0,0,0,0,1,0,0,0,1,1,0,1,0,0,0,1,0
0.4485182213978495,0,-1.5754340517281167,0.3464390632411756,4,2,-0.9787745141326066,3,1,4,-0.3529348698226244,9051,3,11,3,1,1,-0.6786125407589609,4,3,-0.9843569930259296,0,0,0,0.05838397407759515,-0.8549625644756657,-0.4567500973473325,0,1,1,0,1,0,0,0,0,0,1,0,1,0,0,0,0,0,0,0,1,0,1,1,1,0,0,0,0,0
-0.6569844369771317,1,0.1772912252259454,0.7167241502245941,3,3,0.3005949089230785,3,1,3,-0.7571105758618408,6233,1,12,3,3,1,-1.196960389507037,5,2,-0.8196063634291954,2,2,2,0.669466048817728,2.081348128357637,0.037670111121429345,1,0,1,0,0,0,1,0,0,0,1,0,1,0,0,0,0,0,0,0,1,0,0,1,0,0,0,1,0,0
0.006317158047857013,0,-1.0796136056307866,1.9510077735026559,2,3,-0.6835354165043717,2,2,4,-0.17203062291731652,17171,7,13,3,3,2,-0.2898516541979038,2,3,-0.1606038450422586,2,1,3,-0.13015266255893845,-0.36557744900344846,1.026510528058953,0,1,1,0,0,0,1,0,0,0,0,0,0,0,0,0,0,0,0,0,0,0,0,0,0,1,0,0,0,1
-1.0991855003271243,0,-1.496102780352544,-0.3941311107256615,3,4,-0.5359158676902541,2,1,3,-0.7704206292610914,7950,1,13,3,3,1,-0.937786465132999,0,3,-0.490105104235727,2,2,2,-0.13257917427869642,0.6131927819409859,1.026510528058953,0,1,1,0,1,0,0,0,0,0,1,0,0,0,0,0,1,0,0,0,1,0,0,1,1,0,0,0,1,0
-0.32533363946463734,0,1.4812989984619238,-0.023846023742242928,1,2,0.20218187638033347,3,2,3,-0.17521753711150329,5829,1,20,4,1,0,-0.6786125407589609,3,2,-0.1606038450422586,5,1,3,0.2474524488992812,-0.36557744900344846,-1.4455905142848562,0,1,0,1,1,0,0,0,0,0,0,0,0,0,0,0,0,1,0,0,1,0,0,0,1,0,0,0,0,1
-0.21478337362713923,0,-0.6804781465224358,-0.1472743860700491,4,3,1.6783773645215088,3,1,3,-0.435982104412315,7108,1,17,3,2,0,-0.6786125407589609,2,1,-0.3253544746389928,4,1,4,-0.029967644430851002,-0.26770042590900495,-0.9511703058160944,0,1,0,0,0,0,0,0,1,0,1,1,0,0,0,0,0,0,0,0,0,1,0,1,1,0,0,0,1,0
-0.8780849686521279,1,-0.977970414180834,1.7041510488470435,1,4,-1.0279810304039791,2,3,1,0.1288515701220816,11162,1,13,3,1,1,-0.030677729823865754,3,1,0.6631493029414124,8,3,10,-0.09409645105190047,-0.05415055733931029,-1.940010722753618,0,1,0,1,1,0,0,0,0,0,0,0,0,0,0,0,0,1,0,0,1,0,0,0,0,1,0,0,0,1
0.33796795556035136,0,-0.5193365015408035,-0.023846023742242928,4,2,1.0878991692650386,3,3,3,1.2842016982852034,13782,9,17,3,3,0,1.1356049298593056,3,2,1.816403710118552,7,2,13,-0.0844744104316598,-0.5287058208275208,-0.4567500973473325,1,0,1,0,0,0,1,0,0,0,0,0,0,0,0,1,0,0,0,0,0,1,0,0,0,0,1,0,0,1
0.5590684872353476,1,-0.7969959513553084,0.3464390632411756,3,3,-1.0771875466753518,3,4,1,1.332755273361343,2447,0,12,3,2,0,1.3947788542333437,2,2,2.3106555989087543,9,13,14,-0.14381123413217115,0.9627535787068554,-1.4455905142848562,1,0,0,1,1,0,0,0,0,0,1,0,0,0,0,0,0,1,0,0,0,1,1,0,0,0,1,0,0,1
0.5590684872353476,0,-0.3854649810945244,-0.6409878353812738,4,2,-1.0279810304039791,3,2,1,-0.2800107744379977,2253,7,13,3,4,0,-0.2898516541979038,3,4,-0.1606038450422586,4,1,5,-0.2067373612208872,-0.36557744900344846,0.037670111121429345,0,1,0,1,0,1,0,0,0,0,1,0,0,0,0,0,0,1,0,0,0,1,0,0,0,1,0,0,0,1
-0.21478337362713923,0,0.44503426611850366,-1.0112729223646924,4,4,-0.3882963188761366,2,1,3,-0.8230984462355905,16340,6,12,3,2,1,-0.16026469201088478,2,3,0.1688974141512098,0,1,7,-0.6219434323693832,-0.48792372787150273,0.5320903195901912,0,1,1,0,0,0,1,0,0,0,1,0,1,0,0,0,0,0,0,0,1,0,0,1,0,1,0,0,0,1
-1.4308362978396185,0,-0.806912360277255,1.8275794111748498,3,4,-0.8311549653184892,3,1,2,-0.5720820870581735,6409,8,22,4,4,0,-0.6786125407589609,2,3,-0.490105104235727,3,1,2,-0.1747605903385979,-0.12088489126733984,1.026510528058953,0,1,1,0,0,0,1,0,0,0,1,0,1,0,0,0,0,0,0,0,0,1,0,1,1,0,0,0,1,0
-0.9886352344896261,1,1.6920226880532891,0.3464390632411756,1,3,0.645040522822686,3,1,4,-0.7749198022411199,22955,1,11,3,4,0,-1.3265473516940562,4,2,-0.9843569930259296,1,0,0,2.117395507895197,-0.8549625644756657,1.026510528058953,0,1,1,0,1,0,0,0,0,0,0,0,1,0,0,0,0,0,0,0,1,0,1,1,0,0,0,0,0,0
-1.2097357661646224,0,1.4416333627741373,-0.76441619770908,4,1,0.7926600716368035,4,1,4,-0.7458626434117699,13421,1,22,4,2,1,-0.41943861638492286,2,3,0.1688974141512098,7,0,7,-0.49276658517317423,-0.8549625644756657,-0.4567500973473325,0,1,1,0,0,0,1,0,0,0,1,0,1,0,0,0,0,0,0,0,1,0,0,1,0,1,0,0,0,1
-0.7675347028146299,0,0.12275097615523907,0.09958233858556324,3,3,0.3005949089230785,2,2,3,-0.013247309830481493,2706,1,18,3,1,1,-0.16026469201088478,3,3,0.4983986733446782,3,1,4,-0.104996716401229,-0.5613314951923353,-0.4567500973473325,0,1,0,1,0,1,0,0,0,0,1,0,0,0,0,0,0,1,0,0,1,0,0,0,0,1,0,0,0,1
0.33796795556035136,0,0.2467060876795716,2.074436135830462,2,3,1.2847252343505287,2,2,4,-0.4174230158696979,21203,3,13,3,4,1,0.6172570811112295,3,1,-0.9843569930259296,1,0,0,-0.5614235708876948,-0.8549625644756657,0.5320903195901912,1,0,1,0,0,0,1,0,0,0,0,0,0,0,0,0,1,0,0,0,1,0,1,1,0,0,1,0,0,0
-0.21478337362713923,0,0.0409406025491796,-0.8878445600368862,3,3,-1.0771875466753518,2,3,2,0.6796253290938895,19588,2,18,3,2,1,0.4876701189242104,2,4,0.004146784554475587,7,6,4,-0.07252799519767364,1.6618751722385943,0.037670111121429345,0,1,1,0,1,0,0,0,0,0,1,0,0,0,1,0,0,0,0,0,0,0,0,0,0,1,0,0,0,1
-0.32533363946463734,0,-0.33092473202381806,-1.0112729223646924,3,4,1.5307578157073911,2,2,1,-0.2447672527611087,25755,0,20,4,3,0,0.3580831567371914,3,3,0.9926505621348808,9,4,9,-0.43545627216777616,0.048517648703812304,0.037670111121429345,1,0,1,0,0,0,1,0,0,0,1,0,0,0,0,0,0,0,0,0,0,1,0,0,0,1,0,0,0,1
-0.21478337362713923,0,-0.41273510562987753,-0.6409878353812738,4,4,-0.9295679978612341,2,1,4,-0.8009775124171176,26537,1,13,3,2,1,-1.196960389507037,2,4,-0.8196063634291954,2,2,2,0.5294596465763529,2.081348128357637,1.520930736527715,1,0,1,0,0,0,0,1,0,0,1,0,1,0,0,0,0,0,0,0,1,0,0,1,0,0,0,1,0,0
-0.10423310778964111,1,1.4118841360082974,-0.023846023742242928,3,1,0.9402796204509211,1,2,3,-0.24420485613860515,9489,8,13,3,2,0,-0.5490255785719419,2,2,-0.490105104235727,3,1,3,0.021744121964772833,-0.12088489126733984,-1.4455905142848562,0,1,0,1,0,1,0,0,0,0,0,0,0,0,0,0,0,1,0,0,0,1,0,0,1,0,0,0,1,0
-0.5464341711396336,0,0.14754199846010557,-0.8878445600368862,1,3,0.4974209740085685,3,1,1,-0.7164305535007509,14947,1,12,3,3,3,-1.3265473516940562,3,3,-0.9843569930259296,0,0,0,2.4907459138721975,-0.8549625644756657,-0.4567500973473325,0,0,0,1,1,0,0,0,0,0,0,0,0,0,0,0,0,0,1,0,0,0,0,1,0,0,0,0,0,0
2.1067722089603214,0,-0.20944872272997214,-0.6409878353812738,4,4,1.2847252343505287,3,5,1,2.492229643422824,18575,4,13,3,4,1,2.1723006273554577,2,3,-0.3253544746389928,2,4,2,-0.039839890742742835,1.4940859897909768,0.5320903195901912,0,1,1,0,0,0,0,0,1,0,0,0,0,1,0,0,0,0,0,0,0,0,0,0,0,0,1,0,1,0
-0.8780849686521279,0,1.4837781006924105,-0.3941311107256615,1,2,-0.5851223839616266,3,1,4,-0.659441029087058,26342,1,13,3,1,1,-0.16026469201088478,5,3,0.4983986733446782,8,0,8,-0.5174771168508187,-0.8549625644756657,-0.4567500973473325,0,1,1,0,0,0,1,0,0,0,0,0,1,0,0,0,0,0,0,0,1,0,0,1,0,1,0,0,0,1
-1.9835876270271091,0,-0.39042318555549765,-0.023846023742242928,2,3,-0.5851223839616266,3,1,1,-0.7679835772302428,7172,1,25,4,3,0,-1.3265473516940562,4,3,-0.9843569930259296,1,0,0,2.1616710368091363,-0.8549625644756657,-0.4567500973473325,0,1,1,0,1,0,0,0,0,0,1,0,0,0,0,0,1,0,0,0,0,1,0,1,0,0,0,0,0,0
0.890719284747842,0,1.6226078255996628,-0.2707027483978553,3,1,0.841866587908176,3,1,3,-0.40711241112379953,20100,4,19,3,3,1,-0.5490255785719419,2,2,-0.6548557338324612,2,0,2,-0.1268096796808376,-0.8549625644756657,-0.9511703058160944,0,1,1,0,0,0,1,0,0,0,0,0,0,0,0,0,1,0,0,0,1,0,1,1,1,0,0,1,0,0
0.006317158047857013,0,0.43263875496607046,-1.0112729223646924,3,4,-0.4867093514188816,2,2,4,-0.032743726077271156,9961,1,13,3,2,1,0.3580831567371914,2,2,1.157401191731615,8,3,11,-0.33878518490587434,-0.2257531302971007,0.5320903195901912,0,1,1,0,1,0,0,0,0,0,0,0,0,0,1,0,0,0,0,0,1,0,0,0,0,1,0,0,0,1
-1.873037361189611,0,0.006233171322366485,-0.76441619770908,3,1,1.038692652993666,2,1,3,-0.6778126520888406,12828,1,12,3,1,0,-1.196960389507037,2,2,-0.8196063634291954,2,1,2,0.9225545451771369,0.6131927819409859,-1.940010722753618,0,1,1,0,1,0,0,0,0,0,1,0,1,0,0,0,0,0,0,0,0,1,0,1,0,0,0,1,0,0
0.7801690189103438,1,0.7301310226244685,0.09958233858556324,4,3,1.4815512994360187,3,1,3,-0.6959968095497886,10826,1,11,3,3,0,-0.6786125407589609,4,3,-0.1606038450422586,4,0,2,-0.30658998048325453,-0.8549625644756657,0.5320903195901912,0,1,1,0,1,0,0,0,0,0,1,0,0,0,0,0,1,0,0,0,0,1,1,1,1,0,0,0,0,1
1.7751214114478269,0,1.0424979036657867,-0.2707027483978553,2,4,-0.7819484490471167,3,5,3,2.2415882153270763,18640,3,18,3,2,1,1.9131267029814198,6,3,0.004146784554475587,7,4,7,-0.03581275063882423,0.8229292600005075,0.5320903195901912,0,1,1,0,0,0,1,0,0,0,0,0,0,1,0,0,0,0,0,0,0,0,0,0,0,0,1,0,0,1
-0.8780849686521279,0,0.34587017689903765,0.7167241502245941,1,2,0.15297536010896096,1,1,4,-0.8399703449106969,26933,0,18,3,1,1,-0.6786125407589609,2,2,-0.3253544746389928,4,1,3,-0.4597593778071521,-0.26770042590900495,-0.9511703058160944,0,1,1,0,1,0,0,0,0,0,0,0,0,0,0,0,1,0,0,0,1,0,1,1,1,0,0,0,1,0
-1.6519368295146148,1,1.124308277271846,-0.76441619770908,4,3,-0.8803614815898617,2,1,4,-0.7115564494390535,4223,0,11,3,2,1,-1.3265473516940562,5,3,-1.1491076226226637,0,0,0,2.521858447703614,-0.8549625644756657,0.5320903195901912,1,0,1,0,1,0,0,0,0,0,1,0,0,0,0,0,1,0,0,0,1,0,1,1,0,0,0,0,0,0
1.0012695505853402,0,1.486257202922897,-0.8878445600368862,3,3,0.15297536010896096,3,4,1,1.9495169027069004,24097,8,23,4,1,0,2.1723006273554577,2,3,3.1344087468924253,15,15,9,-0.16356349711904955,0.8390628352358552,-1.4455905142848562,0,1,0,1,0,1,0,0,0,0,0,0,0,1,0,0,0,0,0,0,1,0,0,0,0,0,1,0,0,1
0.7801690189103438,0,-1.7142637766353692,0.9635808748802065,3,4,0.3990079414658235,1,1,3,-0.8170995489288859,4279,2,13,3,4,0,-0.6786125407589609,3,3,-1.1491076226226637,0,0,0,-0.43542778083642875,-0.8549625644756657,1.520930736527715,0,0,1,0,1,0,0,0,0,0,1,0,0,0,0,0,1,0,0,0,0,1,0,1,1,0,0,0,0,0
-0.4358839053021355,0,-1.6250160963378497,-0.8878445600368862,3,2,1.6291708482501361,3,1,3,-0.57151969043567,8429,1,13,3,4,1,-0.80819950294598,2,3,-0.3253544746389928,4,1,4,-0.030565962389147477,-0.26770042590900495,0.5320903195901912,0,1,0,0,0,0,0,0,0,0,1,1,0,0,0,0,0,0,0,0,1,0,0,1,1,0,0,0,1,0
0.4485182213978495,1,0.2566224966015182,-0.5175594730534676,2,1,1.432344783164646,2,1,1,-0.8514057429016023,20293,6,17,3,1,1,-0.80819950294598,2,1,-0.9843569930259296,0,0,0,-0.38788144708380223,-0.8549625644756657,-3.4232713481599037,0,0,1,0,1,0,0,0,0,0,1,0,0,0,0,0,1,0,0,0,0,0,0,1,1,0,0,0,0,0
-0.7675347028146299,0,1.3052827400973714,2.4447212228138806,4,3,-0.2406767700620191,3,2,1,-0.4749749369058943,13192,8,19,3,3,3,-0.41943861638492286,3,3,-0.490105104235727,3,0,3,-0.27662422273857273,-0.8549625644756657,-0.4567500973473325,0,1,0,1,1,0,0,0,0,0,1,0,0,0,0,0,0,1,0,0,0,0,0,1,0,1,0,0,1,0
0.33796795556035136,0,0.9458129166768071,-0.8878445600368862,4,2,-0.19147025379064658,3,2,2,-0.43523224224897694,25440,5,12,3,4,3,-0.80819950294598,2,3,-1.1491076226226637,0,0,0,0.14342489988346738,-0.8549625644756657,0.037670111121429345,1,0,0,1,0,0,1,0,0,0,1,0,0,0,0,0,0,1,0,0,1,0,0,1,1,0,0,0,0,0
1.4434706139353326,0,1.5333601453021435,-0.8878445600368862,3,4,-1.7660787744745667,3,4,1,2.1009890597011895,9490,2,22,4,3,1,2.690648476103534,3,3,-0.8196063634291954,2,2,2,-0.2244209808772053,2.081348128357637,0.037670111121429345,1,0,1,0,0,0,1,0,0,0,0,0,0,1,0,0,0,0,0,0,1,0,0,0,0,0,1,1,0,0
-0.9886352344896261,0,0.9334174055243739,1.2104375995358188,4,4,0.5958340065513135,2,1,1,-0.7458626434117699,12449,1,12,3,3,3,-0.6786125407589609,2,3,-0.1606038450422586,5,3,3,-0.3596408394522086,0.6131927819409859,0.037670111121429345,0,1,1,0,0,0,1,0,0,0,1,0,1,0,0,0,0,0,0,0,1,0,0,1,1,0,0,0,0,1
1.0012695505853402,0,1.6052541099862563,0.7167241502245941,2,4,-0.6835354165043717,3,5,2,2.330634347223471,10849,5,11,3,1,1,1.7835397407944007,2,3,-0.490105104235727,2,0,3,0.021176574644331675,-0.8549625644756657,-0.4567500973473325,0,1,1,0,1,0,0,0,0,0,1,0,0,0,0,1,0,0,0,0,1,0,0,0,0,0,1,0,1,0
-0.21478337362713923,0,1.3846140114729444,0.9635808748802065,4,3,1.3831382668932737,3,2,1,0.43442040168234264,21026,3,15,3,4,3,0.4876701189242104,2,3,0.004146784554475587,7,1,7,-0.17687464712457876,-0.4354896083566223,0.037670111121429345,0,1,0,1,1,0,0,0,0,0,1,0,0,0,0,0,0,1,0,0,1,0,1,0,0,1,0,0,0,1
-1.4308362978396185,1,0.449992470579477,0.9635808748802065,2,4,1.5307578157073911,3,1,2,-0.8320967921956473,3372,1,13,3,1,1,-1.3265473516940562,3,1,-0.9843569930259296,0,0,0,1.7524215533343475,-0.8549625644756657,-1.4455905142848562,0,1,1,0,1,0,0,0,0,0,0,0,1,0,0,0,0,0,0,0,1,0,0,1,0,0,0,0,0,0
-0.10423310778964111,0,0.8516070319183144,1.9510077735026559,3,2,0.7926600716368035,3,2,3,-0.3954895475920595,4905,1,12,3,1,1,-0.16026469201088478,3,2,0.4983986733446782,7,0,1,-0.3489907797945314,-0.8549625644756657,-1.4455905142848562,1,0,0,1,0,0,1,0,0,0,0,0,0,0,0,0,0,1,0,0,1,0,0,1,0,1,0,0,0,1
-0.10423310778964111,0,0.28389262113687136,-0.3941311107256615,4,3,-0.2898832863333916,1,1,3,-0.7325525900125193,6865,1,14,3,3,1,-0.5490255785719419,4,3,0.004146784554475587,7,1,7,-0.4235753869958891,-0.4354896083566223,0.5320903195901912,0,1,1,0,1,0,0,0,0,0,1,0,1,0,0,0,0,0,0,0,0,0,0,1,1,0,0,0,0,1
-0.7675347028146299,0,0.12523007838572572,-0.2707027483978553,4,3,-0.8311549653184892,3,2,3,-0.5919534343866323,11309,1,13,3,1,3,-0.16026469201088478,4,2,0.4983986733446782,7,8,9,-0.47439822385347247,1.4940859897909768,-0.9511703058160944,0,1,1,0,1,0,0,0,0,0,1,0,1,0,0,0,0,0,0,0,0,0,0,1,0,1,0,0,0,1
0.7801690189103438,0,-1.4936236781220573,2.4447212228138806,4,4,-1.6676657419318217,3,2,4,-0.3951146165103905,7744,1,25,4,2,0,1.1356049298593056,3,3,2.1459049693120202,11,13,17,-0.6204476374736421,1.0536393858659814,1.026510528058953,0,1,1,0,0,0,0,1,0,0,1,0,0,0,0,0,1,0,0,0,0,1,0,1,0,0,1,0,0,1
-1.873037361189611,0,-0.3681112654811178,1.4572943241914311,3,3,-1.1263940629467242,4,1,4,-0.7443629190850938,5050,1,17,3,4,0,-1.196960389507037,2,3,-0.8196063634291954,1,2,2,0.7101516699818883,2.081348128357637,1.520930736527715,0,1,0,1,0,1,0,0,0,0,1,0,0,0,0,0,0,0,1,0,0,1,0,1,0,0,0,1,0,0
-0.10423310778964111,0,-1.6175787896463898,-0.8878445600368862,4,4,-0.2898832863333916,3,2,4,0.1369125883779658,17433,2,11,3,3,1,0.09890923236315328,3,2,-0.1606038450422586,3,1,4,-0.1563124532911233,-0.36557744900344846,1.026510528058953,0,1,1,0,0,0,0,0,1,0,1,0,0,0,1,0,0,0,0,0,0,0,0,0,0,1,0,0,0,1
0.5590684872353476,0,-1.545684824962277,-0.8878445600368862,5,4,0.645040522822686,4,2,1,-0.07061176532584337,12858,7,16,3,1,1,-0.16026469201088478,3,4,-0.490105104235727,3,0,3,-0.14161377544897313,-0.8549625644756657,-0.4567500973473325,0,0,0,0,0,0,1,0,0,0,1,1,0,0,0,0,0,0,0,0,1,0,0,0,0,1,0,0,1,0
2.548973272310314,0,-0.2639889718006785,-0.2707027483978553,4,2,-0.6835354165043717,4,2,4,-0.2678255142837542,10893,0,18,3,2,1,0.09890923236315328,3,3,0.6631493029414124,7,1,9,-0.3716071986181381,-0.5880252287635471,0.037670111121429345,0,1,0,1,0,1,0,0,0,0,1,0,0,0,0,0,0,1,0,0,0,0,1,0,0,1,0,0,0,1
-0.5464341711396336,0,-1.701868265482936,0.46986742556898176,3,3,0.5466274902799411,2,1,2,-0.7321776589308502,7331,1,20,4,3,1,-1.196960389507037,2,3,-0.8196063634291954,2,2,2,0.7490423372711592,2.081348128357637,0.037670111121429345,1,0,1,0,0,0,0,1,0,0,0,0,1,0,0,0,0,0,0,0,1,0,0,1,0,0,0,1,0,0
-0.5464341711396336,0,1.2730544111010451,-0.8878445600368862,2,4,-1.3724266443035866,3,2,3,-0.3094428643490167,2338,4,14,3,4,0,-0.16026469201088478,2,3,0.1688974141512098,7,0,7,-0.29406519122291497,-0.8549625644756657,1.520930736527715,1,0,1,0,1,0,0,0,0,0,0,0,0,0,0,0,1,0,0,0,0,1,1,0,0,1,0,0,0,1
-0.10423310778964111,0,-1.0895300145527331,-1.0112729223646924,3,3,0.5466274902799411,1,3,1,0.6755010871955301,4235,2,21,4,3,1,0.7468440432982485,2,3,0.004146784554475587,7,7,7,-0.17050197428248776,2.081348128357637,-0.4567500973473325,0,1,1,0,0,0,0,0,1,0,0,0,0,0,1,0,0,0,0,0,0,0,1,0,0,0,1,0,0,1
-0.4358839053021355,0,-1.6993891632524494,-0.023846023742242928,3,1,-0.2898832863333916,3,1,4,-0.7250539683791386,6311,0,13,3,2,1,0.4876701189242104,5,3,1.157401191731615,10,4,10,-0.6702875233997384,-0.016016652237579067,-0.4567500973473325,0,1,1,0,0,0,1,0,0,0,1,0,0,0,0,0,1,0,0,0,1,0,0,1,0,1,0,0,0,1
0.33796795556035136,0,-1.7241801855573158,0.09958233858556324,3,2,0.8910731041795485,2,2,2,0.03811824835817588,11591,7,12,3,2,1,-0.5490255785719419,2,4,-0.3253544746389928,1,1,3,0.2791917920203418,-0.26770042590900495,-0.4567500973473325,0,1,0,1,0,0,0,0,1,0,0,0,0,0,0,0,0,1,0,0,0,0,0,0,1,0,0,0,1,0
-1.3202860320021204,0,1.3722185003205112,0.09958233858556324,4,3,-0.4375028351475091,3,2,4,-0.31844121030907346,20623,0,14,3,2,0,-0.80819950294598,4,3,-0.490105104235727,3,1,1,0.2925257350909489,-0.12088489126733984,0.5320903195901912,0,1,0,1,1,0,0,0,0,0,1,0,0,0,0,0,0,1,0,0,0,1,0,1,1,0,0,0,1,0
-0.7675347028146299,0,1.6424406434435561,-1.0112729223646924,3,4,-0.14226373751927407,3,1,2,-0.5754564667931948,9369,0,21,4,1,1,0.09890923236315328,2,3,0.6631493029414124,9,5,7,-0.535247160212224,0.47972411408492666,-0.4567500973473325,0,1,1,0,0,0,1,0,0,0,1,0,0,0,0,0,1,0,0,0,1,0,1,1,0,1,0,0,0,1
0.5590684872353476,0,-0.8540153026565014,2.074436135830462,5,1,-0.2898832863333916,3,3,1,1.2264623117081725,23281,3,17,3,3,0,1.1356049298593056,6,3,-0.9843569930259296,0,0,0,-0.10290260354719133,-0.8549625644756657,-1.4455905142848562,1,0,1,0,0,0,1,0,0,0,0,0,0,0,0,1,0,0,0,0,1,0,1,0,0,0,1,0,0,0
-0.21478337362713923,0,1.0152277791304334,-0.1472743860700491,2,3,0.5958340065513135,2,3,4,0.6989342797998447,13755,4,11,3,2,1,0.6172570811112295,6,2,0.9926505621348808,2,4,12,-0.11605064068075631,0.048517648703812304,0.037670111121429345,0,0,0,1,0,1,0,0,0,0,0,0,0,0,0,0,0,1,0,0,1,0,1,0,0,0,1,0,0,1
-1.0991855003271243,0,0.7450056360073884,0.5932957878967879,3,1,-1.1756005792180968,3,1,1,-0.8274101536747843,14377,1,14,3,4,2,-0.2898516541979038,3,2,0.333648043747944,7,6,8,-0.5949792363821553,1.102577897413203,-1.4455905142848562,0,1,1,0,1,0,0,0,0,0,1,0,0,0,0,0,1,0,0,0,1,0,1,1,0,1,0,0,0,1
1.885671677285325,0,0.4053686304307173,-1.0112729223646924,4,4,-0.6343289002329991,3,3,3,0.7223674724041591,9659,7,17,3,1,1,2.820235438290553,2,1,-0.3253544746389928,4,1,4,-0.5113235073039755,-0.26770042590900495,-0.9511703058160944,1,0,1,0,1,0,0,0,0,0,0,0,0,0,1,0,0,0,0,0,0,0,0,0,0,0,1,0,1,0
0.7801690189103438,0,0.7797130672342015,-0.8878445600368862,1,1,0.3005949089230785,4,1,4,-0.8694024348217159,19982,1,13,3,4,1,-0.16026469201088478,5,3,0.4983986733446782,5,7,7,-0.651500339509229,1.2004549205076465,0.5320903195901912,0,1,1,0,1,0,0,0,0,0,0,0,0,0,0,0,1,0,0,0,1,0,0,1,0,1,0,0,0,1
-1.9835876270271091,1,-0.7399766000541155,0.09958233858556324,3,1,1.4815512994360187,2,1,2,-0.8978971970285623,6148,1,25,4,2,0,-1.3265473516940562,2,4,-0.9843569930259296,1,0,0,1.3324023466102222,-0.8549625644756657,-0.9511703058160944,0,0,1,0,0,0,1,0,0,0,0,0,0,0,0,0,1,0,0,0,0,1,1,1,0,0,0,0,0,0
-0.8780849686521279,0,0.5144491285721299,-1.0112729223646924,3,1,1.5307578157073911,3,1,4,-0.5415252039021474,5598,1,15,3,1,3,-1.0673734273200182,5,3,-0.6548557338324612,2,1,2,0.6076398597937589,0.12380766646876869,-0.9511703058160944,0,1,1,0,1,0,0,0,0,0,0,0,0,0,0,0,1,0,0,0,0,0,0,1,1,0,0,1,0,0
1.885671677285325,0,-0.29125909633603164,-0.76441619770908,3,4,0.9402796204509211,3,4,4,1.8651574093313683,23474,3,14,3,1,0,3.20899632485161,2,3,0.4983986733446782,9,0,9,-0.34042818501357736,-0.8549625644756657,0.5320903195901912,0,1,1,0,1,0,0,0,0,0,1,0,0,0,0,1,0,0,0,0,1,0,0,0,0,0,1,0,0,1
-0.6569844369771317,0,1.3127200467888316,0.22301070091336941,2,3,0.6942470390940585,3,2,1,0.034556403082320074,17089,1,12,3,4,0,-0.6786125407589609,2,2,-0.1606038450422586,5,0,1,0.4706250473438662,-0.8549625644756657,-0.4567500973473325,0,1,1,0,0,0,1,0,0,0,1,0,0,0,0,0,0,0,0,0,1,0,1,0,1,0,0,0,0,1
-0.6569844369771317,0,0.6433624445574357,1.8275794111748498,3,3,1.4815512994360187,2,2,1,0.03061962672479524,17198,1,19,3,2,0,-0.16026469201088478,2,3,0.4983986733446782,9,1,8,-0.07699543595295387,-0.5613314951923353,-0.9511703058160944,0,1,1,0,0,0,1,0,0,0,0,0,0,0,0,0,0,0,0,0,0,1,0,0,0,1,0,0,0,1
2.438423006472816,0,-1.1812567970807393,-0.76441619770908,3,3,-0.8803614815898617,2,2,4,-0.27701132578464543,16490,5,17,3,4,0,-0.16026469201088478,2,3,-0.1606038450422586,1,0,5,-0.2733633898658569,-0.8549625644756657,1.520930736527715,0,1,0,1,1,0,0,0,0,0,0,0,0,0,0,0,0,1,0,0,0,1,0,0,0,1,0,0,0,1
0.6696187530728458,0,0.29132992782833134,-0.76441619770908,3,3,1.4815512994360187,1,5,4,2.4541741386334173,18625,3,14,3,2,1,1.7835397407944007,2,3,0.1688974141512098,7,0,7,0.05271989740572184,-0.8549625644756657,0.5320903195901912,0,1,1,0,1,0,0,0,0,0,1,0,0,0,0,1,0,0,0,0,1,0,0,0,0,0,1,0,0,1
1.3329203480978344,0,0.7326101248549552,-0.6409878353812738,2,1,0.9402796204509211,2,5,3,2.2612720971147007,12124,2,13,3,3,1,1.5243658164203626,2,4,-0.9843569930259296,0,0,0,0.08134550963656703,-0.8549625644756657,0.037670111121429345,0,1,1,0,0,0,1,0,0,0,1,0,0,1,0,0,0,0,0,0,1,0,0,0,0,0,1,0,0,0
-0.10423310778964111,0,-0.8267451781211482,-0.76441619770908,3,3,-0.9787745141326066,3,1,2,-0.5542728606788946,9256,1,12,3,3,0,0.09890923236315328,2,2,0.6631493029414124,10,0,7,-0.5239788386643071,-0.8549625644756657,-0.4567500973473325,1,0,1,0,0,0,0,0,1,0,1,0,0,0,0,0,1,0,0,0,1,0,0,1,0,1,0,0,0,1
1.2223700822603363,0,0.4128059371221772,-0.8878445600368862,2,4,0.4974209740085685,4,1,2,-0.7666713184444012,16620,5,11,3,3,0,-0.5490255785719419,4,2,-0.9843569930259296,0,0,0,-0.45468792082730575,-0.8549625644756657,0.037670111121429345,0,1,1,0,0,0,0,0,1,0,1,0,1,0,0,0,0,0,0,0,0,1,0,1,1,0,0,0,0,0
-1.0991855003271243,0,0.9036681787585341,-0.6409878353812738,2,1,0.4974209740085685,3,1,3,-0.7745448711594508,3208,1,11,3,2,3,-0.80819950294598,2,3,-0.3253544746389928,3,0,3,-0.2897573019231804,-0.8549625644756657,-0.9511703058160944,0,1,1,0,1,0,0,0,0,0,1,0,0,0,0,0,1,0,0,0,0,0,0,1,1,0,0,0,1,0
-0.8780849686521279,0,1.3052827400973714,-0.2707027483978553,3,3,0.7926600716368035,3,2,4,-0.004811360492928274,4204,1,11,3,2,2,-0.6786125407589609,2,3,-0.1606038450422586,0,1,0,0.4287427902631129,-0.36557744900344846,0.5320903195901912,0,1,1,0,1,0,0,0,0,0,1,0,0,0,0,0,0,0,0,0,0,0,1,0,1,0,0,0,0,1
1.2223700822603363,0,-0.2168860294214321,-1.0112729223646924,3,4,0.4974209740085685,2,5,4,2.1776624659025066,8733,6,12,3,3,0,1.7835397407944007,3,4,-0.9843569930259296,0,0,0,-0.017881621673262186,-0.8549625644756657,2.015350944996477,0,1,1,0,1,0,0,0,0,0,1,0,0,0,0,1,0,0,0,0,0,1,0,0,0,0,1,0,0,0
-0.8780849686521279,0,-0.26894717626165177,-1.0112729223646924,3,4,1.038692652993666,2,4,4,1.7762987429758077,3423,3,14,3,2,2,-0.2898516541979038,2,2,0.004146784554475587,7,1,7,1.2516959020133422,-0.4354896083566223,0.5320903195901912,0,1,1,0,1,0,0,0,0,0,0,0,0,0,0,1,0,0,0,0,0,0,0,0,0,1,0,0,0,1
-0.32533363946463734,0,1.2829708200229917,1.333865961863625,3,3,1.137105685536411,4,1,3,-0.7617972143827038,21643,0,17,3,4,0,-1.196960389507037,5,2,-0.9843569930259296,0,0,0,0.6545080998603162,-0.8549625644756657,0.5320903195901912,0,1,1,0,0,0,0,0,1,0,0,0,0,0,0,0,1,0,0,0,1,0,0,1,0,0,0,0,0,0
0.7801690189103438,0,0.7350892270854419,-0.5175594730534676,3,2,1.0878991692650386,3,5,2,2.1679142577791115,8751,7,11,3,3,1,1.9131267029814198,5,3,2.4754062285054887,9,3,10,-0.05390036276270999,-0.45455656090748797,-0.4567500973473325,0,1,0,1,0,1,0,0,0,0,1,0,0,1,0,0,0,0,0,0,1,0,0,0,0,0,1,0,0,1
-0.4358839053021355,0,-0.6606453286785426,0.09958233858556324,5,4,0.7926600716368035,4,3,3,0.4859734254118345,21708,0,14,3,4,2,-0.16026469201088478,3,3,0.333648043747944,8,0,8,0.21366742818747356,-0.8549625644756657,1.520930736527715,0,1,0,1,0,1,0,0,0,0,1,0,0,0,0,0,0,1,0,0,0,0,1,0,0,1,0,0,0,1
-1.9835876270271091,0,-1.332482033140425,1.9510077735026559,3,2,-0.4375028351475091,4,1,4,-0.6851238081813867,21221,1,12,3,4,0,-1.3265473516940562,2,3,-0.9843569930259296,0,0,1,2.69058411194322,-0.8549625644756657,1.026510528058953,0,1,1,0,1,0,0,0,0,0,0,0,0,0,0,0,1,0,0,0,0,1,1,1,0,0,0,0,0,0
-1.5413865636771167,0,-1.0647389922478667,-1.0112729223646924,2,4,-0.9295679978612341,3,1,3,-1.0171252809993145,16901,1,22,4,4,1,-1.3265473516940562,2,3,-0.9843569930259296,0,0,1,0.5713419036571061,-0.8549625644756657,1.520930736527715,0,1,1,0,1,0,0,0,0,0,1,0,0,0,0,0,1,0,0,0,1,0,0,1,0,0,0,0,0,0
-1.3202860320021204,1,-0.5044618881578836,1.8275794111748498,1,3,0.349801425194451,1,1,4,-1.0368091627869387,8040,1,14,3,4,0,-1.3265473516940562,4,3,-0.9843569930259296,0,1,0,0.4456951324148465,2.081348128357637,1.520930736527715,1,0,0,1,1,0,0,0,0,0,1,0,0,0,0,0,0,0,1,0,0,1,1,1,0,0,0,0,0,0
-1.2097357661646224,0,-0.54412752384567,-0.6409878353812738,2,3,-0.6343289002329991,3,1,4,-0.7074322075406941,9973,1,20,4,2,0,-0.41943861638492286,2,2,0.1688974141512098,5,2,2,-0.4621027898104799,-0.12088489126733984,0.037670111121429345,0,1,1,0,1,0,0,0,0,0,1,0,0,0,0,0,1,0,0,0,0,1,1,1,0,1,0,0,0,1
0.890719284747842,1,1.6027750077557696,-0.8878445600368862,3,1,1.3831382668932737,1,5,2,2.282455703229001,2493,2,16,3,1,0,1.9131267029814198,2,3,2.804907487698957,10,1,11,-0.025779418722775678,-0.7326162856076114,-1.940010722753618,0,1,0,1,0,1,0,0,0,0,0,0,0,1,0,0,0,0,0,0,0,1,1,0,0,0,1,0,0,1
1.9962219431228232,0,-1.5506430294232503,-0.1472743860700491,1,4,-1.4216331605749593,2,4,2,1.2988240104702957,25592,1,15,3,4,1,2.949822400477572,3,3,4.287663154069564,9,15,0,-0.41429894470129247,0.47972411408492666,1.026510528058953,0,0,1,0,0,0,1,0,0,0,1,0,0,0,0,0,0,0,0,0,0,0,1,0,0,0,1,0,0,1
-1.762487095352113,1,-1.3671894643672382,0.09958233858556324,2,1,-1.0279810304039791,2,1,3,-0.7542985927493231,25308,1,20,4,3,0,-1.196960389507037,2,1,-0.8196063634291954,2,2,2,0.6784408181921752,2.081348128357637,-1.4455905142848562,1,0,1,0,1,0,0,0,0,0,0,0,1,0,0,0,0,0,0,0,0,1,0,1,0,0,0,1,0,0
1.0012695505853402,0,-1.57295494949763,-0.6409878353812738,2,4,-1.6184592256604493,2,5,2,2.275894409299793,9946,2,14,3,3,1,1.9131267029814198,2,3,0.6631493029414124,4,0,8,-0.02739027476434307,-0.8549625644756657,0.5320903195901912,0,1,0,1,0,1,0,0,0,0,0,0,0,1,0,0,0,0,0,0,1,0,0,0,0,0,1,0,0,1
-0.32533363946463734,0,-1.6646817320256362,-0.8878445600368862,3,3,0.9894861367222936,3,2,1,-0.39567701313289405,6039,0,12,3,4,0,-0.937786465132999,3,3,-0.6548557338324612,2,0,2,0.4654396250386301,-0.8549625644756657,0.037670111121429345,0,1,0,1,0,1,0,0,0,0,0,0,0,0,0,0,0,1,0,0,0,1,1,1,1,0,0,1,0,0
1.5540208797728308,0,-1.4018968955940512,-0.023846023742242928,3,4,0.841866587908176,3,5,2,2.4742329515027106,19196,4,24,4,1,1,2.561061513916515,5,2,3.628660635682628,10,11,10,-0.126026627606385,0.25881045694386307,-0.9511703058160944,1,0,0,1,1,0,0,0,0,0,1,0,0,1,0,0,0,0,0,0,0,0,1,0,0,0,1,0,0,1
2.438423006472816,0,1.5531929631460366,1.0870092372080127,4,4,0.05456232756621595,3,3,4,0.7242421278125043,20002,6,12,3,4,0,1.7835397407944007,6,2,0.333648043747944,7,5,4,-0.3889823521270677,0.7763211537650584,1.520930736527715,0,1,1,0,0,0,1,0,0,0,1,0,0,0,1,0,0,0,0,0,0,1,0,0,0,0,1,0,0,1
-0.32533363946463734,0,-1.6547653231036896,1.2104375995358188,3,3,-0.9787745141326066,3,2,2,-0.4132987739713386,22534,4,13,3,3,2,0.4876701189242104,2,4,0.6631493029414124,8,5,10,-0.5376204881134666,0.47972411408492666,0.5320903195901912,1,0,1,0,0,0,1,0,0,0,0,0,1,0,0,0,0,0,0,0,0,0,0,1,0,1,0,0,0,1
-0.9886352344896261,0,-0.028474259904446627,-1.0112729223646924,4,4,-1.0771875466753518,3,1,3,-0.8425948624823801,6842,0,11,3,3,0,-0.80819950294598,2,2,-0.490105104235727,2,0,2,-0.3766330694678285,-0.8549625644756657,0.5320903195901912,1,0,1,0,0,0,1,0,0,0,1,0,1,0,0,0,0,0,0,0,0,1,1,1,1,0,0,0,1,0
0.7801690189103438,0,0.982999450134107,-0.6409878353812738,2,3,1.2847252343505287,4,5,1,2.3510680911744335,17477,1,14,3,4,2,1.9131267029814198,4,2,2.9696581172956913,9,14,13,-0.008934466973813367,0.7893714235109842,-0.4567500973473325,0,1,1,0,1,0,0,0,0,0,1,0,0,1,0,0,0,0,0,0,0,0,0,0,0,0,1,0,0,1
-0.32533363946463734,0,-0.3829858788640377,0.22301070091336941,3,3,-0.4867093514188816,2,2,2,-0.4046753590929508,21833,4,11,3,4,2,0.3580831567371914,5,4,0.4983986733446782,9,1,8,-0.5083655890859038,-0.5613314951923353,1.026510528058953,1,0,0,0,1,0,0,0,0,0,1,1,0,0,0,0,0,0,0,0,1,0,0,1,0,1,0,0,0,1
-0.21478337362713923,0,-0.16730398481169909,-0.3941311107256615,1,3,0.005355811294843447,3,1,3,-0.5891414512741145,6020,0,14,3,4,0,-0.937786465132999,3,3,-0.6548557338324612,2,2,2,0.15670755855764915,1.102577897413203,1.026510528058953,0,1,1,0,1,0,0,0,0,0,1,0,0,0,0,0,1,0,0,0,1,0,1,1,1,0,0,1,0,0
0.5590684872353476,0,-0.494545479235937,-0.2707027483978553,4,2,0.5958340065513135,4,2,2,-0.8017273745804556,5628,6,16,3,4,0,0.8764310054852675,2,3,-0.9843569930259296,0,0,0,-0.7344538004383779,-0.8549625644756657,0.037670111121429345,0,1,1,0,0,0,1,0,0,0,0,0,0,0,0,0,1,0,0,0,1,0,1,1,0,0,1,0,0,0
0.6696187530728458,0,-0.6730408398309758,-0.6409878353812738,4,4,-0.4867093514188816,2,3,4,0.6715643108380053,20364,3,14,3,4,0,1.5243658164203626,3,4,2.3106555989087543,7,15,17,-0.35984895004639866,1.242402216119551,2.5097711534652385,0,1,0,1,0,1,0,0,0,0,0,0,0,0,0,0,0,1,0,0,0,1,0,0,0,0,1,0,0,1
-0.10423310778964111,0,-0.9259092673406143,-0.8878445600368862,4,3,-0.6343289002329991,3,2,2,-0.23220706152519613,2323,9,11,3,4,0,0.8764310054852675,2,3,1.4869024509250834,14,5,12,-0.5324882496267458,0.0626345270347416,0.5320903195901912,0,1,1,0,1,0,0,0,0,0,0,0,0,0,1,0,0,0,0,0,0,1,1,0,0,0,1,0,0,1
0.7801690189103438,1,-0.44992163908717725,0.7167241502245941,3,1,0.349801425194451,3,3,4,0.24920444733784086,14075,1,11,3,4,1,-0.16026469201088478,2,3,0.4983986733446782,7,0,5,0.06253231192178395,-0.8549625644756657,0.5320903195901912,0,1,1,0,0,0,1,0,0,0,0,0,0,0,0,0,0,0,0,0,1,0,0,0,0,1,0,0,0,1
-0.9886352344896261,0,-1.5109773937354638,-0.8878445600368862,3,4,-0.6835354165043717,2,1,4,-0.5214663910328543,14222,1,12,3,2,1,-1.196960389507037,2,3,-0.8196063634291954,2,2,2,1.421551722396397,2.081348128357637,1.026510528058953,1,0,1,0,1,0,0,0,0,0,1,0,1,0,0,0,0,0,0,0,1,0,1,1,0,0,0,1,0,0
1.5540208797728308,0,0.4103268348916906,-0.3941311107256615,2,2,-1.2740136117608418,2,1,3,-0.7143684325515712,4257,0,14,3,2,0,-0.41943861638492286,6,2,0.004146784554475587,0,7,7,-0.4676372309247223,2.081348128357637,-0.9511703058160944,1,0,1,0,0,0,1,0,0,0,0,0,1,0,0,0,0,0,0,0,0,1,0,1,0,1,0,0,0,1
-0.7675347028146299,0,0.18968673637837866,-0.023846023742242928,2,3,0.3005949089230785,3,2,3,-0.366244923221875,12858,7,18,3,3,0,-0.16026469201088478,3,3,0.1688974141512098,4,1,7,-0.33032325949568137,-0.48792372787150273,0.5320903195901912,0,0,1,0,0,0,1,0,0,0,0,0,0,0,1,0,0,0,0,0,0,1,1,1,0,1,0,0,0,1
-0.8780849686521279,1,0.008712273552853136,-0.2707027483978553,3,2,-1.3232201280322142,3,1,3,-0.6204481965934787,17285,3,13,3,1,2,-0.16026469201088478,2,3,-0.6548557338324612,3,3,3,-0.49258708978568533,2.081348128357637,-0.9511703058160944,0,1,1,0,0,0,0,0,1,0,0,0,1,0,0,0,0,0,0,0,0,0,1,1,0,1,0,1,0,0
-0.9886352344896261,0,-0.4028186967079309,-1.0112729223646924,3,4,0.8910731041795485,3,1,1,-0.8564673125041343,4732,2,11,3,2,0,-0.80819950294598,2,2,-0.6548557338324612,2,1,2,-0.39434328103340416,0.12380766646876869,-0.9511703058160944,0,1,1,0,0,0,0,0,1,0,1,0,0,0,0,0,1,0,0,0,0,1,0,1,1,0,0,1,0,0
-1.3202860320021204,0,-1.3300029309099384,-1.0112729223646924,3,4,-1.2740136117608418,3,1,2,-0.7368642974517131,18830,1,18,3,4,0,-1.196960389507037,3,2,-0.8196063634291954,2,2,1,0.7340843883137473,2.081348128357637,0.5320903195901912,0,1,1,0,0,0,1,0,0,0,0,0,0,0,0,0,1,0,0,0,0,1,0,1,0,0,0,1,0,0
-0.5464341711396336,0,-0.49206637700545036,-0.1472743860700491,3,3,-0.4867093514188816,4,2,4,-0.08242209439841788,11693,1,15,3,3,2,-0.16026469201088478,4,4,0.4983986733446782,7,0,8,-0.14915258172350881,-0.8549625644756657,1.520930736527715,0,1,0,1,0,0,1,0,0,0,1,0,0,0,0,0,0,1,0,0,1,0,0,0,0,1,0,0,0,1
0.890719284747842,0,-1.0870509123222465,1.9510077735026559,3,2,0.841866587908176,3,5,2,2.139419495572265,13035,3,22,4,3,0,1.3947788542333437,4,3,-1.1491076226226637,0,0,0,0.09023987264507717,-0.8549625644756657,-0.4567500973473325,1,0,1,0,0,0,1,0,0,0,0,0,0,1,0,0,0,0,0,0,0,1,0,0,0,0,1,0,0,0
0.22741768972285326,0,-0.9680540052588873,0.46986742556898176,4,3,1.3831382668932737,2,4,2,1.963576818269489,17334,6,13,3,4,2,1.2651918920463245,4,3,1.981154339715286,9,15,2,0.08357031098874199,1.4631774561822053,0.5320903195901912,0,1,1,0,0,0,1,0,0,0,0,0,0,1,0,0,0,0,0,0,0,0,1,0,0,0,1,0,0,1
2.3278727406353177,0,0.11283456723329248,1.7041510488470435,4,1,1.0878991692650386,3,1,3,-0.8017273745804556,26076,1,12,3,4,2,-0.6786125407589609,3,3,-0.8196063634291954,2,2,2,-0.4190737566429918,2.081348128357637,0.037670111121429345,0,1,1,0,1,0,0,0,0,0,1,0,0,0,0,0,1,0,0,0,0,0,0,1,1,0,0,1,0,0
-0.5464341711396336,1,0.7102982047805754,-0.2707027483978553,2,4,0.645040522822686,3,2,3,-0.33100140154498603,22845,1,18,3,1,1,-0.16026469201088478,3,3,0.4983986733446782,4,1,1,-0.30782650426373387,-0.5613314951923353,0.037670111121429345,0,1,1,0,1,0,0,0,0,0,1,0,1,0,0,0,0,0,0,0,1,0,0,1,0,1,0,0,0,1
0.22741768972285326,1,-1.096967321244193,1.7041510488470435,3,3,1.333931750621901,3,1,1,-0.5145301660219772,22154,0,13,3,1,0,-0.6786125407589609,2,3,-0.3253544746389928,2,0,3,-0.11353271927292537,-0.8549625644756657,-1.4455905142848562,0,1,1,0,0,0,1,0,0,0,1,0,0,0,0,0,1,0,0,0,0,1,0,1,1,0,0,0,1,0
-0.7675347028146299,0,0.8317742140744212,-0.3941311107256615,3,1,-0.8803614815898617,2,2,4,-0.3789925799986221,23631,0,12,3,1,1,-0.16026469201088478,6,3,0.333648043747944,2,6,7,-0.33846038372851345,1.102577897413203,-0.9511703058160944,0,1,1,0,0,0,0,0,1,0,0,0,1,0,0,0,0,0,0,0,1,0,0,1,0,1,0,0,0,1
-0.10423310778964111,0,-1.183735899311226,0.09958233858556324,4,4,-0.14226373751927407,3,3,3,0.08348490924012875,5747,3,12,3,1,0,-0.16026469201088478,0,3,0.004146784554475587,7,1,7,-0.04325030310503277,-0.4354896083566223,0.037670111121429345,0,1,1,0,0,0,0,0,0,1,0,0,0,0,0,0,0,0,0,0,1,0,0,0,0,1,0,0,0,1
1.0012695505853402,0,0.46734618619288354,-1.0112729223646924,2,4,-1.0771875466753518,3,1,1,-0.7391138839417273,22957,6,12,3,3,0,-0.16026469201088478,3,4,0.004146784554475587,6,5,7,-0.568334143306019,1.242402216119551,0.5320903195901912,0,1,0,0,1,0,0,0,0,0,0,1,0,0,0,0,0,0,0,0,0,1,0,1,0,1,0,0,0,1
-0.9886352344896261,0,1.6697107679789092,-1.0112729223646924,3,3,-0.5359158676902541,1,2,4,0.0047493820896320395,16392,0,11,3,1,3,-0.16026469201088478,6,3,0.333648043747944,8,7,5,-0.09350901160193666,1.428834641061348,0.037670111121429345,0,0,1,0,1,0,0,0,0,0,0,0,1,0,0,0,0,0,0,0,1,0,0,0,0,1,0,0,0,1
1.4434706139353326,0,1.287929024483965,2.3212928604860745,3,4,-1.1263940629467242,3,4,1,1.9180226918467018,22422,4,11,3,2,0,1.7835397407944007,2,3,-0.6548557338324612,2,1,2,-0.08417525145251156,0.12380766646876869,-0.4567500973473325,0,1,1,0,1,0,0,0,0,0,0,0,0,0,0,1,0,0,0,0,1,0,1,0,0,0,1,1,0,0
0.33796795556035136,1,-1.2481925573038788,1.9510077735026559,4,4,-0.4375028351475091,2,3,2,0.4859734254118345,17235,2,12,3,3,0,-0.2898516541979038,2,3,-0.3253544746389928,4,1,0,0.3365353449123119,-0.26770042590900495,0.5320903195901912,0,1,0,1,0,1,0,0,0,0,1,0,0,0,0,0,0,1,0,0,0,1,1,0,0,1,0,0,1,0
1.664571145610329,1,0.5640311731818629,-0.5175594730534676,3,2,-0.09305722124790157,3,3,2,0.33693832044839434,21534,9,19,3,3,0,-0.16026469201088478,2,2,0.1688974141512098,7,7,7,0.11853487281833407,1.7143092917534744,-0.9511703058160944,0,1,0,1,1,0,0,0,0,0,1,0,0,0,0,0,0,1,0,0,0,1,1,0,0,1,0,0,0,1
-0.7675347028146299,0,-0.4176933100908508,0.9635808748802065,4,2,1.432344783164646,3,3,1,0.9874437471441647,25927,1,23,4,4,2,-0.2898516541979038,2,3,0.333648043747944,1,0,8,0.6922021312329941,-0.8549625644756657,-0.4567500973473325,0,1,1,0,0,0,1,0,0,0,0,0,0,1,0,0,0,0,0,0,1,0,1,0,0,1,0,0,0,1
0.22741768972285326,0,-0.6903945554443824,1.0870092372080127,2,1,-1.6676657419318217,3,2,3,-0.3964268752962321,13352,0,11,3,1,0,-0.2898516541979038,6,3,-0.1606038450422586,6,1,6,-0.28930523946580083,-0.36557744900344846,-1.4455905142848562,0,1,1,0,1,0,0,0,0,0,1,0,0,0,1,0,0,0,0,0,0,1,0,1,0,1,0,0,0,1
-0.6569844369771317,0,-0.5342111149237234,-0.8878445600368862,4,4,-0.4375028351475091,3,3,3,0.4859734254118345,8935,1,19,3,1,1,-0.16026469201088478,5,2,0.4983986733446782,8,9,6,0.21366742818747356,1.7877170590743074,-0.4567500973473325,0,0,0,1,1,0,0,0,0,0,0,0,0,0,0,0,0,1,0,0,0,0,1,0,0,1,0,0,0,1
0.4485182213978495,0,-1.3547939532148048,0.09958233858556324,2,3,-1.2740136117608418,1,2,2,-0.09329509576681981,22074,1,13,3,1,0,1.0060179676722865,4,3,1.981154339715286,2,11,9,-0.5047486895485326,0.8450067840067731,-0.9511703058160944,0,0,0,1,0,0,1,0,0,0,1,0,0,0,0,0,0,1,0,0,0,1,0,0,0,0,1,0,0,1
-0.6569844369771317,1,0.6384042400964625,-1.0112729223646924,3,4,-0.5851223839616266,3,1,2,-0.8148499624388718,8319,1,11,3,1,0,-1.0673734273200182,2,4,-0.6548557338324612,2,2,2,0.026074804329585515,1.102577897413203,0.037670111121429345,1,0,0,1,0,0,0,0,0,1,0,0,0,0,0,0,0,0,1,0,0,1,1,1,1,0,0,1,0,0
0.7801690189103438,1,0.3285164612856311,-0.76441619770908,3,1,1.137105685536411,3,1,1,-0.8036020299888008,14669,4,12,3,3,0,-0.16026469201088478,4,4,-0.6548557338324612,2,1,2,-0.6094984188368165,0.12380766646876869,-0.9511703058160944,0,1,1,0,1,0,0,0,0,0,1,0,1,0,0,0,0,0,0,0,1,0,0,1,0,1,0,1,0,0
0.5590684872353476,0,-0.7622885201284952,-0.8878445600368862,1,3,-1.4216331605749593,3,4,3,2.1019263874053618,26582,0,13,3,4,0,1.2651918920463245,3,2,2.1459049693120202,8,2,10,0.12562351605757988,-0.5613314951923353,0.5320903195901912,0,0,1,0,1,0,0,0,0,0,1,0,0,1,0,0,0,0,0,0,1,0,1,0,0,0,1,0,0,1
1.9962219431228232,0,-1.290337295222152,-0.8878445600368862,2,4,-0.3882963188761366,1,5,3,2.3505056945519303,6992,4,14,3,4,1,1.5243658164203626,5,3,1.981154339715286,9,9,11,0.10611067034518643,0.5359214479190568,1.520930736527715,0,1,1,0,0,0,1,0,0,0,0,0,0,1,0,0,0,0,0,0,1,0,0,0,0,0,1,0,0,1
2.1067722089603214,0,-1.4787490647391375,-0.1472743860700491,4,4,1.6291708482501361,3,5,2,2.4498624311942234,4022,6,14,3,1,0,3.20899632485161,4,3,0.004146784554475587,3,7,7,-0.2367529787954271,2.081348128357637,-0.4567500973473325,0,1,0,0,1,0,0,0,0,0,1,0,0,1,0,0,0,0,0,0,0,1,0,0,0,0,1,0,0,1
0.33796795556035136,0,-0.8540153026565014,0.8401525125524003,2,3,0.3990079414658235,3,1,3,-0.582017760722403,8532,9,16,3,2,1,-0.6786125407589609,0,3,-0.490105104235727,2,0,0,-0.18533087426850234,-0.8549625644756657,0.037670111121429345,0,0,1,0,1,0,0,0,0,0,1,0,0,0,0,0,1,0,0,0,0,0,0,1,1,0,0,0,1,0
-0.32533363946463734,0,0.3483492791295243,-0.023846023742242928,3,4,0.9894861367222936,3,3,4,0.3470614596534582,5494,0,11,3,4,1,-0.16026469201088478,0,2,0.333648043747944,7,1,6,0.12499670676793596,-0.5287058208275208,1.520930736527715,0,1,1,0,1,0,0,0,0,0,1,0,0,0,0,0,0,0,0,0,0,0,0,0,0,1,0,0,0,1
0.33796795556035136,0,-0.6928736576748691,-0.8878445600368862,3,3,1.5799643319787637,3,2,4,-0.3726187516102486,22455,1,13,3,3,0,-0.16026469201088478,4,3,0.333648043747944,8,8,8,-0.33439182161209735,1.7550913847094924,1.026510528058953,0,1,1,0,0,0,0,0,0,1,1,0,0,0,0,0,1,0,0,0,0,1,0,1,0,1,0,0,0,1
0.4485182213978495,0,0.5342819464160231,-1.0112729223646924,3,3,0.005355811294843447,3,2,1,-0.4772245233959085,4297,0,17,3,4,1,-0.16026469201088478,2,3,0.333648043747944,3,1,7,-0.40116410575798395,-0.5287058208275208,0.037670111121429345,1,0,0,1,0,1,0,0,0,0,0,0,0,0,0,0,0,1,0,0,0,0,0,1,0,1,0,0,0,1
-0.21478337362713923,0,-0.7945168491248218,-0.6409878353812738,4,3,1.038692652993666,3,2,3,-0.4498545544340692,2690,1,11,3,2,0,-0.2898516541979038,3,3,0.333648043747944,6,1,1,-0.3271987101579109,-0.5287058208275208,0.037670111121429345,1,0,1,0,1,0,0,0,0,0,1,0,0,0,0,0,1,0,0,0,0,1,1,1,0,1,0,0,0,1
1.2223700822603363,0,-0.08053540674466629,-0.5175594730534676,3,3,0.8910731041795485,3,4,2,1.3829960383049933,17588,1,11,3,2,1,2.431474551729496,2,3,3.7934112652793623,9,0,10,-0.33267664346498077,-0.8549625644756657,-0.4567500973473325,0,1,0,0,1,0,0,0,0,0,1,0,0,1,0,0,0,0,0,0,0,0,1,0,0,0,1,0,0,1
0.11686742388535513,0,0.5119700263416432,-0.8878445600368862,2,2,-1.7168722582031943,3,2,1,0.045804335532391036,19461,3,15,3,4,1,-0.030677729823865754,3,3,0.004146784554475587,7,1,7,-0.14228824296559833,-0.4354896083566223,-0.4567500973473325,0,1,0,1,1,0,0,0,0,0,0,0,0,0,0,0,0,1,0,0,0,0,0,0,0,1,0,0,0,1
-0.32533363946463734,0,-0.7325392933626554,0.7167241502245941,2,3,0.005355811294843447,3,2,1,-0.09816919982851723,23553,1,12,3,4,0,-0.16026469201088478,6,4,0.4983986733446782,8,9,6,-0.15920432342288957,1.7877170590743074,0.5320903195901912,0,1,0,1,0,0,1,0,0,0,0,0,0,0,0,0,0,1,0,0,0,1,0,0,0,1,0,0,0,1
-1.3202860320021204,0,0.1971240430698386,1.2104375995358188,1,4,0.05456232756621595,3,1,4,-0.5585845681180884,9075,3,11,3,3,3,-0.5490255785719419,6,2,-0.6548557338324612,2,1,2,-0.26493565405328096,0.12380766646876869,1.026510528058953,0,1,1,0,0,0,1,0,0,0,1,0,1,0,0,0,0,0,0,0,1,0,0,1,1,0,0,1,0,0
2.3278727406353177,1,-0.4995036836969103,-0.2707027483978553,4,3,-0.6343289002329991,2,3,1,0.6297594952319082,12023,7,14,3,4,0,2.561061513916515,0,2,0.4983986733446782,9,5,9,-0.5058234270695473,0.6131927819409859,-0.4567500973473325,0,1,1,0,0,0,1,0,0,0,0,0,0,0,1,0,0,0,0,0,1,0,1,0,0,0,1,0,0,1
0.33796795556035136,0,-1.1738194903892794,-1.0112729223646924,4,2,1.0878991692650386,3,1,2,-0.7989153914679379,6762,3,22,4,3,1,-0.5490255785719419,3,3,-0.490105104235727,2,0,3,-0.4840909747778754,-0.8549625644756657,-0.4567500973473325,0,1,1,0,1,0,0,0,0,0,1,0,1,0,0,0,0,0,0,0,1,0,0,1,1,0,0,0,1,0
-0.10423310778964111,0,-0.4846290703139904,-0.2707027483978553,3,1,0.841866587908176,4,2,1,-0.37674299350860796,2261,2,16,3,4,1,0.7468440432982485,2,2,1.3221518213283492,7,6,13,-0.5656029978022658,0.3195617126576557,-1.4455905142848562,1,0,0,1,0,1,0,0,0,0,0,0,0,0,0,0,0,1,0,0,1,0,0,1,0,0,1,0,0,1
1.2223700822603363,0,0.13018828284669903,-0.6409878353812738,3,4,-0.5851223839616266,3,3,4,0.23420720407107956,18706,1,11,3,3,0,-0.030677729823865754,2,3,0.4983986733446782,9,0,8,-0.03295923422233338,-0.8549625644756657,1.520930736527715,0,1,1,0,1,0,0,0,0,0,1,0,0,0,1,0,0,0,0,0,0,1,0,0,0,1,0,0,0,1
-1.0991855003271243,0,1.2110768553388789,0.22301070091336941,3,3,1.5799643319787637,4,1,4,-0.771357956965264,6527,8,14,3,2,1,-0.80819950294598,4,3,-0.9843569930259296,0,0,0,-0.2856887398067643,-0.8549625644756657,0.5320903195901912,0,1,0,1,0,0,1,0,0,0,0,0,0,0,0,0,0,0,1,0,1,0,0,1,1,0,0,0,0,0
1.5540208797728308,0,1.493694509614357,0.22301070091336941,2,4,0.7926600716368035,2,4,2,1.2172765002072812,24439,3,16,3,2,0,2.301887589542477,1,2,-0.3253544746389928,2,0,3,-0.3498614355821214,-0.8549625644756657,-0.4567500973473325,0,1,1,0,0,0,0,0,1,0,0,0,0,0,1,0,0,0,0,0,0,1,0,0,0,0,1,0,1,0
-2.0941378928646075,0,0.7970667828476081,-1.0112729223646924,3,4,1.5307578157073911,3,1,4,-0.9443886511555223,19305,1,15,3,3,0,-1.4561343138810752,5,4,-1.1491076226226637,0,0,0,1.0356366392951706,-0.8549625644756657,2.015350944996477,0,0,1,0,1,0,0,0,0,0,0,0,1,0,0,0,0,0,0,0,0,1,0,1,0,0,0,0,0,0
-0.21478337362713923,0,0.035982398088206295,-1.0112729223646924,3,4,-0.2898832863333916,2,2,4,-0.2410179419444184,10846,0,12,3,2,1,-0.16026469201088478,0,3,0.333648043747944,7,0,0,-0.2503879802672724,-0.8549625644756657,1.026510528058953,0,1,1,0,0,0,1,0,0,0,0,0,1,0,0,0,0,0,0,0,1,0,0,0,0,1,0,0,0,1
-1.0991855003271243,0,-0.023516055443473325,-0.8878445600368862,1,4,-1.1263940629467242,1,2,4,-0.29575787986809704,20392,3,20,4,2,0,-0.41943861638492286,3,3,-0.1606038450422586,2,0,0,-0.13362623070571525,-0.8549625644756657,1.026510528058953,1,0,0,1,1,0,0,0,0,0,1,0,0,0,0,0,0,1,0,0,0,1,0,0,0,1,0,0,0,1
1.9962219431228232,1,-1.3275238286794517,0.46986742556898176,4,1,0.9402796204509211,4,4,3,1.3209449442887686,9277,6,17,3,3,0,1.6539527786073818,2,2,1.981154339715286,7,3,8,-0.20931345243021932,-0.3913345603440915,-0.9511703058160944,0,1,0,1,0,1,0,0,0,0,1,0,0,0,0,0,0,1,0,0,0,1,1,0,0,0,1,0,0,1
2.1067722089603214,0,1.4044468293168375,1.7041510488470435,3,4,0.10376884383758846,3,4,2,1.2660175408242553,18235,4,12,3,1,1,2.820235438290553,0,3,1.981154339715286,16,15,9,-0.4061645934215648,1.4631774561822053,-0.4567500973473325,0,1,1,0,1,0,0,0,0,0,1,0,0,0,1,0,0,0,0,0,1,0,1,0,0,0,1,0,0,1
-0.32533363946463734,0,0.4871790040367768,2.074436135830462,1,1,1.2847252343505287,2,1,3,-0.8660280550866946,15891,1,20,4,3,3,-0.80819950294598,2,3,-0.3253544746389928,4,0,0,-0.4065489673826522,-0.8549625644756657,-0.4567500973473325,0,0,1,0,0,0,0,0,1,0,0,0,0,0,0,0,0,0,0,1,0,0,0,1,1,0,0,0,1,0
0.33796795556035136,0,0.9904367568255669,-0.8878445600368862,1,2,1.137105685536411,4,2,3,-0.0509278835382192,13888,5,20,4,2,3,0.4876701189242104,0,3,0.8278999325381465,11,11,8,-0.3834140063285219,1.8366555706215288,-0.4567500973473325,0,1,1,0,0,0,1,0,0,0,0,0,0,0,0,0,0,0,0,0,0,0,0,0,0,1,0,0,0,1
-0.32533363946463734,0,-1.282899988530692,2.4447212228138806,3,2,0.9894861367222936,3,2,3,-0.22864521624934034,17491,4,13,3,1,2,-0.16026469201088478,1,3,0.1688974141512098,7,7,7,-0.24249018321775886,1.7143092917534744,-0.9511703058160944,0,1,1,0,0,0,1,0,0,0,1,0,1,0,0,0,0,0,0,0,1,0,0,0,0,1,0,0,0,1
-0.6569844369771317,1,-0.24663525618727192,-0.8878445600368862,3,3,1.1863122018077836,2,1,4,-0.7243041062158005,11882,7,14,3,3,0,-1.0673734273200182,3,4,-0.9843569930259296,0,0,0,0.2187331869010504,-0.8549625644756657,1.520930736527715,1,0,0,1,1,0,0,0,0,0,0,0,0,0,0,0,0,0,1,0,0,1,0,1,1,0,0,0,0,0
-0.21478337362713923,1,-0.3482784476372246,1.0870092372080127,4,4,0.05456232756621595,3,2,3,-0.22039673245262162,23288,0,18,3,3,1,-0.80819950294598,0,2,-0.490105104235727,2,3,2,0.41769385196657133,1.3472704551493118,0.5320903195901912,1,0,0,1,0,1,0,0,0,0,0,0,0,0,0,0,0,1,0,0,1,0,1,0,1,0,0,0,1,0
0.11686742388535513,0,-0.2714262784921384,-0.2707027483978553,3,4,-0.4375028351475091,4,1,3,-0.7571105758618408,15748,1,11,3,4,3,-0.937786465132999,2,3,-0.490105104235727,2,0,3,-0.11133888675917157,-0.8549625644756657,1.520930736527715,1,0,1,0,1,0,0,0,0,0,1,0,0,0,0,0,1,0,0,0,0,0,0,1,1,0,0,0,1,0
-0.32533363946463734,0,-0.9878868231027805,-0.8878445600368862,4,3,1.5799643319787637,3,2,4,0.007186434120480746,6163,1,11,3,4,0,0.3580831567371914,2,4,1.157401191731615,11,4,11,-0.320579224174853,-0.016016652237579067,2.015350944996477,0,1,1,0,0,0,0,0,1,0,0,0,0,0,0,0,0,0,0,0,0,1,0,0,0,1,0,0,0,1
-0.9886352344896261,0,-0.16482488258121242,2.074436135830462,3,3,-0.8803614815898617,2,2,1,-0.3608084225376741,24232,1,11,3,3,1,-0.80819950294598,0,3,-0.3253544746389928,3,0,4,0.23843779166094753,-0.8549625644756657,-0.4567500973473325,0,1,0,1,1,0,0,0,0,0,1,0,0,0,0,0,0,1,0,0,1,0,0,1,1,0,0,0,1,0
-0.6569844369771317,1,-1.1713403881587927,1.5807226865192374,4,4,1.5799643319787637,3,2,3,-0.08804606062345337,21057,1,15,3,4,2,-0.16026469201088478,3,2,0.4983986733446782,2,6,7,-0.15274248947328767,0.9068238512243162,1.026510528058953,0,1,1,0,0,0,1,0,0,0,1,0,0,0,1,0,0,0,0,0,1,0,1,0,0,1,0,0,0,1
0.22741768972285326,0,1.7242510170496155,1.4572943241914311,4,1,-1.0771875466753518,2,2,4,-0.22039673245262162,3567,3,12,3,4,2,-0.41943861638492286,2,4,-0.3253544746389928,4,1,4,-0.07349527589691954,-0.26770042590900495,1.026510528058953,0,1,0,1,1,0,0,0,0,0,1,0,0,0,0,0,0,1,0,0,1,0,1,0,0,1,0,0,1,0
1.5540208797728308,0,-0.6482498175261093,-0.8878445600368862,3,2,-0.6835354165043717,3,3,2,0.7399892332426037,15395,2,11,3,2,0,0.3580831567371914,5,3,-0.490105104235727,2,3,2,0.013538618536706988,1.3472704551493118,-0.9511703058160944,1,0,0,1,0,1,0,0,0,0,1,0,0,0,0,0,0,1,0,0,1,0,0,0,0,1,0,0,1,0
0.4485182213978495,0,0.9854785523645936,1.5807226865192374,3,4,0.448214457737196,3,2,4,-0.22152152569762873,13953,3,14,3,1,2,0.09890923236315328,4,2,-0.1606038450422586,2,3,3,-0.3469764426682666,0.6131927819409859,0.037670111121429345,1,0,1,0,1,0,0,0,0,0,0,0,0,0,0,0,1,0,0,0,0,0,1,0,0,1,0,0,0,1
0.006317158047857013,0,1.5779839854509032,-0.6409878353812738,1,3,-0.5851223839616266,3,1,3,-0.6847488770997177,5182,7,15,3,4,0,-0.41943861638492286,2,3,-0.1606038450422586,4,1,3,-0.44400367157201154,-0.36557744900344846,1.026510528058953,0,1,1,0,1,0,0,0,0,0,1,0,0,0,0,0,1,0,0,0,1,0,1,1,0,1,0,0,0,1
-0.4358839053021355,0,0.7648384538512817,-0.5175594730534676,1,2,-0.2406767700620191,3,2,4,-0.22039673245262162,19293,6,13,3,1,0,-0.41943861638492286,2,4,-0.3253544746389928,4,1,2,-0.07349527589691954,-0.26770042590900495,0.037670111121429345,1,0,0,1,1,0,0,0,0,0,1,0,0,0,0,0,0,1,0,0,1,0,0,0,0,1,0,0,1,0
-0.5464341711396336,0,-0.7523721112065487,-0.8878445600368862,1,3,-1.4708396768463317,3,2,2,-0.22039673245262162,20497,0,13,3,1,3,-0.937786465132999,3,2,-0.6548557338324612,2,1,2,0.7451532705422321,0.12380766646876869,-1.4455905142848562,0,1,0,1,0,1,0,0,0,0,1,0,0,0,0,0,0,1,0,0,1,0,1,0,1,0,0,1,0,0
0.22741768972285326,0,1.6920226880532891,1.9510077735026559,2,3,0.251388392651706,3,3,3,0.8007280684729868,3449,3,21,4,2,1,0.2284961945501723,2,3,-0.1606038450422586,4,0,5,0.11303034760200648,-0.8549625644756657,0.037670111121429345,0,0,1,0,1,0,0,0,0,0,1,0,0,0,0,0,0,0,0,0,1,0,0,0,0,1,0,0,0,1
-1.3202860320021204,0,1.4118841360082974,1.0870092372080127,1,1,1.333931750621901,4,2,3,-0.07811038695922401,12477,2,11,3,2,0,-0.6786125407589609,3,2,-0.6548557338324612,2,1,2,0.3507620163651392,0.12380766646876869,-1.4455905142848562,0,1,0,1,1,0,0,0,0,0,1,0,0,0,0,0,0,1,0,0,1,0,0,0,1,0,0,1,0,0
1.664571145610329,0,-1.1911732060026858,2.3212928604860745,2,4,-0.3390898026047641,4,4,3,1.2369603819949055,9731,2,11,3,2,1,1.6539527786073818,3,2,-0.3253544746389928,3,0,2,-0.231650656206621,-0.8549625644756657,0.037670111121429345,1,0,1,0,0,0,1,0,0,0,0,0,0,0,1,0,0,0,0,0,1,0,1,0,0,0,1,0,1,0
0.6696187530728458,0,0.31612095013319785,-0.3941311107256615,3,1,0.349801425194451,2,2,3,-0.48134876529426784,20003,1,14,3,1,0,1.1356049298593056,3,1,2.1459049693120202,7,1,8,-0.6479702635552799,-0.7081470298340005,-2.43443093122238,0,1,1,0,0,0,1,0,0,0,0,0,0,0,0,0,1,0,0,0,0,1,1,1,0,0,1,0,0,1
-1.0991855003271243,0,-1.4812281669696241,0.09958233858556324,3,4,1.5799643319787637,2,2,4,-0.1649069323656049,7100,1,11,3,4,0,-0.6786125407589609,3,3,-0.1606038450422586,2,4,4,0.25842161146804987,1.102577897413203,2.015350944996477,0,1,0,1,0,1,0,0,0,0,0,0,0,0,0,0,0,1,0,0,1,0,1,0,1,0,0,0,0,1
-1.0991855003271243,1,-1.6547653231036896,0.9635808748802065,4,4,-0.7327419327757442,3,1,3,-0.7976031326820963,25681,1,13,3,4,0,-0.41943861638492286,2,3,0.1688974141512098,2,7,7,-0.534050524295631,1.7143092917534744,1.520930736527715,0,1,1,0,1,0,0,0,0,0,0,0,0,0,0,0,1,0,0,0,0,1,1,1,0,1,0,0,0,1
-1.2097357661646224,0,-0.2962173007970049,-0.8878445600368862,1,1,-1.4708396768463317,2,1,4,-0.5145301660219772,4050,0,12,3,4,0,-0.80819950294598,2,3,-0.490105104235727,3,1,1,0.042189501339703804,-0.12088489126733984,0.5320903195901912,0,1,1,0,0,0,1,0,0,0,1,0,0,0,0,0,1,0,0,0,0,1,0,1,1,0,0,0,1,0
0.5590684872353476,0,0.8540861341488011,0.09958233858556324,3,3,-1.7168722582031943,3,4,1,1.902837983039106,16616,0,14,3,3,1,1.2651918920463245,5,3,2.1459049693120202,7,0,9,0.0651079282755936,-0.8549625644756657,-0.4567500973473325,0,1,0,0,0,0,0,0,0,0,0,0,0,1,0,0,0,0,0,0,1,0,0,0,0,0,1,0,0,1
1.664571145610329,0,-1.3498357487538315,-0.1472743860700491,4,3,-0.5851223839616266,3,1,1,-0.6933722919781053,17363,9,13,3,3,0,0.09890923236315328,2,1,-0.3253544746389928,4,0,4,-0.5979708261736377,-0.8549625644756657,-1.4455905142848562,0,1,1,0,0,0,0,1,0,0,0,0,1,0,0,0,0,0,0,0,1,0,0,1,0,1,0,0,1,0
0.006317158047857013,0,1.6350033367520962,0.22301070091336941,3,1,1.3831382668932737,3,1,3,-0.5660831897514691,19106,4,18,3,1,0,-0.41943861638492286,6,3,-0.6548557338324612,2,0,2,-0.34931985467159443,-0.8549625644756657,-1.4455905142848562,0,1,1,0,0,0,1,0,0,0,0,0,1,0,0,0,0,0,0,0,0,1,0,1,0,1,0,1,0,0
-0.21478337362713923,0,-1.4936236781220573,1.0870092372080127,2,3,-0.2898832863333916,3,3,4,0.5086567558528109,19944,2,11,3,3,0,-0.16026469201088478,2,3,-0.8196063634291954,2,2,2,0.22814672277824827,2.081348128357637,1.026510528058953,1,0,1,0,1,0,0,0,0,0,1,0,0,0,1,0,0,0,0,0,0,1,0,0,0,1,0,1,0,0
-1.3202860320021204,0,0.3632238925124442,-1.0112729223646924,3,1,0.743453555365431,3,1,4,-0.6410694060852754,4910,4,11,3,2,1,-0.5490255785719419,2,2,-0.6548557338324612,2,0,2,-0.340152768810552,-0.8549625644756657,-0.9511703058160944,0,1,1,0,0,0,0,0,1,0,1,0,1,0,0,0,0,0,0,0,1,0,0,1,1,0,0,1,0,0
-1.2097357661646224,0,-0.3730694699420911,-0.2707027483978553,3,3,1.6783773645215088,4,1,1,-0.7458626434117699,23577,0,12,3,4,0,-0.41943861638492286,2,3,0.004146784554475587,7,0,7,-0.49276658517317423,-0.8549625644756657,0.037670111121429345,0,1,1,0,0,0,0,1,0,0,1,0,1,0,0,0,0,0,0,0,0,1,0,1,0,1,0,0,0,1
-0.8780849686521279,0,-1.1663821836978194,0.9635808748802065,3,2,-0.7327419327757442,2,3,1,0.251079102746186,9769,1,13,3,1,0,-0.16026469201088478,3,2,0.4983986733446782,9,0,9,0.06372894783837689,-0.8549625644756657,-2.43443093122238,0,1,0,0,0,0,0,1,0,0,1,1,0,0,0,0,0,0,0,0,0,1,0,0,0,1,0,0,0,1
1.3329203480978344,1,1.6672316657484225,2.3212928604860745,2,1,1.5307578157073911,2,2,1,-0.4432932605048611,22710,3,20,4,1,0,1.1356049298593056,2,3,-0.490105104235727,3,1,3,-0.6358244090018613,-0.12088489126733984,-2.43443093122238,1,0,1,0,1,0,0,0,0,0,1,0,1,0,0,0,0,0,0,0,0,1,0,1,0,0,1,0,1,0
-0.8780849686521279,1,-1.1539866725453862,0.5932957878967879,1,3,0.8910731041795485,3,3,4,0.16953159248317157,22930,0,12,3,1,0,-0.2898516541979038,1,3,0.1688974141512098,7,7,7,0.11209963077798968,1.7143092917534744,0.037670111121429345,1,0,1,0,0,0,0,1,0,0,0,0,0,0,0,0,0,0,0,0,0,1,1,0,0,1,0,0,0,1
1.885671677285325,0,0.4177641415831505,-1.0112729223646924,3,4,-0.5851223839616266,3,4,4,2.002007254140565,5652,6,19,3,4,0,2.301887589542477,3,2,2.1459049693120202,7,12,7,-0.17713323051804944,0.9068238512243162,1.520930736527715,0,1,1,0,0,0,1,0,0,0,0,0,0,0,0,1,0,0,0,0,0,1,0,0,0,0,1,0,0,1
2.3278727406353177,0,0.6260087289440293,-1.0112729223646924,3,4,0.4974209740085685,3,5,1,2.446862982540871,22456,3,21,4,3,1,2.690648476103534,3,3,0.333648043747944,8,1,5,-0.15542744131114306,-0.5287058208275208,0.037670111121429345,0,1,1,0,0,0,1,0,0,0,0,0,0,0,0,1,0,0,0,0,1,0,1,0,0,0,1,0,0,1
1.9962219431228232,0,0.8268160096134479,-1.0112729223646924,4,2,0.743453555365431,4,4,4,1.5153467101341616,12414,2,13,3,4,2,2.561061513916515,4,4,0.004146784554475587,7,0,0,-0.3234715538442217,-0.8549625644756657,1.520930736527715,0,1,1,0,0,0,1,0,0,0,1,0,0,0,0,1,0,0,0,0,0,0,0,0,0,0,1,0,0,1
-0.10423310778964111,0,0.9210218943719407,-0.76441619770908,4,1,1.6291708482501361,3,2,2,0.4929096504227116,20763,3,16,3,4,0,0.4876701189242104,3,3,-0.3253544746389928,4,0,1,-0.15198462005944546,-0.8549625644756657,-0.4567500973473325,0,1,0,1,0,1,0,0,0,0,0,0,0,0,0,0,0,1,0,0,0,1,1,0,0,1,0,0,1,0
-0.6569844369771317,1,-0.33588293648479134,-1.0112729223646924,4,2,-0.7819484490471167,1,1,3,-0.9916299674458203,16154,1,12,3,2,0,-1.3265473516940562,3,3,-0.9843569930259296,0,0,0,0.7340843883137473,-0.8549625644756657,-0.4567500973473325,1,0,0,1,1,0,0,0,0,0,0,0,0,0,0,0,0,0,1,0,0,1,0,1,0,0,0,0,0,0
-0.7675347028146299,0,0.13018828284669903,-0.2707027483978553,4,4,0.349801425194451,3,2,1,-0.3504978177917757,12761,7,14,3,2,2,-0.41943861638492286,3,3,-0.6548557338324612,2,0,2,-0.17730344166135792,-0.8549625644756657,-0.4567500973473325,0,1,0,1,0,1,0,0,0,0,0,0,0,0,0,0,0,1,0,0,0,0,0,1,0,1,0,1,0,0
-0.6569844369771317,0,-1.538247518270817,-0.1472743860700491,5,1,1.333931750621901,3,4,2,1.8321634741444934,8847,3,11,3,3,0,-0.2898516541979038,3,4,-0.6548557338324612,2,1,0,1.2913178468071975,0.12380766646876869,-0.4567500973473325,0,1,1,0,1,0,0,0,0,0,0,0,0,0,0,1,0,0,0,0,0,1,0,0,0,1,0,1,0,0
-0.32533363946463734,0,-0.6011468751468629,-1.0112729223646924,4,4,1.235518718079156,3,1,1,-0.7368642974517131,20284,5,14,3,3,2,-0.16026469201088478,2,3,-0.490105104235727,3,1,3,-0.5668981802061075,-0.12088489126733984,0.037670111121429345,1,0,1,0,0,0,0,1,0,0,1,0,0,0,0,0,1,0,0,0,0,0,0,1,0,1,0,0,1,0
-0.6569844369771317,1,-1.488665473661084,-0.1472743860700491,3,1,-1.5692527093890767,2,1,2,-1.010001590447603,22262,1,12,3,3,0,-1.3265473516940562,3,4,-0.9843569930259296,0,0,0,0.6168140684876382,-0.8549625644756657,-0.4567500973473325,0,1,1,0,0,0,0,0,0,1,0,0,0,0,0,0,1,0,0,0,0,1,0,1,0,0,0,0,0,0
-1.0991855003271243,0,1.4242796471607309,0.22301070091336941,1,2,1.235518718079156,3,1,1,-0.8529054672282784,7679,0,14,3,2,0,-0.6786125407589609,3,4,-0.3253544746389928,0,1,4,-0.473520690847971,-0.26770042590900495,-0.9511703058160944,0,1,1,0,1,0,0,0,0,0,1,0,1,0,0,0,0,0,0,0,1,0,0,1,1,0,0,0,1,0
-0.10423310778964111,0,-1.5630385405756835,-0.6409878353812738,4,1,-1.4216331605749593,2,2,4,-0.15722084519138976,22604,1,16,3,3,0,-0.16026469201088478,2,2,0.4983986733446782,4,1,8,-0.19689835479556747,-0.5613314951923353,-0.4567500973473325,0,1,1,0,1,0,0,0,0,0,1,0,1,0,0,0,0,0,0,0,0,1,0,0,0,1,0,0,0,1
-0.10423310778964111,0,-1.1738194903892794,0.8401525125524003,4,3,1.5799643319787637,2,2,1,-0.22039673245262162,13494,4,13,3,1,2,-0.16026469201088478,3,2,-0.6548557338324612,2,0,2,-0.23722498518474994,-0.8549625644756657,-1.940010722753618,0,1,0,1,0,1,0,0,0,0,0,0,0,0,0,0,0,1,0,0,1,0,0,0,0,1,0,1,0,0
1.1118198164228383,0,-0.8366615870430948,-1.0112729223646924,3,1,0.3990079414658235,3,1,4,-0.6052634877858829,10205,7,12,3,3,1,0.7468440432982485,2,2,-0.1606038450422586,5,1,2,-0.6514088320567836,-0.36557744900344846,-0.4567500973473325,0,1,1,0,0,0,0,0,1,0,1,0,0,0,0,0,1,0,0,0,1,0,0,1,0,0,1,0,0,1
-1.3202860320021204,1,-1.039947969943,-0.023846023742242928,2,1,0.10376884383758846,2,1,1,-0.42154725776805724,15182,3,12,3,1,0,-0.6786125407589609,2,3,-0.6548557338324612,2,2,2,-0.01461081683457477,1.102577897413203,-2.43443093122238,0,1,0,1,1,0,0,0,0,0,1,0,0,0,0,0,0,0,1,0,1,0,0,1,1,0,0,1,0,0
0.006317158047857013,0,1.5135273274582501,-0.5175594730534676,2,3,0.8910731041795485,4,1,3,-0.5902662445191216,25470,0,14,3,1,0,-0.5490255785719419,2,1,-0.1606038450422586,5,1,3,-0.2938258640395964,-0.36557744900344846,-1.4455905142848562,0,0,1,0,0,0,0,0,1,0,1,0,1,0,0,0,0,0,0,0,0,1,0,1,1,0,0,0,0,1
2.1067722089603214,0,1.1218291750413594,-1.0112729223646924,2,1,1.1863122018077836,3,1,1,-0.8590918300758175,10494,2,22,4,4,1,-0.80819950294598,3,4,-0.6548557338324612,2,1,0,-0.3976938615998644,0.12380766646876869,-0.4567500973473325,0,1,1,0,1,0,0,0,0,0,0,0,0,0,0,0,1,0,0,0,1,0,0,1,1,0,0,1,0,0
1.1118198164228383,0,-1.09944642347468,-0.8878445600368862,4,1,0.7926600716368035,3,4,3,1.972200233147877,26703,3,19,3,2,2,1.9131267029814198,2,4,2.1459049693120202,17,5,6,-0.10194989725975001,-0.12088489126733984,-0.4567500973473325,0,1,1,0,0,0,1,0,0,0,0,0,0,0,0,1,0,0,0,0,1,0,0,0,0,0,1,0,0,1
-1.4308362978396185,0,1.6697107679789092,-0.6409878353812738,1,4,-1.1756005792180968,3,2,3,-0.46616405648667203,15211,1,12,3,3,2,-0.80819950294598,3,3,-0.3253544746389928,4,0,3,0.10393591463590003,-0.8549625644756657,1.026510528058953,0,1,0,1,0,0,1,0,0,0,0,0,0,0,0,0,0,1,0,0,1,0,1,1,1,0,0,0,1,0
-0.5464341711396336,0,-0.4995036836969103,-0.2707027483978553,5,4,1.5307578157073911,3,2,4,0.47903720040095743,23343,4,12,3,3,1,-0.5490255785719419,3,2,-0.490105104235727,3,0,3,0.6812614599955729,-0.8549625644756657,1.026510528058953,0,1,0,1,0,1,0,0,0,0,1,0,0,0,0,0,0,1,0,0,1,0,0,0,1,0,0,0,1,0
-0.32533363946463734,0,-0.9953241297942405,-1.0112729223646924,3,4,0.9894861367222936,2,1,2,-0.6288841459310319,3708,5,17,3,1,1,-0.5490255785719419,2,2,-0.3253544746389928,4,0,2,-0.32904114958504604,-0.8549625644756657,-0.9511703058160944,0,1,1,0,1,0,0,0,0,0,0,0,1,0,0,0,0,0,0,0,1,0,0,1,1,0,0,0,1,0
0.4485182213978495,0,1.1912440374949855,-0.5175594730534676,5,2,1.1863122018077836,4,1,3,-0.847656432084912,5561,2,12,3,1,0,-0.5490255785719419,5,2,-0.490105104235727,2,0,3,-0.5285374516798993,-0.8549625644756657,-1.4455905142848562,0,1,1,0,0,0,1,0,0,0,1,0,0,0,0,0,1,0,0,0,1,0,1,1,1,0,0,0,1,0
0.33796795556035136,0,-0.34579934540673796,-0.023846023742242928,4,3,0.743453555365431,3,2,3,-0.5012201126227266,23099,3,11,3,3,2,-0.030677729823865754,2,4,0.1688974141512098,7,0,7,-0.45972311611270983,-0.8549625644756657,1.026510528058953,0,0,1,0,0,0,0,1,0,0,1,0,1,0,0,0,0,0,0,0,0,0,0,1,0,1,0,0,0,1
-0.6569844369771317,0,-1.1812567970807393,-0.1472743860700491,2,1,-1.7168722582031943,3,3,4,0.7769199447870033,8386,1,18,3,1,1,0.2284961945501723,5,3,0.9926505621348808,7,9,9,0.10134013518606003,1.1778679151781595,-0.9511703058160944,0,1,0,1,0,0,0,0,0,1,1,0,0,0,0,0,0,1,0,0,0,0,0,0,0,1,0,0,0,1
1.0012695505853402,1,-1.0548225833259202,-0.023846023742242928,3,1,-0.6835354165043717,3,3,4,0.6462564628253457,15986,4,11,3,1,1,2.1723006273554577,1,4,0.004146784554475587,7,4,3,-0.46067110041027054,0.8229292600005075,-0.4567500973473325,0,1,0,1,0,1,0,0,0,0,1,0,0,0,0,0,0,1,0,0,0,0,0,0,0,0,1,0,0,1
0.22741768972285326,1,-0.5218156037712901,-0.8878445600368862,3,1,-0.5851223839616266,2,1,1,-0.5628962755572823,17181,2,23,4,2,0,-0.030677729823865754,2,4,-0.9843569930259296,0,0,0,-0.49551340852717174,-0.8549625644756657,-1.4455905142848562,0,0,1,0,1,0,0,0,0,0,0,0,1,0,0,0,0,0,0,0,0,1,1,1,0,1,0,0,0,0
-0.6569844369771317,1,1.592858598833823,-1.0112729223646924,5,3,1.6783773645215088,4,3,2,0.14947277961387836,8931,1,11,3,1,0,-0.16026469201088478,2,3,0.4983986733446782,8,4,7,-0.0011287188409608905,0.3195617126576557,-0.9511703058160944,1,0,1,0,1,0,0,0,0,0,0,0,0,0,1,0,0,0,0,0,0,1,0,0,0,1,0,0,0,1
0.890719284747842,0,0.5838639910257561,1.333865961863625,3,2,1.432344783164646,1,3,1,0.7877929461554052,19863,2,18,3,2,1,1.6539527786073818,2,3,0.004146784554475587,7,0,7,-0.35111480854648386,-0.8549625644756657,-1.4455905142848562,0,1,1,0,0,0,1,0,0,0,1,0,0,0,0,0,0,0,0,0,0,0,1,0,0,0,1,0,0,1
-0.6569844369771317,0,1.4763407940009505,-0.1472743860700491,2,4,1.4815512994360187,4,1,2,-0.8510308118199333,24609,9,18,3,4,0,-0.41943861638492286,3,3,-0.6548557338324612,2,0,2,-0.5766806788242549,-0.8549625644756657,1.026510528058953,0,1,0,0,0,0,1,0,0,0,0,1,0,0,0,0,0,0,0,0,0,1,0,1,0,1,0,1,0,0
-0.6569844369771317,1,-0.6928736576748691,-0.8878445600368862,3,2,1.3831382668932737,3,1,4,-0.5486488944538591,21081,6,13,3,3,1,-0.5490255785719419,2,1,-0.8196063634291954,2,2,2,-0.25587541068479147,2.081348128357637,-0.4567500973473325,1,0,1,0,1,0,0,0,0,0,1,0,1,0,0,0,0,0,0,0,1,0,1,1,1,0,0,1,0,0
0.890719284747842,0,1.600295905525283,2.4447212228138806,3,2,-0.5359158676902541,3,3,4,0.5120311355878322,14720,4,18,3,4,2,-0.16026469201088478,4,4,-0.6548557338324612,1,1,2,0.23030066742811553,0.12380766646876869,1.520930736527715,0,1,1,0,0,0,0,0,1,0,1,0,0,0,1,0,0,0,0,0,1,0,1,0,0,1,0,1,0,0
1.2223700822603363,0,1.0375396992048131,-0.2707027483978553,3,3,1.4815512994360187,3,2,1,-0.2179596804217729,24795,4,11,3,1,3,0.4876701189242104,3,3,-0.8196063634291954,2,2,2,-0.4544941797741431,2.081348128357637,-1.4455905142848562,0,1,0,1,0,1,0,0,0,0,1,0,0,0,0,0,0,1,0,0,0,0,0,0,0,1,0,1,0,0
-0.32533363946463734,1,0.754922044929335,-0.023846023742242928,4,1,-0.6835354165043717,3,1,3,-0.7323651244716847,3072,1,15,3,4,0,-1.196960389507037,0,3,-0.8196063634291954,2,2,2,0.7484440193128628,2.081348128357637,0.037670111121429345,0,1,0,0,0,0,0,0,1,0,0,1,0,0,0,0,0,0,0,0,1,0,0,1,0,0,0,1,0,0
0.33796795556035136,0,-1.4489998379732976,-0.1472743860700491,1,4,-0.5359158676902541,2,3,2,1.3325678078205085,25178,2,11,3,3,1,0.6172570811112295,5,3,0.333648043747944,8,4,8,0.13673869669950428,0.45006441011691345,0.5320903195901912,0,0,1,0,0,0,1,0,0,0,1,0,0,0,0,1,0,0,0,0,0,0,0,0,0,0,1,0,0,1
-0.9886352344896261,0,0.1574584073820522,-0.5175594730534676,3,4,0.8910731041795485,3,2,1,0.3401252346425811,23490,0,18,3,4,0,-0.16026469201088478,4,3,-0.3253544746389928,4,1,3,0.120569153876542,-0.26770042590900495,0.5320903195901912,0,1,0,1,0,0,1,0,0,0,1,0,0,0,0,0,0,1,0,0,0,1,0,0,0,1,0,0,1,0
-0.6569844369771317,0,0.442555163888017,-0.5175594730534676,3,3,1.1863122018077836,2,1,3,-0.653629597321188,7973,3,14,3,4,0,-0.5490255785719419,5,3,-0.6548557338324612,2,0,3,-0.3516062840122274,-0.8549625644756657,1.026510528058953,0,0,1,0,1,0,0,0,0,0,1,0,1,0,0,0,0,0,0,0,0,1,0,1,1,0,0,1,0,0
1.7751214114478269,0,-0.8812854271918545,-0.8878445600368862,3,4,-1.3232201280322142,4,4,2,1.8651574093313683,19764,4,12,3,2,0,3.0794093626645913,2,2,0.333648043747944,8,8,8,-0.3246648810900775,1.7550913847094924,-0.4567500973473325,0,1,1,0,0,0,1,0,0,0,1,0,0,0,0,1,0,0,0,0,0,1,0,0,0,0,1,0,0,1
1.3329203480978344,0,1.7168137103581556,-0.5175594730534676,4,1,1.4815512994360187,3,2,3,0.0004376746504381721,21534,2,14,3,2,1,1.1356049298593056,0,2,-0.6548557338324612,2,1,2,-0.4942025482730858,0.12380766646876869,-1.4455905142848562,0,1,1,0,0,0,0,0,1,0,1,0,0,0,0,0,0,0,0,0,1,0,0,0,0,0,1,1,0,0
0.33796795556035136,0,0.2318314742966517,-0.8878445600368862,3,3,0.10376884383758846,3,1,3,-0.8067889441829875,8045,2,14,3,3,1,-0.41943861638492286,3,4,-0.6548557338324612,1,1,2,-0.5413799192847628,0.12380766646876869,1.026510528058953,0,1,1,0,0,0,1,0,0,0,1,0,0,0,0,0,1,0,0,0,0,0,0,1,0,1,0,1,0,0
0.7801690189103438,0,1.6473988479045294,1.333865961863625,3,4,-0.8311549653184892,3,1,2,-0.6052634877858829,21158,1,13,3,3,0,-0.6786125407589609,3,2,-0.3253544746389928,2,1,3,-0.21006134987808991,-0.26770042590900495,0.037670111121429345,0,1,1,0,1,0,0,0,0,0,1,0,0,0,0,0,1,0,0,0,0,1,0,1,1,0,0,0,1,0
-0.4358839053021355,0,-0.9234301651101275,-0.2707027483978553,3,4,-0.5851223839616266,3,2,1,-0.4266088273705892,17456,0,14,3,1,2,-0.80819950294598,2,3,-0.490105104235727,3,0,3,0.15443395031612256,-0.8549625644756657,-0.9511703058160944,1,0,0,1,0,0,1,0,0,0,1,0,0,0,0,0,0,1,0,0,1,0,0,1,1,0,0,0,1,0
-0.32533363946463734,0,1.2978454334059115,-0.76441619770908,3,4,0.743453555365431,1,2,1,-0.354247128608466,15891,3,18,3,4,0,0.4876701189242104,2,3,0.9926505621348808,9,3,12,-0.5124911338650148,-0.17735240459105717,0.5320903195901912,0,1,0,1,0,0,0,1,0,0,1,0,0,0,0,0,0,1,0,0,0,1,0,1,0,1,0,0,0,1
-0.7675347028146299,0,1.3771767047814845,0.8401525125524003,1,4,1.4815512994360187,3,2,3,-0.22039673245262162,2939,8,15,3,3,2,-0.16026469201088478,2,2,-0.8196063634291954,1,2,2,-0.23722498518474994,2.081348128357637,0.5320903195901912,0,1,0,1,1,0,0,0,0,0,1,0,0,0,0,0,0,1,0,0,1,0,0,0,0,1,0,1,0,0
0.5590684872353476,0,-0.13507565581537262,-0.023846023742242928,2,1,0.3990079414658235,3,1,4,-0.5578347059547504,16458,1,13,3,3,0,-0.6786125407589609,3,3,-0.1606038450422586,6,5,6,-0.1596032020617539,1.5919630128854205,0.037670111121429345,1,0,1,0,0,0,1,0,0,0,0,0,1,0,0,0,0,0,0,0,0,1,0,1,1,0,0,0,0,1
0.7801690189103438,0,-1.039947969943,-1.0112729223646924,5,1,0.645040522822686,3,2,3,-0.35255993874095537,9282,7,12,3,3,1,-0.030677729823865754,4,2,-0.9843569930259296,0,0,0,-0.3734565450346909,-0.8549625644756657,-0.9511703058160944,1,0,0,1,0,1,0,0,0,0,0,0,0,0,0,0,0,1,0,0,1,0,0,1,0,1,0,0,0,0
-0.7675347028146299,0,0.4648670839623969,-0.2707027483978553,3,3,-0.09305722124790157,3,1,3,-1.0075645384167542,7152,1,13,3,2,2,-1.3265473516940562,2,2,-0.9843569930259296,0,0,0,0.6323703354033466,-0.8549625644756657,-0.4567500973473325,0,0,1,0,0,0,0,0,1,0,1,0,0,0,0,0,1,0,0,0,0,0,0,1,0,0,0,0,0,0
2.2173224747978195,0,-0.9854077208722939,-1.0112729223646924,2,2,1.333931750621901,4,2,3,-0.32781448735079927,2721,0,24,4,1,1,0.2284961945501723,2,2,0.8278999325381465,9,2,8,-0.4411041306971902,-0.36557744900344846,-1.4455905142848562,0,1,1,0,1,0,0,0,0,0,1,0,0,0,0,0,1,0,0,0,1,0,0,1,0,1,0,0,0,1
1.3329203480978344,0,1.7044181992057224,-0.2707027483978553,4,3,-1.5200461931177043,3,3,2,0.5952658357183573,20948,3,14,3,2,2,0.2284961945501723,3,3,0.1688974141512098,7,0,7,0.012144734941554776,-0.8549625644756657,-0.4567500973473325,0,1,1,0,1,0,0,0,0,0,1,0,0,0,0,0,0,0,0,0,0,0,0,0,0,1,0,0,0,1
-0.32533363946463734,0,0.0657316248540461,0.7167241502245941,3,2,0.251388392651706,3,4,1,1.9418308155326853,11929,7,14,3,4,2,0.6172570811112295,3,2,1.157401191731615,8,6,9,0.3798053672574472,0.4034563038814642,-0.9511703058160944,1,0,1,0,0,0,1,0,0,0,1,0,0,0,0,1,0,0,0,0,0,0,0,0,0,0,1,0,0,1
-0.9886352344896261,1,1.7192928125886422,-1.0112729223646924,3,1,1.2847252343505287,3,1,3,-0.7010583791523205,15747,3,15,3,4,1,-0.80819950294598,3,4,-0.6548557338324612,2,1,2,-0.19594104606229318,0.12380766646876869,0.5320903195901912,1,0,0,1,0,0,0,0,1,0,1,0,0,0,0,0,0,0,1,0,1,0,0,1,1,0,0,1,0,0
-0.8780849686521279,1,-1.7043473677134227,0.46986742556898176,3,1,-0.7327419327757442,3,2,2,-0.16565679452894297,17485,5,11,3,1,0,-0.5490255785719419,4,1,-0.3253544746389928,3,0,0,0.09337132897226513,-0.8549625644756657,-2.9288511396911416,1,0,0,1,0,0,0,0,1,0,0,0,0,0,0,0,0,1,0,0,0,1,0,0,1,0,0,0,1,0
-0.32533363946463734,1,-0.030953362134933278,1.8275794111748498,4,1,-1.2740136117608418,2,2,2,-0.38424161514198857,7815,0,23,4,3,0,0.6172570811112295,2,4,1.3221518213283492,9,10,10,-0.5481857860603853,1.102577897413203,-0.4567500973473325,0,1,0,1,0,0,1,0,0,0,0,0,0,0,0,0,0,1,0,0,0,1,1,1,0,0,1,0,0,1
-0.21478337362713923,0,-0.3532366520981979,-0.2707027483978553,1,4,0.4974209740085685,3,1,3,-0.7957284772737511,16192,1,13,3,1,1,-1.3265473516940562,3,3,-0.9843569930259296,0,0,0,1.9845689211533797,-0.8549625644756657,0.037670111121429345,0,1,0,1,1,0,0,0,0,0,1,0,0,0,0,0,0,0,1,0,1,0,0,1,0,0,0,0,0,0
-1.4308362978396185,1,-1.0449061744039736,-0.023846023742242928,3,2,1.137105685536411,3,1,1,-0.6517549419128429,16998,2,11,3,3,0,-0.937786465132999,2,2,-0.6548557338324612,0,0,0,0.05678845952213784,-0.8549625644756657,-1.4455905142848562,1,0,1,0,0,0,1,0,0,0,1,0,1,0,0,0,0,0,0,0,0,1,1,1,1,0,0,1,0,0
-1.4308362978396185,0,0.06821072708453275,0.46986742556898176,2,4,0.5958340065513135,3,1,2,-0.8652781929233565,7103,1,13,3,3,1,-1.3265473516940562,2,3,-0.9843569930259296,0,0,0,1.5406169960973954,-0.8549625644756657,0.5320903195901912,0,0,0,1,1,0,0,0,0,0,0,0,0,0,0,0,0,0,1,0,1,0,0,1,0,0,0,0,0,0
0.7801690189103438,0,0.968124836751187,-0.8878445600368862,1,2,0.9894861367222936,3,3,3,0.6674400689396459,19719,5,18,3,2,0,0.6172570811112295,2,2,-0.8196063634291954,2,2,2,-0.12861531780498228,2.081348128357637,-0.9511703058160944,1,0,1,0,0,0,1,0,0,0,1,0,0,0,1,0,0,0,0,0,0,1,1,0,0,0,1,1,0,0
-0.8780849686521279,0,1.0995172549669796,1.2104375995358188,3,3,0.5466274902799411,2,2,3,0.3695573245536001,23757,1,14,3,3,2,-0.16026469201088478,3,3,0.4983986733446782,7,0,4,0.13935633776705136,-0.8549625644756657,0.5320903195901912,0,1,0,1,1,0,0,0,0,0,1,0,0,0,0,0,0,1,0,0,0,0,0,0,0,1,0,0,0,1
-0.7675347028146299,0,-1.1713403881587927,-1.0112729223646924,3,3,-0.9787745141326066,3,1,3,-0.8594667611574865,15428,0,21,4,1,1,-0.6786125407589609,3,4,-0.3253544746389928,3,1,3,-0.48050106702809653,-0.26770042590900495,0.037670111121429345,0,1,0,0,1,0,0,0,0,0,1,1,0,0,0,0,0,0,0,0,0,0,0,1,1,0,0,0,1,0
1.9962219431228232,0,1.0573725170487065,-0.6409878353812738,4,4,-1.7660787744745667,3,2,3,-0.4899721801726556,16143,0,16,3,2,0,-0.937786465132999,2,3,-0.490105104235727,2,1,2,0.31496265852706673,-0.12088489126733984,0.5320903195901912,0,1,1,0,1,0,0,0,0,0,1,0,0,0,0,0,0,0,0,0,1,0,1,1,1,0,0,0,1,0
-0.4358839053021355,0,0.7350892270854419,-0.6409878353812738,4,1,0.7926600716368035,2,1,2,-0.5269028917170552,8192,8,11,3,4,0,-0.41943861638492286,5,3,-0.3253544746389928,4,0,2,-0.3180577413506036,-0.8549625644756657,-0.4567500973473325,0,1,1,0,0,0,1,0,0,0,0,0,1,0,0,0,0,0,0,0,1,0,0,1,0,1,0,0,1,0
1.1118198164228383,0,-0.5738767506115098,0.5932957878967879,3,3,0.5958340065513135,3,2,3,-0.3857413394686647,24200,3,17,3,3,1,-0.030677729823865754,4,2,-0.3253544746389928,4,1,2,-0.39271150478350464,-0.26770042590900495,0.037670111121429345,0,1,0,1,0,0,1,0,0,0,0,0,0,0,0,0,0,1,0,0,1,0,1,1,0,1,0,0,1,0
-0.9886352344896261,1,-1.2729835796087454,-0.8878445600368862,2,3,-1.3724266443035866,2,1,1,-0.7662963873627321,5355,7,11,3,3,0,-0.41943861638492286,2,2,-1.1491076226226637,0,0,0,-0.5090707495367532,-0.8549625644756657,-0.9511703058160944,1,0,1,0,0,0,1,0,0,0,1,0,1,0,0,0,0,0,0,0,0,1,0,1,0,1,0,0,0,0
-0.9886352344896261,0,1.5383183497631168,-1.0112729223646924,3,1,0.3005949089230785,2,1,3,-0.9533869971155791,12530,1,14,3,4,1,-1.3265473516940562,2,1,-0.9843569930259296,0,0,0,0.978198115298709,-0.8549625644756657,-0.9511703058160944,0,1,1,0,1,0,0,0,0,0,1,0,0,0,0,0,1,0,0,0,0,0,0,1,0,0,0,0,0,0
-0.10423310778964111,0,-0.8317033825821215,-0.2707027483978553,3,3,-0.5359158676902541,3,2,1,-0.3281894184324683,11827,0,14,3,4,0,-0.80819950294598,5,3,-0.490105104235727,2,1,3,0.28008072155838226,-0.12088489126733984,0.037670111121429345,1,0,0,1,1,0,0,0,0,0,1,0,0,0,0,0,0,1,0,0,0,1,0,1,1,0,0,0,1,0
1.3329203480978344,0,-1.3176074197575052,-0.76441619770908,2,3,-1.1263940629467242,2,2,1,-0.34862316238343055,23070,4,25,4,1,1,-0.16026469201088478,3,3,-0.6548557338324612,2,1,2,-0.3190748818797077,0.12380766646876869,-1.4455905142848562,0,1,1,0,0,0,1,0,0,0,0,0,1,0,0,0,0,0,0,0,1,0,0,1,0,1,0,1,0,0
-0.8780849686521279,0,-0.9730122097198606,-0.8878445600368862,1,4,1.5307578157073911,3,1,2,-0.6502552175861668,4668,0,13,3,3,3,-0.937786465132999,3,3,-0.6548557338324612,2,0,2,0.059181731355323744,-0.8549625644756657,0.5320903195901912,1,0,1,0,1,0,0,0,0,0,0,0,1,0,0,0,0,0,0,0,1,0,0,1,1,0,0,1,0,0
-0.9886352344896261,0,0.6954235913976554,2.4447212228138806,1,3,1.4815512994360187,1,2,2,-0.018683810514682455,3173,1,14,3,2,2,-0.41943861638492286,2,2,0.1688974141512098,6,1,7,0.08745225488483217,-0.48792372787150273,-0.9511703058160944,0,1,1,0,1,0,0,0,0,0,1,0,0,0,1,0,0,0,0,0,1,0,0,0,0,1,0,0,0,1
-0.4358839053021355,0,-0.7102273732882756,-0.1472743860700491,5,4,0.15297536010896096,3,2,3,-0.048865762589039526,22049,2,17,3,1,0,0.3580831567371914,6,3,-1.1491076226226637,0,0,0,-0.34613594839351675,-0.8549625644756657,0.037670111121429345,0,1,1,0,1,0,0,0,0,0,1,0,0,0,0,0,0,0,0,0,0,1,1,0,0,1,0,0,0,0
-0.5464341711396336,0,-0.7622885201284952,0.09958233858556324,3,3,-0.09305722124790157,3,3,4,0.86146690370337,21072,2,25,4,2,0,-0.16026469201088478,5,4,-0.3253544746389928,2,0,0,0.45335360228104143,-0.8549625644756657,1.026510528058953,0,1,1,0,0,0,1,0,0,0,1,0,0,1,0,0,0,0,0,0,0,1,0,0,0,1,0,0,1,0
1.885671677285325,0,0.6136132177915959,0.22301070091336941,4,2,1.038692652993666,3,4,4,1.7590519132190323,24456,3,20,4,1,1,1.9131267029814198,2,3,1.157401191731615,9,1,12,-0.15427970638152624,-0.645226086416144,-0.4567500973473325,1,0,1,0,0,0,1,0,0,0,0,0,0,1,0,0,0,0,0,0,0,0,0,0,0,0,1,0,0,1
-0.8780849686521279,1,-1.4341252245903777,-1.0112729223646924,4,1,1.6783773645215088,2,1,1,-0.8036020299888008,7568,6,13,3,3,0,-0.030677729823865754,2,1,0.333648043747944,7,0,7,-0.6351934555185669,-0.8549625644756657,-2.43443093122238,0,1,1,0,0,0,0,0,1,0,1,0,0,0,0,0,1,0,0,0,0,1,0,1,0,1,0,0,0,1
0.7801690189103438,0,-1.652286220873203,2.3212928604860745,3,4,-1.6676657419318217,3,4,1,1.8145417133060489,22074,3,13,3,3,1,1.6539527786073818,1,4,2.1459049693120202,6,14,17,-0.0780325204140011,1.2004549205076465,0.5320903195901912,0,1,1,0,1,0,0,0,0,0,1,0,0,0,0,1,0,0,0,0,1,0,0,0,0,0,1,0,0,1
0.22741768972285326,0,0.7102982047805754,-0.3941311107256615,3,2,-1.6676657419318217,3,3,2,0.3238157325899782,9150,4,18,3,4,0,-0.2898516541979038,3,3,-0.8196063634291954,0,2,2,0.2215253373731005,2.081348128357637,0.037670111121429345,0,1,1,0,1,0,0,0,0,0,0,0,0,0,1,0,0,0,0,0,0,1,0,0,0,1,0,1,0,0
1.0012695505853402,0,-1.4242088156684312,-0.76441619770908,3,3,-0.7327419327757442,3,4,2,1.8666571336580444,11380,8,12,3,4,1,1.5243658164203626,2,4,0.9926505621348808,12,5,1,-0.02817269055596158,0.2743877019986818,1.026510528058953,0,1,0,1,1,0,0,0,0,0,0,0,0,1,0,0,0,0,0,0,1,0,0,0,0,0,1,0,0,1
-0.21478337362713923,0,0.5615520709513763,0.8401525125524003,3,4,1.235518718079156,2,3,2,0.5952658357183573,21195,1,19,3,4,0,-0.030677729823865754,3,1,0.6631493029414124,8,3,3,0.17656083626475946,-0.05415055733931029,0.037670111121429345,0,1,1,0,1,0,0,0,0,0,0,0,0,0,0,0,0,0,0,0,0,1,0,0,0,1,0,0,0,1
-1.5413865636771167,0,-0.7325392933626554,1.333865961863625,1,1,1.5307578157073911,3,2,3,-0.8204739286639072,24812,0,14,3,2,0,-0.80819950294598,2,3,-0.490105104235727,3,1,2,-0.3483924618362349,-0.12088489126733984,-0.9511703058160944,0,1,1,0,1,0,0,0,0,0,1,0,1,0,0,0,0,0,0,0,0,1,0,1,1,0,0,0,1,0
0.33796795556035136,1,-0.31357101641041146,-0.023846023742242928,4,4,0.9894861367222936,3,1,1,-0.8680901760358742,21831,3,14,3,2,0,0.4876701189242104,3,1,-0.3253544746389928,4,1,0,-0.7311564036904331,-0.26770042590900495,-1.4455905142848562,0,1,1,0,1,0,0,0,0,0,1,0,1,0,0,0,0,0,0,0,0,1,0,1,0,1,0,0,1,0
-0.32533363946463734,0,0.4177641415831505,-1.0112729223646924,3,4,-0.09305722124790157,2,3,3,0.08142278829094907,12288,1,14,3,4,0,-0.16026469201088478,3,3,0.4983986733446782,9,8,6,-0.044566602613285045,1.4940859897909768,1.520930736527715,0,1,0,1,0,0,0,0,1,0,1,0,0,0,0,0,0,1,0,0,1,0,1,0,0,1,0,0,0,1
-0.6569844369771317,1,-0.5986677729163763,-0.76441619770908,3,4,-1.6184592256604493,3,1,3,-0.4807863686717643,4156,1,12,3,1,0,-0.5490255785719419,2,1,0.004146784554475587,2,7,7,-0.19399223899812743,2.081348128357637,-0.9511703058160944,1,0,1,0,1,0,0,0,0,0,0,0,0,0,0,0,1,0,0,0,0,1,0,1,1,0,0,0,0,1
1.4434706139353326,0,-1.1639030814673328,1.5807226865192374,5,3,1.0878991692650386,1,4,4,1.455170271526282,24450,1,13,3,4,0,2.690648476103534,2,3,4.122912524472831,6,13,9,-0.35324631627291503,0.33791365448786376,1.520930736527715,1,0,1,0,0,0,1,0,0,0,1,0,0,0,0,1,0,0,0,0,0,1,1,0,0,0,1,0,0,1
-0.32533363946463734,0,1.5804630876813899,-0.2707027483978553,2,2,-0.5359158676902541,3,1,3,-0.8137251691938646,4944,0,25,4,2,1,0.09890923236315328,4,3,0.6631493029414124,10,5,7,-0.6619908477113605,0.47972411408492666,-0.4567500973473325,0,1,0,1,0,0,0,0,1,0,1,0,0,0,0,0,0,0,1,0,1,0,1,1,0,1,0,0,0,1
0.5590684872353476,0,1.01026957466946,-0.8878445600368862,3,3,0.10376884383758846,2,1,2,-0.3388749542600357,24052,4,14,3,2,1,-0.937786465132999,3,3,-0.9843569930259296,0,0,0,0.556084795720546,-0.8549625644756657,-0.4567500973473325,0,1,1,0,0,0,1,0,0,0,1,0,1,0,0,0,0,0,0,0,1,0,0,1,1,0,0,0,0,0
0.006317158047857013,0,-0.3185292208713848,0.46986742556898176,3,1,-0.9295679978612341,3,2,4,-0.4431057949640266,3031,1,17,3,1,0,-0.16026469201088478,2,3,0.4983986733446782,8,3,7,-0.3793853320759923,0.025930643374325275,-0.9511703058160944,0,1,1,0,0,0,1,0,0,0,1,0,0,0,0,0,1,0,0,0,1,0,0,1,0,1,0,0,0,1
-0.8780849686521279,0,-0.8961600405747744,-0.1472743860700491,1,3,-1.3232201280322142,1,2,1,0.574832091767395,7288,3,13,3,3,1,-0.2898516541979038,3,3,0.004146784554475587,7,0,7,0.39955816985287373,-0.8549625644756657,-0.4567500973473325,0,1,1,0,0,0,0,1,0,0,0,0,0,0,0,0,0,0,0,0,1,0,0,0,0,1,0,0,0,1
-0.4358839053021355,0,-0.5639603416895632,1.9510077735026559,3,4,-1.0771875466753518,2,2,2,-0.4365445010348185,24152,1,13,3,4,0,-0.80819950294598,2,3,-0.3253544746389928,3,0,2,0.14174960960023728,-0.8549625644756657,1.026510528058953,0,1,1,0,1,0,0,0,0,0,1,0,0,0,1,0,0,0,0,0,0,1,0,1,1,0,0,0,1,0
0.890719284747842,0,0.3657029947429309,2.3212928604860745,3,4,1.5307578157073911,3,1,4,-0.8467191043807395,4585,4,20,4,4,1,-0.41943861638492286,3,3,-0.3253544746389928,4,0,3,-0.5732403505640501,-0.8549625644756657,2.015350944996477,0,1,1,0,0,0,0,0,1,0,1,0,0,0,0,0,1,0,0,0,1,0,0,1,0,1,0,0,1,0
0.5590684872353476,0,-1.275462681839232,-0.8878445600368862,3,4,-1.2740136117608418,3,3,4,0.6515054979687122,18611,2,14,3,3,1,1.6539527786073818,3,1,2.1459049693120202,8,13,9,-0.3873629048532786,1.0536393858659814,0.5320903195901912,1,0,1,0,1,0,0,0,0,0,1,0,0,0,0,0,0,0,0,0,1,0,1,0,0,0,1,0,0,1
0.33796795556035136,0,1.337511069093698,-0.023846023742242928,2,1,-0.9295679978612341,3,2,1,-0.22039673245262162,19345,0,12,3,4,0,-0.2898516541979038,5,4,0.1688974141512098,4,7,1,-0.16445622550126976,1.7143092917534744,-0.4567500973473325,0,1,0,1,0,0,1,0,0,0,1,0,0,0,0,0,0,1,0,0,1,0,0,0,0,1,0,0,0,1
-0.4358839053021355,0,-0.5292529104627501,2.3212928604860745,4,2,0.645040522822686,3,2,3,-0.2702625663146029,22949,1,12,3,2,1,0.4876701189242104,3,3,1.3221518213283492,14,5,7,-0.476751607822772,0.12380766646876869,-0.4567500973473325,0,1,1,0,1,0,0,0,0,0,1,0,0,0,0,0,0,0,0,1,1,0,1,0,0,1,0,0,0,1
0.33796795556035136,0,0.23678967875762502,-0.3941311107256615,2,3,-1.3724266443035866,3,4,4,1.8349754572570112,17381,1,21,4,4,0,1.2651918920463245,2,3,2.3106555989087543,7,7,7,0.04448020438003887,0.12380766646876869,1.520930736527715,0,1,0,0,0,0,1,0,0,0,1,0,0,1,0,0,0,0,0,0,0,1,1,0,0,0,1,0,0,1
-1.4308362978396185,0,-1.1217583435490597,1.4572943241914311,2,3,-0.4375028351475091,2,1,1,-0.8159747556838788,10036,0,14,3,2,3,-1.196960389507037,3,3,-0.9843569930259296,1,0,0,0.48159420991263496,-0.8549625644756657,-0.9511703058160944,0,1,1,0,0,0,0,0,0,1,1,0,1,0,0,0,0,0,0,0,0,0,0,1,0,0,0,0,0,0
0.33796795556035136,0,0.8416906229963679,-0.1472743860700491,2,4,0.3005949089230785,3,2,4,-0.483598351784282,8841,3,18,3,3,0,-0.16026469201088478,2,3,-0.8196063634291954,2,2,2,-0.40523266787440004,2.081348128357637,1.520930736527715,0,0,1,0,1,0,0,0,0,0,1,0,0,0,0,0,0,0,0,0,0,0,1,1,0,1,0,1,0,0
0.890719284747842,0,-0.6556871242175693,-1.0112729223646924,4,1,0.005355811294843447,3,3,2,0.14853545190970577,20933,1,12,3,1,3,-0.16026469201088478,4,3,0.4983986733446782,8,7,7,-0.001727036799257365,1.2004549205076465,-1.940010722753618,0,1,1,0,0,0,0,0,1,0,1,0,0,0,0,0,0,0,0,0,0,0,0,0,0,1,0,0,0,1
-0.21478337362713923,0,1.486257202922897,2.3212928604860745,4,2,1.5799643319787637,2,1,3,-0.7908543732120537,26204,0,23,4,1,2,-0.6786125407589609,5,3,-0.6548557338324612,3,3,2,-0.4075062761159266,2.081348128357637,-0.9511703058160944,0,1,0,1,1,0,0,0,0,0,0,0,0,0,0,0,0,0,1,0,1,0,0,1,1,0,0,1,0,0
-0.5464341711396336,0,0.05333611370161285,-0.5175594730534676,2,4,0.05456232756621595,2,2,2,-0.14447318841464266,15624,3,12,3,1,1,-0.16026469201088478,2,3,0.004146784554475587,1,2,5,-0.18876123056273547,-0.016016652237579067,-0.4567500973473325,0,1,1,0,1,0,0,0,0,0,0,0,0,0,0,0,1,0,0,0,1,0,0,0,0,1,0,0,0,1
-0.10423310778964111,0,0.8788771564536676,-0.8878445600368862,4,3,0.20218187638033347,3,1,4,-0.7507367474734673,17001,3,21,4,4,0,-0.5490255785719419,3,2,-0.6548557338324612,2,1,2,-0.44015734184010563,0.12380766646876869,1.026510528058953,0,1,0,1,1,0,0,0,0,0,1,0,0,0,0,0,0,0,1,0,0,1,1,1,1,0,0,1,0,0
1.2223700822603363,0,-0.7697258268199553,0.8401525125524003,4,3,1.4815512994360187,3,2,3,-0.03930502000647921,13693,8,14,3,3,1,0.8764310054852675,2,3,0.1688974141512098,7,7,7,-0.46408056306151546,1.7143092917534744,0.5320903195901912,0,1,0,1,1,0,0,0,0,0,0,0,0,0,0,0,0,1,0,0,0,0,0,0,0,0,1,0,0,1
-0.8780849686521279,0,-0.5069409903883703,-0.023846023742242928,3,3,1.235518718079156,4,1,3,-0.7869175968545289,22376,6,18,3,1,2,-0.80819950294598,2,2,-0.9843569930259296,0,0,0,-0.3055528960222073,-0.8549625644756657,-0.9511703058160944,0,1,1,0,1,0,0,0,0,0,1,0,0,0,0,0,1,0,0,0,1,0,0,1,1,0,0,0,0,0
-0.4358839053021355,0,1.0896008460450328,-0.1472743860700491,4,1,-0.9787745141326066,3,2,1,-0.22039673245262162,10589,2,13,3,4,1,-0.41943861638492286,6,1,-0.8196063634291954,2,2,2,-0.07349527589691954,2.081348128357637,-1.940010722753618,0,1,0,1,1,0,0,0,0,0,1,0,0,0,0,0,0,1,0,0,1,0,0,0,0,1,0,1,0,0
-0.7675347028146299,1,-0.15490847365926583,-1.0112729223646924,3,2,-0.09305722124790157,2,2,1,0.5746446262265605,5323,1,11,3,4,1,-0.16026469201088478,4,3,0.4983986733446782,8,6,7,0.27026830704232,0.9068238512243162,-0.4567500973473325,0,1,0,1,1,0,0,0,0,0,1,0,0,0,0,0,0,1,0,0,1,0,0,0,0,1,0,0,0,1
0.11686742388535513,0,0.2119986564527585,0.09958233858556324,4,3,0.251388392651706,3,2,3,-0.10716754578857399,14814,3,11,3,3,0,-0.16026469201088478,2,3,-0.1606038450422586,3,1,2,-0.16494817582253565,-0.36557744900344846,0.5320903195901912,1,0,0,0,0,0,0,0,0,0,1,1,0,0,0,0,0,0,0,0,1,0,0,0,0,1,0,0,0,1
-0.21478337362713923,0,0.4698252884233702,-1.0112729223646924,3,4,0.10376884383758846,2,1,1,-0.7871050623953634,21731,1,19,3,2,0,-1.0673734273200182,3,3,-0.6548557338324612,0,1,2,0.08510884288150428,0.12380766646876869,-0.4567500973473325,0,1,1,0,0,0,1,0,0,0,1,0,1,0,0,0,0,0,0,0,0,1,0,1,1,0,0,1,0,0
-0.7675347028146299,0,1.203639548647419,2.4447212228138806,4,3,-1.6184592256604493,3,3,2,0.4859734254118345,17799,3,12,3,2,1,-0.2898516541979038,3,3,-0.490105104235727,2,1,3,0.3365353449123119,-0.12088489126733984,-0.4567500973473325,0,1,0,1,0,0,0,0,1,0,1,0,0,0,0,0,0,1,0,0,1,0,0,0,0,1,0,0,1,0
-0.6569844369771317,1,-1.7316174922487757,-0.8878445600368862,3,1,0.15297536010896096,3,1,1,-0.8575921057491414,26619,1,12,3,4,1,-1.3265473516940562,2,3,-0.9843569930259296,0,0,0,1.5896790686777063,-0.8549625644756657,-0.9511703058160944,0,1,1,0,1,0,0,0,0,0,0,0,1,0,0,0,0,0,0,0,0,0,1,1,0,0,0,0,0,0
1.7751214114478269,1,-0.4846290703139904,-0.8878445600368862,5,3,0.5958340065513135,2,3,4,0.6599414473062654,14618,0,16,3,2,1,2.949822400477572,4,3,4.287663154069564,7,1,9,-0.534244097752727,-0.765983452571626,0.5320903195901912,0,1,1,0,0,0,0,0,1,0,0,0,0,0,1,0,0,0,0,0,1,0,0,0,0,0,1,0,0,1
0.11686742388535513,1,0.24918518991005828,-0.8878445600368862,3,3,0.743453555365431,3,2,2,-0.33625043668835247,7653,4,11,3,1,2,-0.5490255785719419,2,3,-0.3253544746389928,2,1,4,-0.062191340184818304,-0.26770042590900495,-0.9511703058160944,0,1,1,0,0,0,1,0,0,0,1,0,0,0,1,0,0,0,0,0,1,0,0,1,1,0,0,0,1,0
-0.5464341711396336,0,0.9854785523645936,-1.0112729223646924,4,4,-0.19147025379064658,3,2,1,-0.48022397204926076,25174,4,14,3,2,1,-0.2898516541979038,3,2,-0.1606038450422586,5,1,2,-0.348738156656584,-0.36557744900344846,-0.9511703058160944,0,0,1,0,0,0,0,0,1,0,1,0,0,0,0,0,1,0,0,0,1,0,0,1,0,1,0,0,0,1
1.2223700822603363,0,0.7574011471598217,0.7167241502245941,4,3,-0.043850704976529056,3,1,1,-0.8026647022846282,16530,8,12,3,4,1,-0.16026469201088478,3,2,0.1688974141512098,2,7,6,-0.60890010087852,1.7143092917534744,-0.4567500973473325,0,1,1,0,0,0,0,1,0,0,0,0,0,0,0,0,1,0,0,0,1,0,0,1,0,1,0,0,0,1
-0.32533363946463734,0,-0.8019541558162817,-0.2707027483978553,4,1,-1.5200461931177043,3,1,4,-0.6892480500797461,22061,1,13,3,3,0,-1.3265473516940562,4,1,-0.9843569930259296,0,0,0,2.664258121778175,-0.8549625644756657,-0.9511703058160944,0,1,1,0,0,0,1,0,0,0,1,0,0,0,0,0,1,0,0,0,0,1,0,1,0,0,0,0,0,0
1.9962219431228232,0,-0.29125909633603164,2.074436135830462,5,3,-0.2898832863333916,2,5,4,2.425304445344902,23037,1,21,4,3,1,3.20899632485161,3,3,4.781915042859767,6,2,13,-0.24110740393636257,-0.6918341926515932,1.026510528058953,0,1,0,1,0,1,0,0,0,0,1,0,0,1,0,0,0,0,0,0,1,0,0,0,0,0,1,0,0,1
-0.32533363946463734,0,1.3598229891680778,-1.0112729223646924,4,2,-1.0279810304039791,3,2,4,-0.21833461150344197,13008,9,17,3,2,1,-0.2898516541979038,3,2,-0.8196063634291954,2,2,1,-0.1629936704921005,2.081348128357637,-0.4567500973473325,0,1,1,0,1,0,0,0,0,0,1,0,0,0,0,0,1,0,0,0,1,0,0,0,0,1,0,1,0,0
-1.2097357661646224,0,-0.8143496669687149,-0.76441619770908,3,1,1.137105685536411,3,1,4,-0.7368642974517131,11133,1,21,4,1,0,-1.3265473516940562,5,3,-0.9843569930259296,0,0,0,2.360312598963566,-0.8549625644756657,-0.9511703058160944,0,1,1,0,1,0,0,0,0,0,0,0,0,0,0,0,1,0,0,0,1,0,0,1,0,0,0,0,0,0
0.11686742388535513,0,1.097038152736493,0.5932957878967879,3,3,0.6942470390940585,3,2,2,-0.22039673245262162,12355,0,11,3,4,1,-0.16026469201088478,3,3,0.333648043747944,8,7,7,-0.23722498518474994,1.428834641061348,0.5320903195901912,0,1,0,1,1,0,0,0,0,0,1,0,0,0,0,0,0,1,0,0,1,0,0,0,0,1,0,0,0,1
0.11686742388535513,0,-0.9060764494967211,0.8401525125524003,3,2,1.1863122018077836,3,2,2,-0.4594152970166295,16379,2,12,3,2,0,-0.41943861638492286,5,4,-0.6548557338324612,2,1,2,-0.26420912510392086,0.12380766646876869,-0.4567500973473325,0,1,0,1,1,0,0,0,0,0,0,0,0,0,0,0,0,1,0,0,0,1,0,1,0,1,0,1,0,0
-0.10423310778964111,0,0.20208224753081191,-1.0112729223646924,4,2,0.349801425194451,3,2,3,0.03118202334729879,21447,6,13,3,1,0,0.4876701189242104,5,3,-0.9843569930259296,0,0,0,-0.34847223756400775,-0.8549625644756657,-0.9511703058160944,0,1,0,1,1,0,0,0,0,0,0,0,0,0,0,0,0,1,0,0,0,1,0,0,0,1,0,0,0,0
-0.8780849686521279,0,1.4069259315473241,-0.76441619770908,1,2,1.038692652993666,3,1,1,-0.3609958880785086,16213,1,18,3,4,0,-0.16026469201088478,3,3,0.4983986733446782,9,1,5,-0.32697267892922105,-0.5613314951923353,-0.4567500973473325,0,1,1,0,0,0,1,0,0,0,1,0,1,0,0,0,0,0,0,0,0,1,1,1,0,1,0,0,0,1
-0.21478337362713923,0,-0.32844562979333136,0.09958233858556324,4,1,-0.7327419327757442,3,2,3,-0.09498228563433045,4223,3,16,3,3,0,-0.16026469201088478,4,3,-0.3253544746389928,2,0,4,-0.1571700423646815,-0.8549625644756657,-0.4567500973473325,0,1,1,0,0,0,1,0,0,0,0,0,0,0,0,0,0,0,0,0,0,1,1,0,0,1,0,0,1,0
0.22741768972285326,0,1.6350033367520962,-0.3941311107256615,3,4,-1.3724266443035866,4,3,3,0.4859734254118345,4658,2,11,3,1,1,-0.030677729823865754,3,3,0.004146784554475587,6,7,6,0.11313913268533314,2.081348128357637,0.037670111121429345,0,1,0,1,0,0,1,0,0,0,1,0,0,0,0,0,0,1,0,0,1,0,0,0,0,1,0,0,0,1
-0.8780849686521279,0,0.47726259511483016,-0.8878445600368862,1,1,1.038692652993666,3,2,4,0.4132367955680423,24483,1,19,3,4,1,-0.6786125407589609,0,4,-0.1606038450422586,4,1,3,0.8734924725968259,-0.36557744900344846,1.026510528058953,1,0,1,0,1,0,0,0,0,0,1,0,0,0,0,0,0,0,0,0,0,0,0,0,1,0,0,0,0,1
1.2223700822603363,0,-1.3349611353709117,-0.023846023742242928,3,3,-0.3390898026047641,3,5,3,2.3775007324321002,19519,4,16,3,3,1,2.042713665168439,2,3,-0.9843569930259296,0,0,0,-0.03539682590428201,-0.8549625644756657,0.5320903195901912,0,1,0,1,0,1,0,0,0,0,1,0,0,1,0,0,0,0,0,0,1,0,1,0,0,0,1,0,0,0
-1.5413865636771167,0,0.43263875496607046,0.09958233858556324,3,4,-1.0279810304039791,4,1,3,-0.8577795712899758,12826,2,16,3,4,1,-0.937786465132999,2,3,-0.8196063634291954,2,2,2,-0.2719872585617751,2.081348128357637,1.520930736527715,0,1,1,0,0,0,0,0,1,0,1,0,0,0,0,0,1,0,0,0,1,0,0,1,1,0,0,1,0,0
-0.10423310778964111,0,1.238346979874232,-0.3941311107256615,4,1,0.6942470390940585,4,2,1,-0.41292384288966955,19711,3,13,3,4,1,-0.2898516541979038,3,3,-0.6548557338324612,2,0,2,-0.3010056795391541,-0.8549625644756657,-0.9511703058160944,1,0,1,0,1,0,0,0,0,0,1,0,1,0,0,0,0,0,0,0,1,0,1,1,0,1,0,1,0,0
0.5590684872353476,0,0.6359251378659758,-0.023846023742242928,2,4,1.333931750621901,2,5,4,2.4303660149474338,26362,8,22,4,4,0,1.6539527786073818,2,3,1.981154339715286,0,0,1,0.08575702066965887,-0.8549625644756657,2.015350944996477,0,1,1,0,0,0,0,1,0,0,1,0,0,1,0,0,0,0,0,0,0,1,0,0,0,0,1,0,0,1
-0.21478337362713923,0,-0.1301174513543993,2.3212928604860745,3,2,-0.9787745141326066,4,2,3,-0.6077005398167316,25348,1,17,3,4,2,-0.16026469201088478,3,2,0.4983986733446782,9,6,8,-0.48444996555285325,0.9068238512243162,0.037670111121429345,0,1,1,0,1,0,0,0,0,0,1,0,1,0,0,0,0,0,0,0,1,0,0,1,0,1,0,0,0,1
-0.32533363946463734,0,-0.3705903677116045,0.09958233858556324,4,4,1.2847252343505287,2,2,3,-0.29725760419477315,15332,1,14,3,2,1,-0.41943861638492286,3,2,0.1688974141512098,2,7,7,-0.13482286662230822,1.7143092917534744,0.037670111121429345,1,0,1,0,0,0,0,0,1,0,1,0,0,0,0,0,0,0,0,0,1,0,0,0,0,1,0,0,0,1
0.33796795556035136,0,-1.6969100610219627,0.5932957878967879,2,4,0.8910731041795485,3,2,1,-0.37674299350860796,11262,1,15,3,3,1,-0.80819950294598,2,3,-0.3253544746389928,4,1,2,0.2180949810788674,-0.26770042590900495,0.037670111121429345,0,1,0,1,1,0,0,0,0,0,0,0,0,0,0,0,0,1,0,0,1,0,0,1,1,0,0,0,1,0
0.6696187530728458,0,0.4648670839623969,2.1978644981582685,3,4,1.038692652993666,4,1,2,-0.33231366033082765,5855,5,12,3,3,1,-0.41943861638492286,0,3,-0.1606038450422586,4,0,2,-0.16279423117266842,-0.8549625644756657,0.5320903195901912,0,1,1,0,0,0,0,0,1,0,1,0,1,0,0,0,0,0,0,0,0,0,0,1,0,1,0,0,0,1
-0.21478337362713923,0,1.3548647847071045,-0.2707027483978553,2,3,-0.14226373751927407,2,1,4,-0.7421133325950795,7713,1,18,3,4,1,-1.3265473516940562,5,2,-0.9843569930259296,0,0,1,2.3268067932989633,-0.8549625644756657,1.026510528058953,0,1,1,0,1,0,0,0,0,0,1,0,1,0,0,0,0,0,0,0,1,0,0,1,0,0,0,0,0,0
1.0012695505853402,0,-0.593709568455403,-1.0112729223646924,4,4,-0.4867093514188816,4,4,1,2.0468115184000144,3156,1,15,3,2,0,2.042713665168439,5,1,3.1344087468924253,0,0,12,-0.11357703912168796,-0.8549625644756657,-1.4455905142848562,0,1,0,1,1,0,0,0,0,0,1,0,0,1,0,0,0,0,0,0,0,1,0,0,0,0,1,0,0,1
-0.9886352344896261,1,-1.1738194903892794,1.8275794111748498,3,3,-0.7327419327757442,3,1,2,-0.794978615110413,7324,1,17,3,3,3,-1.3265473516940562,3,3,-0.9843569930259296,1,0,0,1.9893554648197513,-0.8549625644756657,0.037670111121429345,0,1,1,0,0,0,1,0,0,0,1,0,1,0,0,0,0,0,0,0,1,0,1,1,0,0,0,0,0,0
-1.6519368295146148,0,-0.856494404886988,2.074436135830462,2,2,0.9402796204509211,2,1,3,-0.7188676055315996,10293,1,14,3,2,0,-0.937786465132999,2,2,-0.490105104235727,2,1,3,-0.050310455012931146,-0.12088489126733984,-0.9511703058160944,0,0,1,0,0,0,0,1,0,0,0,0,0,0,0,0,1,0,0,0,1,0,1,1,1,0,0,0,1,0
1.4434706139353326,0,1.0697680282011397,1.333865961863625,5,2,-1.2248070954894692,3,4,3,0.8616543692442045,20689,2,15,3,3,1,2.690648476103534,3,3,3.7934112652793623,8,12,13,-0.47163848227083,0.3195617126576557,0.037670111121429345,1,0,1,0,0,0,1,0,0,0,1,0,0,0,0,0,0,0,0,0,1,0,1,0,0,0,1,0,0,1
-0.5464341711396336,0,-0.4176933100908508,-0.5175594730534676,4,2,-1.5200461931177043,4,1,4,-0.7368642974517131,18783,3,17,3,4,2,-0.6786125407589609,3,3,-0.6548557338324612,2,0,2,-0.350067752119465,-0.8549625644756657,1.026510528058953,0,1,1,0,0,0,0,1,0,0,0,0,0,0,0,0,1,0,0,0,1,0,0,1,1,0,0,1,0,0
0.7801690189103438,0,1.2656171044095852,-0.2707027483978553,3,2,-1.7168722582031943,3,5,4,2.3246354499167667,3549,0,14,3,4,1,1.5243658164203626,4,2,2.4754062285054887,7,1,10,0.09893085484562873,-0.7214938966196064,0.5320903195901912,0,1,1,0,0,0,1,0,0,0,0,0,0,0,0,1,0,0,0,0,0,0,1,0,0,0,1,0,0,1
-0.7675347028146299,0,-1.3919804866721046,-0.2707027483978553,3,2,-0.8803614815898617,2,1,2,-0.8450319145132288,5348,1,12,3,2,1,-0.6786125407589609,3,2,-0.1606038450422586,4,1,1,-0.46514423943182037,-0.36557744900344846,-1.4455905142848562,0,1,1,0,0,0,1,0,0,0,1,0,0,0,0,0,1,0,0,0,1,0,0,1,1,0,0,0,0,1
0.890719284747842,0,0.5268446397245632,-0.5175594730534676,5,3,-0.7819484490471167,1,2,1,-0.1649069323656049,23447,1,14,3,1,0,-0.16026469201088478,3,3,0.4983986733446782,7,1,4,-0.2018045620535986,-0.5613314951923353,-1.4455905142848562,0,1,1,0,0,0,1,0,0,0,0,0,1,0,0,0,0,0,0,0,0,1,1,0,0,1,0,0,0,1
0.890719284747842,0,-1.1564657747758729,2.074436135830462,3,1,-0.6835354165043717,2,2,1,-0.424359240880575,24162,1,15,3,1,1,-0.16026469201088478,2,3,0.4983986733446782,7,4,5,-0.3674189729100628,0.3195617126576557,-2.43443093122238,0,0,0,1,0,1,0,0,0,0,1,0,0,0,0,0,0,1,0,0,1,0,0,1,0,1,0,0,0,1
-0.6569844369771317,0,-0.2168860294214321,-0.8878445600368862,4,4,-0.5851223839616266,3,2,1,-0.24682937371028837,21602,7,13,3,4,0,-0.16026469201088478,3,3,-0.3253544746389928,2,0,3,-0.2540975516087104,-0.8549625644756657,0.5320903195901912,1,0,0,1,0,0,0,1,0,0,1,0,0,0,0,0,0,1,0,0,0,1,0,0,0,1,0,0,1,0
-0.10423310778964111,0,-0.6036259773773496,0.3464390632411756,4,3,0.4974209740085685,3,2,3,-0.37224382052857957,12421,9,12,3,2,2,-0.5490255785719419,2,3,-0.6548557338324612,2,1,1,-0.09501335389708208,0.12380766646876869,0.037670111121429345,0,1,1,0,1,0,0,0,0,0,0,0,0,0,1,0,0,0,0,0,1,0,1,1,1,0,0,1,0,0
-0.32533363946463734,0,-0.9333465740320742,0.09958233858556324,4,3,-1.1756005792180968,4,2,4,-0.3608084225376741,17000,1,13,3,1,1,-0.2898516541979038,3,3,0.333648043747944,7,7,2,-0.26404292567106075,1.428834641061348,0.037670111121429345,1,0,1,0,1,0,0,0,0,0,1,0,0,0,1,0,0,0,0,0,0,0,0,1,0,1,0,0,0,1
1.3329203480978344,0,-0.19953231380802552,1.9510077735026559,4,3,0.8910731041795485,3,1,1,-0.6444437858202967,22102,1,14,3,4,1,-0.16026469201088478,3,2,0.333648043747944,6,1,4,-0.507904029518075,-0.5287058208275208,-0.4567500973473325,0,1,1,0,1,0,0,0,0,0,0,0,1,0,0,0,0,0,0,0,1,0,0,1,0,1,0,0,0,1
0.22741768972285326,0,1.4490706694655973,0.09958233858556324,5,2,0.4974209740085685,3,2,1,-0.23839342437273517,3835,2,13,3,4,3,-0.16026469201088478,3,3,0.004146784554475587,7,7,7,-0.24871268998404214,2.081348128357637,-0.4567500973473325,0,1,1,0,0,0,1,0,0,0,1,0,0,0,1,0,0,0,0,0,1,0,0,0,0,1,0,0,0,1
-1.0991855003271243,0,1.238346979874232,1.2104375995358188,3,4,0.05456232756621595,2,1,1,-0.4841607484067856,16290,1,11,3,1,2,-0.5490255785719419,3,3,0.004146784554475587,7,0,7,-0.19706930278365214,-0.8549625644756657,-0.9511703058160944,0,1,1,0,0,0,0,1,0,0,1,0,1,0,0,0,0,0,0,0,0,0,0,1,1,0,0,0,0,1
-0.21478337362713923,0,0.0409406025491796,1.0870092372080127,5,2,-0.8803614815898617,4,2,1,-0.27007510077376834,26312,1,11,3,4,0,0.6172570811112295,2,3,1.4869024509250834,15,1,10,-0.502638831485066,-0.6714431461735841,-0.4567500973473325,0,1,1,0,1,0,0,0,0,0,1,0,0,0,0,0,1,0,0,0,1,0,0,0,0,0,1,0,0,1
-0.9886352344896261,0,-0.55156483053713,2.1978644981582685,3,2,-1.3232201280322142,1,2,1,-0.33212619478999317,20460,0,21,4,2,1,-0.6786125407589609,5,2,-0.3253544746389928,3,0,0,0.08052173853456472,-0.8549625644756657,-1.940010722753618,0,1,1,0,0,0,1,0,0,0,0,0,0,0,1,0,0,0,0,0,0,0,0,1,1,0,0,0,1,0
-1.762487095352113,0,-0.6358543063736761,-0.5175594730534676,1,3,1.5307578157073911,3,1,4,-0.6620655466587412,26009,1,18,3,3,0,-1.0673734273200182,2,3,-0.8196063634291954,2,2,2,0.35116089500400344,2.081348128357637,1.026510528058953,0,1,1,0,0,0,1,0,0,0,1,0,0,0,0,0,1,0,0,0,0,1,0,1,1,0,0,1,0,0
-2.0941378928646075,1,-0.6408125108346494,-0.76441619770908,2,2,0.20218187638033347,3,1,4,-0.9522622038705719,18420,1,12,3,3,0,-1.4561343138810752,2,4,-1.1491076226226637,0,0,0,0.9853779307982667,-0.8549625644756657,1.026510528058953,1,0,0,1,0,0,1,0,0,0,0,0,0,0,0,0,0,0,1,0,0,1,1,1,0,0,0,0,0,0
1.1118198164228383,0,0.925980098832914,2.074436135830462,4,4,1.5799643319787637,3,5,3,2.438801964284987,5220,3,11,3,3,1,2.042713665168439,2,3,-0.3253544746389928,2,1,0,-0.02090423535887854,-0.26770042590900495,1.026510528058953,0,1,0,0,1,0,0,0,0,0,0,0,0,1,0,0,0,0,0,0,1,0,0,0,0,0,1,0,1,0
0.22741768972285326,0,-1.5679967450366568,-0.76441619770908,2,3,0.4974209740085685,2,2,3,-0.671063892618798,10302,0,15,3,4,1,-0.030677729823865754,3,3,0.4983986733446782,8,0,7,-0.5582824016066382,-0.8549625644756657,1.026510528058953,0,1,1,0,0,0,1,0,0,0,1,0,1,0,0,0,0,0,0,0,0,0,0,1,0,1,0,0,0,1
0.33796795556035136,0,0.20208224753081191,0.7167241502245941,3,1,0.6942470390940585,2,3,3,0.7098072811682465,25800,1,13,3,4,2,0.8764310054852675,2,3,1.816403710118552,15,14,12,-0.19842738957788075,1.428834641061348,0.037670111121429345,0,1,1,0,1,0,0,0,0,0,0,0,0,0,1,0,0,0,0,0,1,0,0,0,0,0,1,0,0,1
-0.21478337362713923,0,-1.4737908602781642,-0.1472743860700491,4,3,-0.6835354165043717,3,2,3,-0.4687885740583553,12250,1,12,3,4,1,0.4876701189242104,5,3,1.157401191731615,11,2,9,-0.5612341035342342,-0.4354896083566223,1.026510528058953,0,0,1,0,1,0,0,0,0,0,0,0,0,0,0,0,0,0,0,0,1,0,0,1,0,1,0,0,0,1
0.006317158047857013,0,-0.3259665275628447,1.2104375995358188,3,3,0.9402796204509211,3,2,3,-0.16509439790643943,26493,3,17,3,1,3,-0.2898516541979038,2,2,-0.490105104235727,3,0,2,-0.12523315934627857,-0.8549625644756657,-0.9511703058160944,0,1,1,0,1,0,0,0,0,0,1,0,0,0,1,0,0,0,0,0,1,0,0,0,0,1,0,0,1,0
0.22741768972285326,0,-0.2268024383433787,-0.6409878353812738,3,1,0.743453555365431,3,2,3,-0.301194380552298,3140,0,13,3,4,0,-0.16026469201088478,2,1,0.333648043747944,2,3,8,-0.288799993189906,0.12380766646876869,-0.9511703058160944,1,0,1,0,0,0,1,0,0,0,0,0,0,0,1,0,0,0,0,0,0,1,0,0,0,1,0,0,0,1
0.890719284747842,0,1.3052827400973714,-0.8878445600368862,2,4,-0.3390898026047641,2,2,4,-0.1647194668247704,5388,1,19,3,1,2,-0.16026469201088478,3,3,0.4983986733446782,7,3,9,-0.20168489846193927,0.025930643374325275,0.5320903195901912,0,1,1,0,0,0,0,1,0,0,0,0,0,0,1,0,0,0,0,0,0,0,0,0,0,1,0,0,0,1
0.11686742388535513,0,-1.0052405387161871,-0.8878445600368862,2,4,-0.5851223839616266,2,3,3,0.20758709727257832,14199,3,19,3,4,1,0.2284961945501723,6,4,0.333648043747944,4,0,2,-0.17821242471338522,-0.8549625644756657,2.015350944996477,0,1,1,0,0,0,1,0,0,0,0,0,0,0,1,0,0,0,0,0,1,0,1,0,0,1,0,0,0,1
-0.21478337362713923,1,-0.16234578035072578,0.09958233858556324,3,4,-0.5359158676902541,2,3,1,0.685624226400594,21530,9,17,3,3,0,0.4876701189242104,3,3,0.9926505621348808,12,6,0,-0.06997517190894188,0.5002577552935512,0.037670111121429345,0,1,0,1,0,0,1,0,0,0,1,0,0,0,0,0,0,1,0,0,1,0,0,0,0,1,0,0,0,1
0.006317158047857013,0,1.6548361545959893,0.09958233858556324,3,2,0.251388392651706,3,1,2,-0.5085312687152727,9953,1,11,3,1,1,-0.41943861638492286,2,1,0.1688974141512098,4,7,7,-0.30339895137233996,1.7143092917534744,-2.43443093122238,0,1,1,0,0,0,1,0,0,0,0,0,0,0,0,0,0,0,0,1,1,0,0,1,0,1,0,0,0,1
0.33796795556035136,0,-0.8788063249613679,0.8401525125524003,3,3,0.8910731041795485,3,3,4,0.24301808449030182,19948,6,15,3,4,0,0.8764310054852675,2,2,-0.490105104235727,2,3,3,-0.363962024706572,1.3472704551493118,1.026510528058953,0,1,1,0,1,0,0,0,0,0,0,0,0,0,1,0,0,0,0,0,0,1,1,0,0,0,1,0,1,0
0.7801690189103438,0,-0.49702458146642364,-1.0112729223646924,5,1,-1.4216331605749593,3,2,4,-0.16978103642730233,10503,4,11,3,3,0,0.3580831567371914,3,3,0.4983986733446782,7,0,2,-0.40126667455083476,-0.8549625644756657,0.037670111121429345,1,0,0,0,0,0,0,0,0,0,1,1,0,0,0,0,0,0,0,0,1,0,1,0,0,1,0,0,0,1
1.2223700822603363,0,-1.0845718100917598,-0.6409878353812738,5,3,1.137105685536411,2,4,4,1.603455514326384,5602,2,25,4,2,1,1.5243658164203626,3,3,-0.8196063634291954,2,2,2,-0.10121950911667908,2.081348128357637,0.5320903195901912,1,0,1,0,0,0,1,0,0,0,1,0,0,1,0,0,0,0,0,0,1,0,0,0,0,0,1,1,0,0
-0.21478337362713923,1,-0.09788912235807286,0.7167241502245941,2,1,-0.3390898026047641,1,2,4,-0.22658309530016066,22098,6,14,3,4,2,-0.5490255785719419,2,2,-0.8196063634291954,2,2,2,0.03781323284473532,2.081348128357637,0.037670111121429345,0,1,0,1,0,0,1,0,0,0,1,0,0,0,0,0,0,1,0,0,0,0,1,0,1,0,0,1,0,0
-1.4308362978396185,0,-0.5837931595334565,-0.8878445600368862,1,1,-1.6676657419318217,3,1,4,-0.5415252039021474,17218,1,13,3,3,0,-0.6786125407589609,2,3,-0.1606038450422586,3,1,3,-0.14225198127115615,-0.36557744900344846,0.037670111121429345,1,0,1,0,0,0,0,0,1,0,0,0,0,0,0,0,1,0,0,0,0,1,1,1,1,0,0,0,0,1
-1.0991855003271243,0,-0.7846004402028751,-0.1472743860700491,3,2,0.9894861367222936,4,1,3,-0.5870793303249349,22490,7,17,3,1,0,-0.80819950294598,0,3,-0.6548557338324612,2,0,2,-0.05043011860459047,-0.8549625644756657,-0.9511703058160944,0,1,1,0,0,0,1,0,0,0,0,0,0,0,0,0,1,0,0,0,1,0,0,1,1,0,0,1,0,0
-1.0991855003271243,0,-0.5242947060017769,-0.8878445600368862,3,4,1.038692652993666,3,1,4,-0.7627345420868763,6297,2,13,3,3,0,-0.6786125407589609,0,2,-0.490105104235727,2,1,2,-0.37759037820110286,-0.12088489126733984,1.026510528058953,1,0,1,0,0,0,1,0,0,0,1,0,0,0,0,0,1,0,0,0,0,1,0,1,1,0,0,0,1,0
0.33796795556035136,1,1.3052827400973714,-0.2707027483978553,3,1,0.349801425194451,3,1,1,-0.8403452759923659,3339,3,14,3,2,0,-0.16026469201088478,3,1,-0.490105104235727,2,0,3,-0.6329524828020383,-0.8549625644756657,-2.9288511396911416,0,1,1,0,1,0,0,0,0,0,1,0,1,0,0,0,0,0,0,0,0,1,1,1,0,1,0,0,1,0
-0.8780849686521279,0,-0.8267451781211482,0.09958233858556324,3,3,-1.1756005792180968,2,2,3,-0.22039673245262162,23413,9,11,3,3,0,-0.41943861638492286,2,3,-0.3253544746389928,2,1,4,-0.07349527589691954,-0.26770042590900495,0.5320903195901912,0,1,0,1,0,0,1,0,0,0,1,0,0,0,0,0,0,1,0,0,0,1,0,0,0,1,0,0,1,0
-0.10423310778964111,0,-0.2268024383433787,-0.5175594730534676,4,2,-1.1756005792180968,3,3,1,0.25482841356287633,22792,4,12,3,3,2,-0.2898516541979038,6,3,-0.6548557338324612,2,0,2,0.17259622433907781,-0.8549625644756657,-0.9511703058160944,0,1,1,0,0,0,0,0,0,1,0,0,0,0,0,0,0,0,0,0,1,0,0,0,0,1,0,1,0,0
-0.10423310778964111,0,-0.075577202283693,-0.8878445600368862,1,4,0.5466274902799411,4,2,3,-0.27045003185543737,4973,1,17,3,3,2,-0.5490255785719419,6,3,0.004146784554475587,7,0,7,-0.0021885963670861598,-0.8549625644756657,1.026510528058953,1,0,1,0,1,0,0,0,0,0,1,0,0,0,1,0,0,0,0,0,0,0,0,0,1,0,0,0,0,1
0.22741768972285326,0,-0.7697258268199553,0.3464390632411756,3,4,0.005355811294843447,3,2,2,-0.25376559872116544,7693,4,21,4,3,0,-0.5490255785719419,3,3,-0.3253544746389928,4,1,0,0.013025774572452848,-0.26770042590900495,0.5320903195901912,0,1,1,0,0,0,1,0,0,0,1,0,0,0,1,0,0,0,0,0,1,0,0,0,1,0,0,0,1,0
1.3329203480978344,0,-1.2432343528429055,1.5807226865192374,4,1,0.3005949089230785,3,4,2,1.8304762842769828,3498,3,16,3,2,2,2.042713665168439,2,3,-0.490105104235727,2,1,2,-0.1647221445938459,-0.12088489126733984,-1.4455905142848562,0,1,1,0,0,0,0,1,0,0,0,0,0,0,0,1,0,0,0,0,1,0,0,0,0,0,1,0,1,0
1.4434706139353326,0,0.02606598916625969,0.9635808748802065,5,4,-0.7819484490471167,2,3,1,1.241084623893265,21981,5,15,3,3,3,1.0060179676722865,3,3,1.157401191731615,11,1,11,-0.05645108669018446,-0.645226086416144,0.037670111121429345,0,1,1,0,1,0,0,0,0,0,0,0,0,0,0,1,0,0,0,0,0,0,0,0,0,0,1,0,0,1
-1.873037361189611,0,0.8392115207658811,-0.8878445600368862,3,3,-1.7168722582031943,3,1,3,-0.7246790372974695,13251,1,19,3,1,0,-1.196960389507037,3,3,-0.8196063634291954,2,2,2,0.7729750556030182,2.081348128357637,-0.4567500973473325,0,1,0,1,0,0,1,0,0,0,0,0,0,0,0,0,0,0,1,0,0,1,0,1,0,0,0,1,0,0
-0.32533363946463734,0,0.811941396230528,-0.76441619770908,3,4,0.005355811294843447,3,2,2,-0.22789535408600226,19332,1,12,3,3,1,-0.030677729823865754,2,3,0.6631493029414124,8,7,9,-0.3011144646224807,1.0135987855091635,0.5320903195901912,0,1,1,0,1,0,0,0,0,0,0,0,0,0,0,0,1,0,0,0,0,0,0,0,0,1,0,0,0,1
-0.10423310778964111,0,-1.218443330538039,-0.2707027483978553,3,1,0.5466274902799411,3,1,2,-0.8690275037400469,10950,2,11,3,3,0,0.4876701189242104,4,3,-0.490105104235727,3,1,3,-0.7315552823292973,-0.12088489126733984,-0.9511703058160944,0,1,1,0,1,0,0,0,0,0,1,0,1,0,0,0,0,0,0,0,0,1,0,1,0,1,0,0,1,0
1.3329203480978344,0,-0.8366615870430948,-0.3941311107256615,1,3,-1.2248070954894692,2,4,3,1.3717481058549224,11652,2,19,3,2,1,2.431474551729496,3,3,1.3221518213283492,11,2,12,-0.3350699152981667,-0.46345447209789187,0.037670111121429345,0,1,1,0,1,0,0,0,0,0,0,0,0,0,0,0,0,0,0,0,1,0,1,0,0,0,1,0,0,1
-0.10423310778964111,0,0.2268732698356784,-1.0112729223646924,4,4,-1.6184592256604493,2,2,3,-0.42642136182975465,15411,0,15,3,3,0,-0.937786465132999,6,3,-0.6548557338324612,2,1,2,0.4163775524583192,0.12380766646876869,1.026510528058953,0,0,1,0,0,0,1,0,0,0,0,0,0,0,1,0,0,0,0,0,1,0,0,1,1,0,0,1,0,0
-0.10423310778964111,0,0.5888221954867294,-0.76441619770908,2,4,0.645040522822686,4,2,1,0.03624359294983072,26308,6,20,4,1,1,0.2284961945501723,3,3,-0.3253544746389928,4,0,4,-0.26234513454153574,-0.8549625644756657,-0.9511703058160944,0,1,1,0,1,0,0,0,0,0,1,0,0,0,0,0,0,0,0,0,0,0,0,0,0,1,0,0,1,0
1.885671677285325,0,-0.5416484216151833,1.5807226865192374,5,2,1.235518718079156,3,4,3,1.90508756952912,18685,3,25,4,3,1,3.20899632485161,6,3,0.4983986733446782,8,4,7,-0.33334808917373576,0.3195617126576557,0.037670111121429345,0,1,1,0,0,0,1,0,0,0,0,0,0,1,0,0,0,0,0,0,1,0,0,0,0,0,1,0,0,1
0.6696187530728458,0,1.2110768553388789,0.7167241502245941,2,3,-0.043850704976529056,2,4,3,2.053560277870057,3525,1,24,4,1,1,0.3580831567371914,3,3,1.157401191731615,10,6,11,0.6124548947914783,0.4034563038814642,-0.4567500973473325,0,1,1,0,1,0,0,0,0,0,1,0,0,0,0,1,0,0,0,0,1,0,0,0,0,1,0,0,0,1
-0.21478337362713923,1,0.1921658386088653,0.3464390632411756,4,4,-1.4708396768463317,3,2,4,-0.3876159948770099,10414,3,24,4,1,0,0.2284961945501723,2,4,0.6631493029414124,9,6,7,-0.470467735112048,0.7466614497970451,1.026510528058953,1,0,0,1,0,0,0,1,0,0,1,0,0,0,0,0,0,1,0,0,0,1,1,1,0,1,0,0,0,1
0.11686742388535513,0,0.9582084278292404,-1.0112729223646924,3,4,1.1863122018077836,3,2,4,-0.3587463015884944,9867,7,15,3,4,2,1.0060179676722865,4,4,-0.1606038450422586,6,2,6,-0.5939295557535651,0.12380766646876869,2.5097711534652385,1,0,1,0,1,0,0,0,0,0,1,0,0,0,0,0,1,0,0,0,1,0,0,1,0,0,1,0,0,1
-0.8780849686521279,0,0.46734618619288354,-0.5175594730534676,3,1,-1.1263940629467242,2,2,2,-0.22039673245262162,3356,1,13,3,2,1,-0.16026469201088478,3,2,0.4983986733446782,0,0,9,-0.23722498518474994,-0.8549625644756657,-1.940010722753618,0,1,0,1,0,0,1,0,0,0,1,0,0,0,0,0,0,1,0,0,0,0,1,0,0,1,0,0,0,1
-0.4358839053021355,0,-1.0176360498686203,-0.8878445600368862,4,4,1.333931750621901,3,2,4,-0.21439783514591712,3921,1,14,3,3,2,-0.6786125407589609,5,3,-0.1606038450422586,2,0,4,0.20576963113796007,-0.8549625644756657,1.520930736527715,0,1,0,1,0,0,1,0,0,0,1,0,0,0,0,0,0,1,0,0,0,0,0,0,1,0,0,0,0,1
-0.5464341711396336,0,0.43263875496607046,-0.8878445600368862,3,4,-1.0279810304039791,3,2,2,-0.2209591290751252,25518,0,13,3,3,2,-0.16026469201088478,4,2,-0.1606038450422586,5,1,6,-0.23758397595972774,-0.36557744900344846,0.037670111121429345,0,1,1,0,0,0,1,0,0,0,1,0,0,0,0,0,1,0,0,0,0,0,0,0,0,1,0,0,0,1
-0.6569844369771317,0,0.7673175560817683,-0.5175594730534676,4,1,0.05456232756621595,3,2,4,-0.21983433583011808,22589,1,11,3,1,2,-0.16026469201088478,2,3,0.4983986733446782,0,0,2,-0.23686599440977196,-0.8549625644756657,-0.9511703058160944,0,1,0,1,1,0,0,0,0,0,0,0,0,0,0,0,0,1,0,0,1,0,0,0,0,1,0,0,0,1
1.3329203480978344,0,-0.8391406892735814,0.8401525125524003,3,4,0.3990079414658235,3,1,1,-0.7614222833010347,24941,4,16,3,2,1,0.7468440432982485,2,2,-0.8196063634291954,2,2,2,-0.7100439919698381,2.081348128357637,-0.9511703058160944,0,1,1,0,0,0,1,0,0,0,0,0,1,0,0,0,0,0,0,0,0,0,1,1,0,0,1,1,0,0
0.11686742388535513,0,-1.622536994107363,-0.8878445600368862,3,4,-1.1756005792180968,2,1,2,-0.7889797178037086,23826,1,22,4,2,0,-0.937786465132999,3,3,-0.490105104235727,3,3,3,-0.16219591321437193,1.3472704551493118,0.037670111121429345,1,0,1,0,0,0,1,0,0,0,0,0,1,0,0,0,0,0,0,0,0,1,0,1,1,0,0,0,1,0
1.1118198164228383,0,1.04745610812676,-0.8878445600368862,4,2,-0.9295679978612341,4,4,2,1.7478039807689614,21086,6,14,3,3,3,2.301887589542477,2,3,-0.6548557338324612,2,1,2,-0.2330862754456371,0.12380766646876869,-0.4567500973473325,0,1,0,1,1,0,0,0,0,0,0,0,0,1,0,0,0,0,0,0,0,0,0,0,0,0,1,1,0,0
1.3329203480978344,0,0.016149580244313087,-1.0112729223646924,3,3,-1.4708396768463317,3,4,3,1.6366369150540934,22384,4,14,3,1,0,1.5243658164203626,2,3,0.1688974141512098,7,0,0,-0.09201061532376804,-0.8549625644756657,-0.4567500973473325,0,1,1,0,1,0,0,0,0,0,1,0,0,1,0,0,0,0,0,0,0,1,0,0,0,0,1,0,0,1
0.4485182213978495,0,1.0003531657475135,1.7041510488470435,2,4,0.6942470390940585,3,3,3,0.08123532275011455,11591,3,16,3,4,0,1.2651918920463245,2,3,-0.8196063634291954,0,0,2,-0.48859260513077263,-0.8549625644756657,1.520930736527715,0,1,0,1,1,0,0,0,0,0,1,0,0,0,0,0,0,1,0,0,0,1,1,0,0,0,1,1,0,0
-1.873037361189611,0,-0.1871368026555923,-0.023846023742242928,1,4,-0.5851223839616266,3,1,1,-0.7349896420433679,21082,1,11,3,1,0,-1.196960389507037,3,3,-0.8196063634291954,2,0,2,0.740067567896712,-0.8549625644756657,-0.9511703058160944,0,1,0,1,1,0,0,0,0,0,1,0,0,0,0,0,0,0,1,0,0,1,0,1,0,0,0,1,0,0
-0.4358839053021355,0,-0.6755199420614625,0.8401525125524003,3,3,-1.4708396768463317,3,2,4,-0.2400806142402458,16130,1,25,4,3,1,-0.5490255785719419,2,3,-0.1606038450422586,5,1,2,0.025504977702636485,-0.36557744900344846,1.026510528058953,0,0,0,1,1,0,0,0,0,0,0,0,0,0,0,0,0,1,0,0,0,0,1,0,1,0,0,0,0,1
-0.10423310778964111,0,1.3598229891680778,2.074436135830462,4,1,0.6942470390940585,3,2,3,-0.24401739059777064,7419,6,14,3,2,2,-0.16026469201088478,2,2,-0.6548557338324612,2,0,2,-0.25230259773382097,-0.8549625644756657,-1.4455905142848562,0,1,1,0,1,0,0,0,0,0,1,0,0,0,0,0,0,0,0,0,1,0,0,0,0,1,0,1,0,0
0.7801690189103438,0,-0.6804781465224358,-1.0112729223646924,3,3,-1.0771875466753518,3,1,4,-0.6474432344736489,4167,4,18,3,1,3,-0.41943861638492286,2,3,-0.8196063634291954,2,2,2,-0.41423735314676197,2.081348128357637,0.037670111121429345,0,1,0,0,1,0,0,0,0,0,0,1,0,0,0,0,0,0,0,0,0,0,1,1,0,1,0,1,0,0
-1.5413865636771167,1,1.2829708200229917,-0.1472743860700491,1,4,1.333931750621901,2,1,3,-0.49859559505104334,20586,1,11,3,1,0,-0.80819950294598,2,3,-0.3253544746389928,4,1,2,0.06253231192178395,-0.26770042590900495,0.037670111121429345,0,1,1,0,0,0,1,0,0,0,1,0,1,0,0,0,0,0,0,0,0,1,1,1,1,0,0,0,1,0
0.11686742388535513,0,1.7168137103581556,-0.6409878353812738,2,4,1.038692652993666,3,1,3,-0.6266345594410178,26176,7,19,3,4,1,-0.5490255785719419,5,2,-1.1491076226226637,0,0,0,-0.32698977372802956,-0.8549625644756657,1.026510528058953,0,1,1,0,0,0,1,0,0,0,0,0,0,0,0,0,0,0,0,1,1,0,0,1,1,0,0,0,0,0
1.7751214114478269,0,1.4689034873094906,1.8275794111748498,4,2,-0.8803614815898617,4,3,4,0.06680047610585682,3458,3,15,3,3,0,-0.030677729823865754,2,3,-0.490105104235727,3,1,2,-0.1301043136330155,-0.12088489126733984,0.5320903195901912,0,1,1,0,0,0,1,0,0,0,1,0,0,0,0,0,0,0,0,0,1,0,0,0,0,1,0,0,1,0
1.2223700822603363,1,-0.23423974503483866,-0.2707027483978553,2,4,1.432344783164646,3,1,3,-0.7486746265242876,11740,2,11,3,3,2,1.0060179676722865,3,3,0.333648043747944,7,7,7,-0.7249296982016353,1.428834641061348,1.026510528058953,1,0,0,1,0,0,1,0,0,0,0,0,0,0,0,0,0,0,1,0,1,0,1,1,0,0,1,0,0,1
-0.5464341711396336,1,1.131745583963306,-0.8878445600368862,4,4,1.432344783164646,3,1,2,-0.9852561390574468,24852,1,12,3,1,0,-1.3265473516940562,2,3,-0.9843569930259296,0,0,0,0.7747700094779076,-0.8549625644756657,-0.4567500973473325,0,1,1,0,1,0,0,0,0,0,1,0,1,0,0,0,0,0,0,0,0,1,0,1,0,0,0,0,0,0
-1.2097357661646224,0,-0.04086977105687988,-0.2707027483978553,3,4,0.4974209740085685,3,1,4,-0.7646091974952215,11925,1,20,4,3,0,-0.6786125407589609,5,3,-0.1606038450422586,6,5,6,-0.37958477139542446,1.5919630128854205,1.520930736527715,0,0,1,0,0,0,1,0,0,0,1,0,1,0,0,0,0,0,0,0,0,1,0,1,1,0,0,0,0,1
1.9962219431228232,0,1.5829421899118765,1.5807226865192374,3,1,1.3831382668932737,2,1,2,-0.5833300195082445,23737,5,12,3,4,1,-0.41943861638492286,1,3,-0.490105104235727,2,1,2,-0.36308116771241333,-0.12088489126733984,-0.4567500973473325,0,1,1,0,0,0,0,0,1,0,1,0,0,0,0,0,1,0,0,0,0,0,0,1,0,1,0,0,1,0
-0.32533363946463734,0,0.8788771564536676,-0.5175594730534676,2,2,-0.4375028351475091,2,2,4,-0.49915799167354685,11912,1,14,3,3,1,-0.16026469201088478,3,4,0.4983986733446782,10,4,10,-0.41516474598212144,0.3195617126576557,1.026510528058953,0,1,1,0,0,0,1,0,0,0,1,0,1,0,0,0,0,0,0,0,1,0,0,1,0,1,0,0,0,1
2.548973272310314,0,-1.0721762989393266,-1.0112729223646924,4,3,1.2847252343505287,1,3,4,0.7937918434621097,20467,3,20,4,3,1,1.0060179676722865,2,4,-0.9843569930259296,0,0,0,-0.20672336547917275,-0.8549625644756657,1.520930736527715,0,1,1,0,0,0,1,0,0,0,1,0,0,0,0,0,0,0,0,0,0,0,0,0,0,0,1,0,0,0
-0.4358839053021355,0,-1.3275238286794517,1.4572943241914311,3,2,0.645040522822686,4,1,2,-0.8662155206275292,13637,1,18,3,4,3,0.3580831567371914,6,3,1.157401191731615,11,2,13,-0.7188025624181782,-0.4354896083566223,0.037670111121429345,0,1,1,0,0,0,1,0,0,0,1,0,1,0,0,0,0,0,0,0,1,0,0,1,0,1,0,0,0,1
0.006317158047857013,0,1.1788485263425523,-1.0112729223646924,4,3,-1.7168722582031943,1,2,4,0.539213639008837,7677,1,14,3,3,2,-0.6786125407589609,2,2,-0.1606038450422586,3,1,3,1.0075156952552362,-0.36557744900344846,0.5320903195901912,1,0,0,1,0,0,1,0,0,0,1,0,0,0,0,0,0,1,0,0,0,0,0,0,1,0,0,0,0,1
-0.32533363946463734,0,-0.3086128119494382,1.2104375995358188,3,2,-1.5200461931177043,2,1,4,-0.6973090683356302,20338,1,12,3,2,0,-0.16026469201088478,3,3,0.4983986733446782,9,8,7,-0.5416491623659963,1.4940859897909768,0.037670111121429345,0,1,1,0,1,0,0,0,0,0,0,0,0,0,0,0,1,0,0,0,1,0,0,1,0,1,0,0,0,1
-1.5413865636771167,1,-0.9308674718015876,-0.2707027483978553,3,3,1.6291708482501361,3,1,4,-0.8199115320414037,25103,1,21,4,2,1,-1.0673734273200182,2,3,-0.6548557338324612,2,0,2,0.015305081080248969,-0.8549625644756657,0.5320903195901912,0,1,0,1,1,0,0,0,0,0,1,0,0,0,0,0,0,0,1,0,0,0,1,1,1,0,0,1,0,0
0.7801690189103438,0,0.293809030058818,-0.8878445600368862,3,3,1.4815512994360187,4,3,4,0.23064535879522377,14810,1,19,3,2,1,-0.2898516541979038,2,3,0.1688974141512098,7,6,7,0.15544444286791215,1.3472704551493118,0.5320903195901912,0,1,1,0,1,0,0,0,0,0,0,0,0,0,0,0,0,0,0,0,1,0,1,0,0,1,0,0,0,1
-0.21478337362713923,0,-1.6274951985683364,-0.8878445600368862,4,1,0.645040522822686,2,1,4,-0.3221905211257638,13970,0,14,3,3,0,-0.6786125407589609,2,4,-0.3253544746389928,4,1,4,0.09109202246446901,-0.26770042590900495,0.5320903195901912,1,0,1,0,0,0,1,0,0,0,1,0,0,0,0,0,1,0,0,0,0,1,1,1,1,0,0,0,1,0
0.6696187530728458,0,0.9334174055243739,-0.8878445600368862,3,4,0.349801425194451,3,2,4,0.22464646148851927,6069,1,17,3,1,1,-0.16026469201088478,3,3,0.4983986733446782,9,8,8,0.04685638141441641,1.4940859897909768,0.5320903195901912,0,1,0,1,0,0,1,0,0,0,1,0,0,0,0,0,0,1,0,0,1,0,1,0,0,1,0,0,0,1
-1.4308362978396185,0,-0.5490857283066433,-0.023846023742242928,3,3,-0.19147025379064658,4,1,3,-0.42135979222722275,17616,1,16,3,4,1,-0.80819950294598,1,3,-0.3253544746389928,3,0,4,0.1611351114490431,-0.8549625644756657,1.026510528058953,0,1,1,0,0,0,1,0,0,0,1,0,0,0,0,0,1,0,0,0,1,0,0,1,1,0,0,0,1,0
0.4485182213978495,0,0.28637172336735806,-0.3941311107256615,3,4,-1.5200461931177043,3,3,3,0.4859734254118345,15869,1,12,3,2,0,-0.16026469201088478,3,3,0.4983986733446782,8,8,7,0.21366742818747356,1.4940859897909768,0.5320903195901912,0,1,0,1,0,1,0,0,0,0,1,0,0,0,0,0,0,1,0,0,0,1,0,0,0,1,0,0,0,1
-0.8780849686521279,0,0.6929444891671688,-0.023846023742242928,4,4,-1.1263940629467242,3,1,3,-0.688873118998077,25412,9,17,3,3,1,-0.2898516541979038,2,3,-0.6548557338324612,3,1,2,-0.49672213167524537,0.12380766646876869,1.026510528058953,0,1,1,0,0,0,1,0,0,0,0,0,1,0,0,0,0,0,0,0,1,0,0,1,0,1,0,1,0,0
-0.10423310778964111,0,-0.6755199420614625,-0.8878445600368862,4,3,-0.7327419327757442,3,2,4,-0.4024257726029366,7439,3,15,3,3,0,-0.16026469201088478,2,2,0.4983986733446782,7,6,7,-0.35341833268592526,0.9068238512243162,0.5320903195901912,0,1,0,1,1,0,0,0,0,0,0,0,0,0,0,0,0,0,1,0,0,1,0,1,0,1,0,0,0,1
0.890719284747842,0,1.0796844371230863,-1.0112729223646924,1,3,0.3990079414658235,2,3,3,0.76848399544945,3395,3,23,4,4,1,1.7835397407944007,3,2,2.640156858102223,15,14,4,-0.3776861090744303,0.9323569876837363,0.5320903195901912,0,0,1,0,1,0,0,0,0,0,1,0,0,0,0,0,0,0,0,0,1,0,0,0,0,0,1,0,0,1
-1.4308362978396185,1,-1.3944595889025913,1.5807226865192374,1,4,-0.3882963188761366,1,1,3,-0.7391138839417273,11585,1,11,3,3,1,-1.3265473516940562,2,3,-0.9843569930259296,0,0,0,2.3459529679644504,-0.8549625644756657,1.026510528058953,0,1,0,0,0,0,0,0,0,0,1,1,0,0,0,0,0,0,0,0,1,0,0,1,0,0,0,0,0,0
1.1118198164228383,1,0.7202146137025219,-0.023846023742242928,3,3,0.7926600716368035,1,4,3,1.178658598795371,24164,7,11,3,3,0,1.7835397407944007,3,1,2.640156858102223,5,14,10,-0.2729565336542153,0.9323569876837363,-0.4567500973473325,1,0,0,1,1,0,0,0,0,0,1,0,0,0,0,0,0,1,0,0,1,0,0,0,0,0,1,0,0,1
-1.2097357661646224,0,-1.0225942543295936,0.9635808748802065,4,4,-0.19147025379064658,1,1,3,-0.8142875658163682,6217,1,15,3,3,3,-1.0673734273200182,3,4,-0.6548557338324612,2,0,2,0.027271440246178464,-0.8549625644756657,1.520930736527715,0,1,1,0,0,0,1,0,0,0,1,0,1,0,0,0,0,0,0,0,1,0,0,1,1,0,0,1,0,0
0.890719284747842,0,0.5020536174196967,2.3212928604860745,2,4,-0.8803614815898617,2,4,2,1.885028756659827,17119,1,11,3,3,0,1.2651918920463245,2,3,2.3106555989087543,6,8,6,0.059694575319577885,0.26363198517511643,0.5320903195901912,0,1,1,0,0,0,0,0,1,0,0,0,0,0,0,1,0,0,0,0,0,1,0,0,0,0,1,0,0,1
-0.5464341711396336,0,-0.5391693193846967,0.09958233858556324,3,1,-0.4867093514188816,3,1,3,-0.6028264357550341,17360,6,13,3,1,1,-0.16026469201088478,3,2,-0.3253544746389928,2,1,3,-0.4813387121697116,-0.26770042590900495,-1.940010722753618,1,0,1,0,1,0,0,0,0,0,1,0,0,0,0,0,1,0,0,0,1,0,0,1,0,1,0,0,1,0
-0.6569844369771317,0,-0.15242937142877916,-0.8878445600368862,4,2,0.15297536010896096,3,1,3,-0.5945779519583155,18103,1,14,3,4,1,-0.6786125407589609,2,4,-0.3253544746389928,2,0,3,-0.1986933086704569,-0.8549625644756657,1.026510528058953,0,1,1,0,1,0,0,0,0,0,1,0,1,0,0,0,0,0,0,0,1,0,0,1,1,0,0,0,1,0
0.4485182213978495,0,-0.6209796929907562,-0.6409878353812738,3,3,-0.2898832863333916,1,2,2,-0.040992209873989854,20794,6,19,3,2,1,-0.16026469201088478,4,3,-0.6548557338324612,2,1,2,-0.1227069279668046,0.12380766646876869,-0.4567500973473325,0,0,0,0,0,0,0,0,0,0,1,1,0,0,0,0,0,0,0,0,1,0,0,0,0,1,0,1,0,0
0.33796795556035136,0,-1.0746554011698133,-0.1472743860700491,2,2,1.2847252343505287,3,2,1,-0.02487017336222148,5041,2,16,3,2,1,0.8764310054852675,3,3,-0.9843569930259296,0,0,0,-0.4589616205294234,-0.8549625644756657,-1.4455905142848562,0,1,1,0,1,0,0,0,0,0,0,0,0,0,1,0,0,0,0,0,1,0,1,0,0,0,1,0,0,0
-1.4308362978396185,0,-0.7350183955931421,2.4447212228138806,1,2,1.235518718079156,3,1,1,-0.5139677693994736,3622,1,13,3,2,3,-0.6786125407589609,2,4,-0.1606038450422586,2,1,2,-0.11293440131462888,-0.36557744900344846,-0.9511703058160944,0,1,1,0,0,0,1,0,0,0,1,0,1,0,0,0,0,0,0,0,0,0,0,1,1,0,0,0,0,1
1.0012695505853402,0,-0.21192782496045878,0.46986742556898176,4,3,-1.5692527093890767,3,2,2,-0.20371229931834972,9697,6,14,3,4,0,1.0060179676722865,3,3,0.4983986733446782,7,0,9,-0.541844402962914,-0.8549625644756657,0.5320903195901912,0,1,1,0,1,0,0,0,0,0,1,0,0,0,0,0,0,0,0,0,0,1,0,0,0,0,1,0,0,1
-0.21478337362713923,0,1.4069259315473241,2.1978644981582685,4,4,-0.8311549653184892,3,2,3,0.043929680124045876,5151,2,16,3,2,1,0.7468440432982485,3,3,0.004146784554475587,7,0,7,-0.40764705681199637,-0.8549625644756657,0.5320903195901912,0,1,1,0,1,0,0,0,0,0,1,0,0,0,1,0,0,0,0,0,1,0,0,0,0,0,1,0,0,1
-0.7675347028146299,0,-0.023516055443473325,0.8401525125524003,1,2,-1.6184592256604493,3,1,4,-0.7098692595715428,3811,1,12,3,2,1,-0.16026469201088478,2,2,0.4983986733446782,0,0,8,-0.5496666230071691,-0.8549625644756657,-0.4567500973473325,0,1,1,0,1,0,0,0,0,0,1,0,0,0,0,0,1,0,0,0,1,0,0,1,0,1,0,0,0,1
1.1118198164228383,0,-0.643291613065136,-0.8878445600368862,4,3,1.038692652993666,3,2,2,-0.313192175165707,3536,7,11,3,4,1,-0.937786465132999,3,1,-0.9843569930259296,0,0,0,0.5970695758638546,-0.8549625644756657,-0.4567500973473325,0,0,0,1,0,1,0,0,0,0,1,0,0,0,0,0,0,1,0,0,1,0,0,0,1,0,0,0,0,0
1.0012695505853402,0,1.1763694241120657,-0.8878445600368862,3,3,0.3990079414658235,3,3,4,0.697247089932334,5596,4,12,3,2,1,0.2284961945501723,5,2,0.4983986733446782,6,0,3,0.062219345605136624,-0.8549625644756657,0.037670111121429345,0,1,0,1,1,0,0,0,0,0,1,0,0,0,0,0,0,1,0,0,0,0,1,0,0,1,0,0,0,1
-0.10423310778964111,1,1.6201287233691761,0.46986742556898176,5,2,1.4815512994360187,2,2,1,-0.09648200996100657,8658,5,13,3,2,3,0.6172570811112295,3,3,-0.8196063634291954,2,2,2,-0.43338352781224915,2.081348128357637,-1.4455905142848562,0,1,0,1,0,1,0,0,0,0,1,0,0,0,0,0,0,1,0,0,0,0,1,0,0,0,1,1,0,0
-0.5464341711396336,1,0.40041042596974397,-1.0112729223646924,2,1,-1.5692527093890767,1,2,2,8.12688140428587,12147,6,15,3,2,0,-0.16026469201088478,2,3,-1.1491076226226637,0,0,0,5.091035760628677,-0.8549625644756657,-1.4455905142848562,0,1,0,1,1,0,0,0,0,0,1,0,0,0,0,0,0,1,0,0,0,1,0,0,0,1,0,0,0,0
-1.5413865636771167,0,-1.5927877673415234,-0.6409878353812738,1,3,-0.7327419327757442,3,1,2,-0.6286966803901974,12862,1,13,3,3,0,-1.0673734273200182,3,1,-0.6548557338324612,2,1,2,0.4221612927218517,0.12380766646876869,-0.9511703058160944,0,1,1,0,0,0,1,0,0,0,0,0,1,0,0,0,0,0,0,0,0,1,0,1,1,0,0,1,0,0
-0.6569844369771317,0,-1.5853504606500635,1.8275794111748498,1,4,-1.7660787744745667,3,2,4,-0.26445113454873287,6670,2,20,4,4,0,-0.2898516541979038,3,2,-0.3253544746389928,4,1,4,-0.19570171887897453,-0.26770042590900495,1.520930736527715,1,0,1,0,0,0,0,0,1,0,0,0,0,0,1,0,0,0,0,0,0,1,0,0,0,1,0,0,1,0
0.22741768972285326,0,-0.025995157673959976,-1.0112729223646924,3,4,0.5466274902799411,3,2,4,-0.03311865715894018,8989,1,15,3,4,1,-0.2898516541979038,2,3,-0.1606038450422586,6,5,6,-0.03162963875945235,1.5919630128854205,2.015350944996477,0,0,1,0,1,0,0,0,0,0,1,0,1,0,0,0,0,0,0,0,1,0,1,0,0,1,0,0,0,1
-0.5464341711396336,0,-1.06969719670884,1.2104375995358188,3,4,0.6942470390940585,1,3,3,0.5551482099797709,3840,3,13,3,3,1,-0.16026469201088478,2,1,-0.490105104235727,3,0,2,0.25782329350975336,-0.8549625644756657,0.037670111121429345,0,1,0,1,1,0,0,0,0,0,1,0,0,0,0,0,0,1,0,0,1,0,0,0,0,1,0,0,1,0
0.33796795556035136,0,-0.47471266139204377,-0.2707027483978553,4,2,1.0878991692650386,3,5,2,2.4716084339310274,4349,1,14,3,2,0,1.2651918920463245,3,2,2.3106555989087543,8,12,8,0.23799332689192737,0.8229292600005075,-1.4455905142848562,0,1,0,1,0,0,1,0,0,0,1,0,0,1,0,0,0,0,0,0,0,1,0,0,0,0,1,0,0,1
0.890719284747842,0,-1.553122131653737,-0.6409878353812738,3,3,-0.4867093514188816,1,3,3,0.6188864938635064,6595,4,21,4,3,2,-0.2898516541979038,2,4,-0.3253544746389928,0,0,3,0.4308036632305788,-0.8549625644756657,1.026510528058953,0,1,0,0,1,0,0,0,0,0,0,1,0,0,0,0,0,0,0,0,1,0,0,0,0,1,0,0,1,0
-0.7675347028146299,0,1.2631380021790986,-0.8878445600368862,4,4,0.5958340065513135,2,1,1,-0.3150668305740522,26427,0,16,3,4,0,-0.16026469201088478,2,3,0.333648043747944,7,0,7,-0.2976550989726938,-0.8549625644756657,0.5320903195901912,1,0,1,0,0,0,0,0,1,0,0,0,0,0,0,0,1,0,0,0,0,1,0,0,0,1,0,0,0,1
-1.4308362978396185,0,0.23431057652713835,0.09958233858556324,3,1,-0.3390898026047641,3,1,4,-0.7391138839417273,2097,0,14,3,4,1,-1.0673734273200182,2,3,-0.8196063634291954,2,2,1,0.18722177443076934,2.081348128357637,0.5320903195901912,1,0,0,0,0,0,1,0,0,0,1,1,0,0,0,0,0,0,0,0,1,0,0,1,1,0,0,1,0,0
-0.7675347028146299,1,-0.501982785927397,-0.1472743860700491,3,3,0.005355811294843447,2,1,4,-0.8377207584206827,9732,6,11,3,3,1,-0.6786125407589609,0,2,-0.490105104235727,2,1,2,-0.4573661059739662,-0.12088489126733984,0.5320903195901912,1,0,0,0,0,0,0,0,0,0,0,1,0,0,0,0,0,0,0,0,0,0,0,1,1,0,0,0,1,0
-0.6569844369771317,0,0.49709541295872334,-0.5175594730534676,3,1,-0.7327419327757442,3,2,3,0.31819176636494273,20943,1,19,3,3,1,-0.16026469201088478,3,3,-0.3253544746389928,2,0,2,0.10656851365240458,-0.8549625644756657,-0.4567500973473325,0,1,0,1,0,0,0,0,0,1,1,0,0,0,0,0,0,1,0,0,1,0,0,0,0,1,0,0,1,0
-1.0991855003271243,0,0.6235296267135425,-0.1472743860700491,3,3,0.05456232756621595,3,1,4,-0.60057684926502,6152,1,11,3,3,0,-0.6786125407589609,5,2,-0.1606038450422586,2,1,4,-0.205075366892286,-0.36557744900344846,0.5320903195901912,0,1,1,0,0,0,1,0,0,0,0,0,0,0,0,0,1,0,0,0,0,1,0,1,1,0,0,0,0,1
-0.8780849686521279,1,-0.9283883695711009,-0.023846023742242928,3,2,-0.6835354165043717,1,1,2,-0.7289907447366635,14630,1,13,3,3,0,-1.196960389507037,3,3,-0.8196063634291954,2,2,2,0.7592137425621992,2.081348128357637,-0.4567500973473325,0,1,0,1,0,1,0,0,0,0,0,0,0,0,0,0,0,0,1,0,0,1,0,1,0,0,0,1,0,0
-0.8780849686521279,0,-0.8465779959650415,-1.0112729223646924,3,4,0.20218187638033347,4,2,3,-0.06648752342748403,23060,8,12,3,4,0,-0.16026469201088478,5,4,-0.1606038450422586,2,0,2,-0.13898117643246874,-0.8549625644756657,2.015350944996477,1,0,1,0,1,0,0,0,0,0,1,0,0,0,0,0,0,0,0,0,0,1,1,0,0,1,0,0,0,1
-0.7675347028146299,0,0.43759695942704374,0.7167241502245941,2,3,1.3831382668932737,2,3,1,0.09210832411851648,3088,2,11,3,1,1,0.09890923236315328,2,3,0.004146784554475587,7,1,7,-0.18014545196326617,-0.4354896083566223,-1.4455905142848562,0,1,0,1,0,1,0,0,0,0,1,0,0,0,0,0,0,1,0,0,0,0,0,0,0,1,0,0,0,1
-0.32533363946463734,0,-1.5407266205013037,-0.8878445600368862,4,4,1.5307578157073911,4,1,4,-0.6967466717131267,5586,0,14,3,1,3,-0.6786125407589609,3,3,-0.3253544746389928,0,1,2,-0.3073877377609831,-0.26770042590900495,0.5320903195901912,0,1,1,0,0,0,1,0,0,0,1,0,0,0,0,0,1,0,0,0,1,0,1,1,1,0,0,0,1,0
-0.4358839053021355,0,1.1912440374949855,-0.8878445600368862,3,4,-0.19147025379064658,3,2,2,-0.2815104987646738,10697,8,15,3,4,0,-0.16026469201088478,2,2,0.4983986733446782,7,1,7,-0.27623531606567997,-0.5613314951923353,0.5320903195901912,0,0,0,1,0,1,0,0,0,0,0,0,0,0,0,0,0,1,0,0,0,1,0,0,0,1,0,0,0,1
1.3329203480978344,0,1.2656171044095852,0.22301070091336941,4,4,0.6942470390940585,3,2,4,-0.40148844489876406,8191,3,12,3,3,0,-0.41943861638492286,1,4,-0.3253544746389928,1,0,4,-0.21798906282551822,-0.8549625644756657,2.015350944996477,0,1,0,1,0,1,0,0,0,0,0,0,0,0,0,0,0,1,0,0,0,1,0,1,0,1,0,0,1,0
-0.4358839053021355,1,-1.466353553586704,0.8401525125524003,3,1,0.3990079414658235,3,3,1,0.3590592542668672,10092,2,20,4,3,0,-0.030677729823865754,2,2,-1.1491076226226637,0,0,0,0.03949163127320334,-0.8549625644756657,-1.940010722753618,0,1,0,1,1,0,0,0,0,0,0,0,0,0,0,0,0,1,0,0,0,1,1,0,0,1,0,0,0,0
0.11686742388535513,0,-0.5168573993103168,-0.8878445600368862,2,3,0.448214457737196,2,1,2,-0.7837306826603421,15963,4,14,3,2,1,-0.2898516541979038,4,2,-0.1606038450422586,1,0,5,-0.5639996620970268,-0.8549625644756657,-0.9511703058160944,1,0,1,0,0,0,1,0,0,0,0,0,1,0,0,0,0,0,0,0,1,0,0,1,0,1,0,0,0,1
-0.6569844369771317,1,0.6855071824757089,0.8401525125524003,4,1,0.20218187638033347,3,3,3,0.28351064131055725,19002,2,13,3,1,3,-0.16026469201088478,2,3,-0.9843569930259296,0,0,0,0.084430749195435,-0.8549625644756657,-1.4455905142848562,0,1,0,1,0,1,0,0,0,0,1,0,0,0,0,0,0,1,0,0,1,0,0,0,0,1,0,0,0,0
-0.8780849686521279,0,-0.5267738082322635,-0.6409878353812738,3,4,1.235518718079156,2,1,1,-0.8510308118199333,10007,1,13,3,3,1,-1.3265473516940562,2,3,-0.9843569930259296,0,0,0,1.6315613257584596,-0.8549625644756657,0.037670111121429345,0,1,1,0,0,0,0,0,1,0,0,0,0,0,0,0,1,0,0,0,0,0,0,1,0,0,0,0,0,0
-0.7675347028146299,0,-1.233317943920959,0.8401525125524003,3,3,-0.3882963188761366,4,2,3,-0.253953064262,9128,3,16,3,3,1,-0.16026469201088478,3,3,0.004146784554475587,0,1,7,-0.2586447680917637,-0.4354896083566223,0.5320903195901912,0,1,1,0,1,0,0,0,0,0,1,0,0,0,0,0,0,0,0,0,1,0,0,0,0,1,0,0,0,1
-0.5464341711396336,0,0.3731403014343908,-0.5175594730534676,4,2,-0.043850704976529056,3,1,2,-0.7368642974517131,17674,2,14,3,2,0,0.09890923236315328,3,3,0.004146784554475587,7,0,7,-0.6211057872277681,-0.8549625644756657,-0.9511703058160944,0,0,1,0,0,0,0,0,1,0,1,0,0,0,0,0,1,0,0,0,0,1,0,1,0,1,0,0,0,1
0.11686742388535513,0,0.0756480337759927,1.0870092372080127,3,2,-0.2898832863333916,1,2,4,-0.15703337965055522,24539,3,16,3,3,1,0.4876701189242104,2,3,-0.9843569930259296,0,1,0,-0.42856706824796253,2.081348128357637,0.5320903195901912,0,1,1,0,0,0,1,0,0,0,1,0,0,0,0,0,0,0,0,0,1,0,1,0,0,1,0,0,0,0
0.6696187530728458,1,0.011191375783339787,0.9635808748802065,3,3,-1.3724266443035866,2,1,3,-0.7368642974517131,15587,9,16,3,4,1,-0.6786125407589609,4,3,-0.9843569930259296,0,0,0,-0.350067752119465,-0.8549625644756657,1.026510528058953,1,0,1,0,0,0,0,0,1,0,1,0,0,0,0,0,1,0,0,0,1,0,1,1,1,0,0,0,0,0
0.5590684872353476,0,0.13018828284669903,0.3464390632411756,3,2,-0.4375028351475091,3,1,2,-0.7278659514916563,8952,8,22,4,2,3,-0.5490255785719419,6,2,-0.3253544746389928,3,0,4,-0.4193016872937714,-0.8549625644756657,-1.4455905142848562,0,1,1,0,0,0,1,0,0,0,1,0,1,0,0,0,0,0,0,0,0,0,0,1,1,0,0,0,1,0
1.9962219431228232,0,-0.8044332580467684,-0.8878445600368862,3,3,-0.2898832863333916,2,5,1,2.322573328967587,19805,8,12,3,2,3,2.949822400477572,2,3,-0.9843569930259296,0,0,0,-0.22209809939205422,-0.8549625644756657,-0.9511703058160944,0,1,1,0,0,0,1,0,0,0,1,0,0,0,0,1,0,0,0,0,1,0,0,0,0,0,1,0,0,0
-0.10423310778964111,0,-0.06813989559223305,-0.6409878353812738,3,4,1.1863122018077836,3,2,2,-0.6736884101904812,6194,5,15,3,4,2,-0.030677729823865754,2,2,0.333648043747944,8,1,7,-0.5598053927732111,-0.5287058208275208,0.5320903195901912,0,0,1,0,0,0,0,0,1,0,1,0,0,0,0,0,1,0,0,0,0,0,0,1,0,1,0,0,0,1
0.4485182213978495,0,-0.6308961019127028,-0.023846023742242928,4,3,1.3831382668932737,3,1,1,-0.8172870144697204,20520,1,20,4,2,2,-0.80819950294598,2,3,-0.3253544746389928,3,0,4,-0.34432389971981886,-0.8549625644756657,-0.9511703058160944,0,1,1,0,1,0,0,0,0,0,1,0,1,0,0,0,0,0,0,0,0,0,0,1,1,0,0,0,1,0
-0.32533363946463734,0,1.4193214426997576,0.09958233858556324,3,4,1.038692652993666,3,2,3,-0.22039673245262162,12313,1,14,3,3,1,0.4876701189242104,3,3,1.3221518213283492,14,0,7,-0.4555312642351903,-0.8549625644756657,1.026510528058953,0,0,0,1,1,0,0,0,0,0,1,0,0,0,0,0,0,1,0,0,0,0,1,0,0,1,0,0,0,1
1.7751214114478269,0,-0.35075754986771124,-1.0112729223646924,4,1,-0.2898832863333916,2,4,3,1.184095099479572,22308,4,20,4,4,3,2.042713665168439,2,2,-0.6548557338324612,2,0,2,-0.3175369831276419,-0.8549625644756657,-0.4567500973473325,0,0,1,0,0,0,1,0,0,0,0,0,0,0,1,0,0,0,0,0,1,0,1,0,0,0,1,1,0,0
0.6696187530728458,0,-1.3845431799806447,-0.8878445600368862,3,2,1.5307578157073911,3,1,4,-0.5829550884265755,5033,0,13,3,2,0,-0.16026469201088478,5,3,0.333648043747944,7,1,8,-0.4686543714538263,-0.5287058208275208,0.037670111121429345,0,1,0,0,1,0,0,0,0,0,1,1,0,0,0,0,0,0,0,0,0,1,0,1,0,1,0,0,0,1
-0.32533363946463734,0,-0.7226228844407089,-0.76441619770908,2,4,-1.6676657419318217,1,2,4,-0.11616589174863076,25353,5,12,3,1,0,-0.6786125407589609,3,3,-0.8196063634291954,2,2,2,0.310275834520411,2.081348128357637,0.5320903195901912,0,1,0,1,1,0,0,0,0,0,0,0,0,0,0,0,0,1,0,0,0,1,0,0,1,0,0,1,0,0
-1.762487095352113,1,-1.1539866725453862,-0.2707027483978553,1,2,-1.7168722582031943,3,1,2,-0.7441754535442592,4567,1,13,3,2,0,-1.0673734273200182,3,3,-0.9843569930259296,0,1,0,0.1764520511814328,2.081348128357637,-0.9511703058160944,0,1,0,1,0,1,0,0,0,0,1,0,0,0,0,0,0,0,1,0,0,1,0,1,1,0,0,0,0,0
0.11686742388535513,0,0.868960747531721,-0.3941311107256615,2,4,-1.2740136117608418,2,1,3,-0.5523982052705494,16376,1,11,3,2,1,-0.80819950294598,3,3,-0.3253544746389928,4,0,4,-0.006154589690651333,-0.8549625644756657,0.5320903195901912,0,1,1,0,0,0,0,1,0,0,0,0,1,0,0,0,0,0,0,0,1,0,0,1,1,0,0,0,1,0
-1.6519368295146148,1,1.2185141620303388,-0.1472743860700491,1,3,0.645040522822686,3,1,1,-0.7968532705187582,15999,1,17,3,3,0,-1.3265473516940562,6,3,-0.9843569930259296,0,0,0,1.977389105653822,-0.8549625644756657,-0.4567500973473325,0,1,1,0,0,0,1,0,0,0,0,0,1,0,0,0,0,0,0,0,1,0,1,1,0,0,0,0,0,0
-0.6569844369771317,0,-1.5035400870440039,2.4447212228138806,4,1,1.235518718079156,2,2,4,-0.22133406015679422,13402,1,14,3,1,2,0.2284961945501723,3,3,0.8278999325381465,7,5,7,-0.3888203460337444,0.3685002242048774,-0.9511703058160944,0,1,0,1,0,1,0,0,0,0,0,0,0,0,0,0,0,1,0,0,1,0,0,0,0,1,0,0,0,1
1.5540208797728308,0,0.34587017689903765,-0.76441619770908,3,1,-0.6343289002329991,3,3,3,1.2124023961455839,22984,2,11,3,4,0,0.4876701189242104,2,3,-0.8196063634291954,2,2,2,0.1541946231328039,2.081348128357637,0.037670111121429345,0,1,1,0,0,0,0,0,1,0,0,0,0,1,0,0,0,0,0,0,1,0,0,0,0,1,0,1,0,0
0.006317158047857013,0,-0.5292529104627501,-0.023846023742242928,2,2,-0.9787745141326066,2,2,2,-0.46110248688414013,8800,1,14,3,1,2,-0.80819950294598,2,3,-0.3253544746389928,2,0,3,0.11039774858550193,-0.8549625644756657,-1.4455905142848562,0,1,0,1,0,1,0,0,0,0,1,0,0,0,0,0,0,1,0,0,1,0,0,1,1,0,0,0,1,0
1.0012695505853402,0,-0.16978308704218573,-0.8878445600368862,4,3,-0.9787745141326066,3,5,4,2.376938335809597,14218,7,17,3,3,1,1.6539527786073818,3,3,-0.8196063634291954,1,2,2,0.0715469691601176,2.081348128357637,1.026510528058953,0,1,1,0,0,0,1,0,0,0,1,0,0,0,0,1,0,0,0,0,0,0,1,0,0,0,1,1,0,0
-0.10423310778964111,0,1.4391542605436507,0.09958233858556324,3,4,1.1863122018077836,3,3,1,0.3135051278440798,25949,7,13,3,4,1,0.4876701189242104,1,3,0.8278999325381465,8,5,7,-0.2283299915380756,0.3685002242048774,0.5320903195901912,0,1,1,0,1,0,0,0,0,0,1,0,0,0,0,0,0,0,0,0,1,0,1,0,0,1,0,0,0,1
0.7801690189103438,1,-0.9259092673406143,-1.0112729223646924,2,3,1.6291708482501361,3,1,2,-0.8073513408054911,11092,1,12,3,3,3,-0.6786125407589609,2,2,-0.3253544746389928,3,2,3,-0.4250569362259565,0.3195617126576557,-0.4567500973473325,1,0,1,0,0,0,1,0,0,0,1,0,0,0,0,0,1,0,0,0,0,0,1,1,1,0,0,0,1,0
0.006317158047857013,0,1.082163539353573,-0.1472743860700491,2,3,1.137105685536411,3,2,2,-0.483223420702613,12832,2,13,3,3,0,1.0060179676722865,4,2,0.4983986733446782,0,4,7,-0.6357488319966028,0.3195617126576557,-0.4567500973473325,0,1,0,0,0,0,0,1,0,0,1,1,0,0,0,0,0,0,0,0,0,0,0,1,0,0,1,0,0,1
-0.21478337362713923,1,-1.2382761483819322,2.1978644981582685,3,3,0.8910731041795485,3,2,4,-0.1566584485688862,13492,1,18,3,4,0,-0.16026469201088478,2,3,0.4983986733446782,7,7,7,-0.19653936402058964,1.2004549205076465,1.520930736527715,0,1,0,1,1,0,0,0,0,0,1,0,0,0,0,0,0,1,0,0,0,1,1,0,0,1,0,0,0,1
-0.4358839053021355,0,0.15993750961253883,-0.1472743860700491,4,4,1.1863122018077836,4,1,1,-0.6571914425970438,6076,6,19,3,2,1,0.3580831567371914,1,3,0.4983986733446782,8,7,6,-0.623499059060954,1.2004549205076465,-0.4567500973473325,0,1,1,0,1,0,0,0,0,0,1,0,0,0,0,0,1,0,0,0,1,0,0,1,0,1,0,0,0,1
-0.9886352344896261,0,0.9383756099853472,-1.0112729223646924,3,3,0.7926600716368035,3,1,4,-0.7368642974517131,5531,1,11,3,3,1,-0.80819950294598,6,4,-0.3253544746389928,3,0,3,-0.24165253807614376,-0.8549625644756657,1.520930736527715,0,1,1,0,1,0,0,0,0,0,1,0,0,0,0,0,1,0,0,0,1,0,0,1,1,0,0,0,1,0
0.22741768972285326,0,1.116870970580386,0.09958233858556324,1,3,-0.043850704976529056,3,3,3,1.2776404043559955,7914,7,21,4,3,0,-0.2898516541979038,3,3,-0.490105104235727,3,2,2,0.8980235088869815,0.6131927819409859,0.5320903195901912,0,1,1,0,0,0,1,0,0,0,1,0,0,0,0,1,0,0,0,0,0,1,0,0,0,1,0,0,1,0
1.0012695505853402,0,0.11531366946377912,2.074436135830462,2,2,1.5799643319787637,2,2,2,0.25164149936868957,25166,8,15,3,3,0,-0.6786125407589609,3,3,-0.8196063634291954,2,2,2,0.7015757792463054,2.081348128357637,-0.4567500973473325,0,0,0,1,1,0,0,0,0,0,1,0,0,0,0,0,0,1,0,0,0,1,0,0,1,0,0,1,0,0
0.33796795556035136,0,-0.4623171502396105,-0.8878445600368862,2,3,1.6291708482501361,3,1,1,-0.613324506041767,25605,4,17,3,4,1,-0.5490255785719419,5,2,-0.490105104235727,3,0,2,-0.31485246657401533,-0.8549625644756657,-0.4567500973473325,0,1,1,0,1,0,0,0,0,0,0,0,1,0,0,0,0,0,0,0,1,0,0,1,1,0,0,0,1,0
0.5590684872353476,0,0.8069831917695547,0.46986742556898176,3,2,1.432344783164646,4,2,1,-0.20821147229837808,5696,5,18,3,3,2,-0.16026469201088478,2,2,-0.1606038450422586,0,0,0,-0.22944685172689575,-0.8549625644756657,-1.4455905142848562,0,1,1,0,0,0,1,0,0,0,1,0,0,0,0,0,0,0,0,0,1,0,0,0,0,1,0,0,0,1
-0.21478337362713923,0,0.9358965077548606,-0.8878445600368862,2,2,1.1863122018077836,3,2,4,-0.1662191911514465,24442,2,14,3,3,1,0.4876701189242104,6,3,-0.1606038450422586,6,1,6,-0.43247607890883283,-0.36557744900344846,0.5320903195901912,0,0,1,0,0,0,1,0,0,0,1,0,0,0,1,0,0,0,0,0,0,0,0,0,0,1,0,0,0,1
0.11686742388535513,0,1.3226364557107781,-0.8878445600368862,3,1,1.6783773645215088,3,1,2,-0.7604849555968621,7129,5,13,3,4,3,0.2284961945501723,3,3,0.6631493029414124,10,3,8,-0.6535530303507693,-0.05415055733931029,-0.4567500973473325,0,0,0,0,0,0,0,0,0,0,1,1,0,0,0,0,0,0,0,0,0,0,0,1,0,1,0,0,0,1
-0.32533363946463734,1,-1.409334202285511,-0.023846023742242928,4,4,1.333931750621901,3,2,1,-0.24420485613860515,6208,4,17,3,3,1,-0.030677729823865754,3,2,0.004146784554475587,1,0,7,-0.31057876687189767,-0.8549625644756657,-0.4567500973473325,1,0,1,0,1,0,0,0,0,0,1,0,1,0,0,0,0,0,0,0,1,0,0,0,0,1,0,0,0,1
0.006317158047857013,1,-1.0721762989393266,-0.2707027483978553,4,4,-0.3882963188761366,3,2,1,-0.45660331390411174,4992,1,15,3,2,0,-0.16026469201088478,4,1,0.4983986733446782,3,0,8,-0.3880011106754615,-0.8549625644756657,-1.4455905142848562,0,1,1,0,0,0,1,0,0,0,1,0,0,0,1,0,0,0,0,0,0,1,0,1,0,1,0,0,0,1
0.22741768972285326,0,-0.0904518156666129,1.333865961863625,3,3,0.841866587908176,3,2,4,-0.22039673245262162,19188,2,18,3,4,1,-0.5490255785719419,6,3,-0.8196063634291954,1,2,2,0.04345451645153073,2.081348128357637,1.520930736527715,1,0,0,1,1,0,0,0,0,0,1,0,0,0,0,0,0,1,0,0,0,0,0,0,1,0,0,1,0,0
0.6696187530728458,0,-1.1391120591624662,-0.023846023742242928,3,1,-0.6835354165043717,3,1,3,-0.7893546488853775,24978,4,13,3,3,0,-0.5490255785719419,2,2,-0.6548557338324612,2,1,2,-0.4753726273855553,0.12380766646876869,-0.9511703058160944,0,0,1,0,1,0,0,0,0,0,1,0,0,0,0,0,1,0,0,0,0,1,0,1,1,0,0,1,0,0
0.4485182213978495,0,-0.8812854271918545,-0.5175594730534676,3,2,0.9402796204509211,4,2,2,0.04149262809319717,15530,3,12,3,1,0,-0.030677729823865754,3,1,-0.6548557338324612,2,1,2,-0.1447902998821109,0.12380766646876869,-2.43443093122238,0,1,1,0,1,0,0,0,0,0,1,0,0,0,0,0,0,0,0,0,0,1,0,0,0,1,0,1,0,0
0.4485182213978495,0,-0.016078748752013372,-0.6409878353812738,1,3,0.743453555365431,3,3,3,0.7120568676582607,26458,0,13,3,4,1,1.5243658164203626,3,4,2.4754062285054887,14,13,5,-0.34861097796013446,0.8801301176531044,1.520930736527715,0,1,0,1,0,1,0,0,0,0,0,0,0,0,0,0,0,1,0,0,0,0,1,0,0,0,1,0,0,1
-0.7675347028146299,0,0.7177355114720353,0.09958233858556324,3,1,-0.09305722124790157,3,3,3,0.5658337458073384,2739,9,14,3,2,0,-0.2898516541979038,3,3,0.004146784554475587,7,0,2,0.39317611163104477,-0.8549625644756657,-0.9511703058160944,0,1,1,0,0,0,1,0,0,0,0,0,0,0,1,0,0,0,0,0,0,1,0,0,0,1,0,0,0,1
-1.2097357661646224,1,0.29132992782833134,1.333865961863625,2,4,0.15297536010896096,3,1,2,-0.8437196557273872,6889,0,11,3,3,0,-0.6786125407589609,3,3,-0.3253544746389928,1,1,4,-0.46374816419579523,-0.26770042590900495,0.5320903195901912,0,1,0,0,0,0,1,0,0,0,0,1,0,0,0,0,0,0,0,0,1,0,1,1,1,0,0,0,1,0
1.0012695505853402,1,-1.3423984420623716,1.4572943241914311,2,4,0.005355811294843447,3,2,2,0.426921780048962,10842,4,22,4,4,1,0.2284961945501723,2,4,0.333648043747944,7,3,7,-0.07051519222001976,0.12380766646876869,1.520930736527715,0,1,1,0,0,0,1,0,0,0,0,0,0,0,0,0,0,0,0,0,1,0,0,0,0,1,0,0,0,1
0.33796795556035136,0,0.9706039389816736,-1.0112729223646924,3,3,-0.6835354165043717,3,2,4,-0.02543256998472503,9060,4,17,3,4,1,0.09890923236315328,3,3,-0.3253544746389928,3,0,3,-0.2426696786052478,-0.8549625644756657,1.520930736527715,0,1,1,0,1,0,0,0,0,0,0,0,0,0,0,0,0,0,0,0,0,0,0,0,0,1,0,0,1,0
-0.32533363946463734,0,0.01862868247479974,-0.1472743860700491,2,2,1.2847252343505287,4,2,3,0.028182574693946534,22128,1,21,4,3,2,-0.16026469201088478,5,3,0.4983986733446782,8,4,8,-0.07855106264452479,0.3195617126576557,0.037670111121429345,0,1,0,1,0,0,0,0,1,0,1,0,0,0,0,0,0,1,0,0,1,0,0,0,0,1,0,0,0,1
2.3278727406353177,0,-1.1217583435490597,-0.8878445600368862,3,2,-0.6835354165043717,3,4,2,1.8076054882951718,22577,4,22,4,4,1,3.338583287038629,0,2,1.4869024509250834,9,14,14,-0.36526826241132143,1.7143092917534744,-0.4567500973473325,0,0,0,1,0,0,1,0,0,0,1,0,0,1,0,0,0,0,0,0,0,0,0,0,0,0,1,0,0,1
-0.21478337362713923,0,-1.5308102115793571,1.7041510488470435,4,2,1.235518718079156,1,1,3,-0.7393013494825618,9696,0,16,3,2,1,-0.6786125407589609,2,4,-0.3253544746389928,4,0,3,-0.3526604632720831,-0.8549625644756657,0.037670111121429345,0,1,1,0,0,0,1,0,0,0,1,0,1,0,0,0,0,0,0,0,1,0,0,1,1,0,0,0,1,0
1.1118198164228383,0,0.49213720849775006,-0.6409878353812738,3,3,1.2847252343505287,2,3,2,0.690685796003126,19271,8,12,3,3,1,2.1723006273554577,4,3,2.4754062285054887,11,14,10,-0.4505424321162516,1.0135987855091635,0.037670111121429345,0,1,1,0,1,0,0,0,0,0,0,0,0,0,1,0,0,0,0,0,0,0,1,0,0,0,1,0,0,1
0.33796795556035136,0,-0.1301174513543993,0.3464390632411756,3,2,-0.9295679978612341,3,2,1,-0.41254891180800046,10748,2,12,3,2,1,0.4876701189242104,3,3,0.004146784554475587,4,7,7,-0.5373013852023751,2.081348128357637,-1.4455905142848562,0,1,1,0,1,0,0,0,0,0,0,0,0,0,0,0,0,0,0,0,0,0,0,1,0,1,0,0,0,1
1.885671677285325,0,-0.9209510628796409,-0.2707027483978553,4,4,0.10376884383758846,3,2,4,0.03849317943984491,15696,4,15,3,2,1,0.3580831567371914,2,2,0.004146784554475587,1,1,7,-0.30630506716978,-0.4354896083566223,0.5320903195901912,0,1,1,0,0,0,1,0,0,0,0,0,0,0,0,0,1,0,0,0,1,0,0,0,0,1,0,0,0,1
-0.6569844369771317,0,0.7995458850780948,-0.2707027483978553,4,1,0.10376884383758846,3,3,1,0.5602097795823028,8277,2,14,3,4,2,-0.2898516541979038,3,3,-0.6548557338324612,2,2,2,0.3891873252424017,1.102577897413203,-0.9511703058160944,1,0,0,1,0,1,0,0,0,0,0,0,0,0,0,0,0,1,0,0,1,0,0,0,0,1,0,1,0,0
-0.9886352344896261,0,1.0276232902828666,-1.0112729223646924,3,3,0.05456232756621595,3,1,1,-0.5732068803031807,12719,1,25,4,3,1,-1.0673734273200182,3,3,-0.6548557338324612,2,1,2,0.5402293698256895,0.12380766646876869,-0.4567500973473325,0,1,1,0,0,0,1,0,0,0,0,0,0,0,0,0,1,0,0,0,1,0,0,1,1,0,0,1,0,0
0.11686742388535513,0,-0.19705321157753888,-0.8878445600368862,4,2,0.5466274902799411,1,2,4,-0.23314438922936873,4244,2,20,4,1,2,1.1356049298593056,4,2,-0.490105104235727,2,0,3,-0.5687529658768266,-0.8549625644756657,-0.9511703058160944,0,1,0,1,0,1,0,0,0,0,0,0,0,0,0,0,0,0,1,0,1,0,1,0,0,0,1,0,1,0
-1.2097357661646224,0,-0.5713976483810231,0.09958233858556324,3,3,-0.9787745141326066,3,2,4,-0.3683070441710547,9125,1,13,3,1,0,-0.80819950294598,4,3,-0.3253544746389928,3,1,2,0.22886470432820394,-0.26770042590900495,0.037670111121429345,0,1,0,1,0,0,1,0,0,0,1,0,0,0,0,0,0,1,0,0,0,1,0,1,1,0,0,0,1,0
2.3278727406353177,0,1.02514418805238,0.7167241502245941,4,1,1.038692652993666,3,4,3,1.713122855714576,21624,2,14,3,2,0,1.5243658164203626,3,3,-0.8196063634291954,2,2,2,-0.07078333471638004,2.081348128357637,-0.9511703058160944,1,0,1,0,1,0,0,0,0,0,1,0,0,0,0,1,0,0,0,0,1,0,1,0,0,0,1,1,0,0
-2.0941378928646075,0,1.55815116760701,0.5932957878967879,3,2,-1.6184592256604493,3,1,3,-0.9625728086164703,8018,1,16,3,3,0,-1.4561343138810752,4,1,-1.1491076226226637,0,0,0,0.9195629553856545,-0.8549625644756657,-0.9511703058160944,0,0,1,0,0,0,1,0,0,0,0,0,0,0,0,0,1,0,0,0,0,1,0,1,0,0,0,0,0,0
-0.6569844369771317,1,-1.09944642347468,1.0870092372080127,5,4,1.137105685536411,4,1,1,-0.6922474987330983,21495,0,17,3,3,0,-1.196960389507037,4,3,-0.9843569930259296,0,0,0,0.8764840623883083,-0.8549625644756657,0.037670111121429345,0,1,0,0,0,0,0,0,0,0,1,1,0,0,0,0,0,0,0,0,1,0,0,1,0,0,0,0,0,0
-0.8780849686521279,1,-1.1217583435490597,0.46986742556898176,3,1,-0.4867093514188816,2,1,1,-0.8086635995913327,3157,4,15,3,4,3,-0.937786465132999,3,3,-0.8196063634291954,2,2,0,-0.19360760602493685,2.081348128357637,-0.9511703058160944,0,1,0,0,0,0,0,0,0,0,1,1,0,0,0,0,0,0,0,0,0,0,1,1,1,0,0,1,0,0
0.890719284747842,0,-0.5292529104627501,-0.8878445600368862,4,3,0.05456232756621595,3,2,3,-0.2801982399788322,19665,4,22,4,2,2,-0.16026469201088478,3,4,0.1688974141512098,7,5,7,-0.275397670924065,0.9802316185451488,0.5320903195901912,0,0,0,1,1,0,0,0,0,0,0,0,0,0,0,0,0,1,0,0,1,0,0,0,0,1,0,0,0,1
-0.10423310778964111,0,-0.9234301651101275,-0.8878445600368862,4,4,0.349801425194451,3,2,2,0.058739457849972636,19573,4,22,4,4,1,0.4876701189242104,2,3,-0.9843569930259296,0,0,0,-0.33674520558139687,-0.8549625644756657,1.026510528058953,0,1,1,0,0,0,0,1,0,0,0,0,0,0,0,0,1,0,0,0,1,0,1,0,0,1,0,0,0,0
0.6696187530728458,0,1.5358392475326301,-0.8878445600368862,4,1,1.2847252343505287,3,2,4,-0.1825286932040494,19246,1,20,4,3,1,-0.5490255785719419,5,3,0.004146784554475587,7,7,7,0.07798601004464147,2.081348128357637,0.037670111121429345,1,0,0,1,1,0,0,0,0,0,1,0,0,0,0,0,0,1,0,0,1,0,0,0,1,0,0,0,0,1
-1.0991855003271243,0,1.2259514687217987,-0.5175594730534676,2,4,-0.6343289002329991,3,1,4,-0.800415115794614,19826,0,14,3,3,0,-0.6786125407589609,3,2,-0.3253544746389928,4,0,2,-0.41767768140696665,-0.8549625644756657,1.026510528058953,1,0,1,0,1,0,0,0,0,0,0,0,1,0,0,0,0,0,0,0,0,1,1,1,1,0,0,0,1,0
-0.8780849686521279,0,-0.5664394439200499,1.333865961863625,1,4,-1.2740136117608418,3,1,4,-0.5317769957787526,7003,1,13,3,2,0,-0.030677729823865754,3,4,0.6631493029414124,8,3,10,-0.4774550846949508,-0.05415055733931029,1.520930736527715,1,0,1,0,0,0,1,0,0,0,1,0,1,0,0,0,0,0,0,0,1,0,0,1,0,1,0,0,0,1
-0.5464341711396336,0,1.2780126155620184,0.09958233858556324,4,4,0.645040522822686,3,2,4,-0.3750558036410973,26075,8,13,3,3,0,-0.937786465132999,2,4,-1.1491076226226637,0,0,0,0.49834711274493626,-0.8549625644756657,2.015350944996477,1,0,0,1,0,1,0,0,0,0,1,0,0,0,0,0,0,1,0,0,0,1,0,1,1,0,0,0,0,0
0.5590684872353476,0,-1.1093628323966265,0.09958233858556324,4,3,-1.3724266443035866,3,1,3,-0.6959968095497886,6161,3,22,4,2,2,-0.16026469201088478,1,2,-0.1606038450422586,3,3,3,-0.5408115172243811,0.6131927819409859,-0.4567500973473325,0,0,1,0,0,0,0,0,1,0,1,0,0,0,0,0,1,0,0,0,1,0,0,1,0,1,0,0,0,1
1.1118198164228383,0,-1.4762699625086508,-0.023846023742242928,4,2,-0.09305722124790157,3,1,3,-0.8517806739832714,5411,4,12,3,3,0,-0.5490255785719419,2,3,-0.6548557338324612,2,2,0,-0.5322983074177627,1.102577897413203,0.037670111121429345,0,1,1,0,1,0,0,0,0,0,0,0,1,0,0,0,0,0,0,0,0,1,0,1,1,0,0,1,0,0
1.0012695505853402,0,-0.23919794949581194,-0.8878445600368862,2,4,0.7926600716368035,3,3,4,0.36168377183855044,19989,3,14,3,3,1,0.09890923236315328,4,2,0.333648043747944,8,4,7,-0.03674858129154434,0.45006441011691345,1.026510528058953,0,1,1,0,1,0,0,0,0,0,1,0,0,0,1,0,0,0,0,0,0,0,0,0,0,1,0,0,0,1
-0.9886352344896261,0,-1.2952954996831252,-1.0112729223646924,2,3,-1.1263940629467242,3,1,4,-0.7391138839417273,10494,1,15,3,2,1,-1.0673734273200182,2,3,-0.6548557338324612,2,2,2,0.18722177443076934,1.102577897413203,0.5320903195901912,0,0,0,0,1,0,0,0,0,0,1,1,0,0,0,0,0,0,0,0,0,0,0,1,1,0,0,1,0,0
-0.8780849686521279,0,-0.18961590488607893,2.4447212228138806,1,4,1.333931750621901,1,2,3,-0.04961562475237759,21143,8,17,3,4,2,-0.030677729823865754,3,3,0.004146784554475587,0,1,6,-0.1976598503788539,-0.4354896083566223,1.520930736527715,0,1,1,0,1,0,0,0,0,0,1,0,0,0,0,0,0,0,0,0,0,0,0,0,0,1,0,0,0,1
0.5590684872353476,0,0.8416906229963679,-0.1472743860700491,3,4,0.743453555365431,3,1,3,-0.5025323714085681,13624,4,13,3,4,0,-0.41943861638492286,3,3,-1.1491076226226637,0,0,0,-0.2986124077059682,-0.8549625644756657,1.520930736527715,0,1,1,0,1,0,0,0,0,0,1,0,1,0,0,0,0,0,0,0,0,1,0,1,0,1,0,0,0,0
-0.5464341711396336,1,-0.963095800797914,-0.8878445600368862,4,3,0.7926600716368035,2,2,2,0.6108254756076221,26186,7,12,3,3,0,-0.5490255785719419,3,2,-0.8196063634291954,2,2,2,0.8014378956191218,2.081348128357637,-0.4567500973473325,0,1,0,1,0,1,0,0,0,0,1,0,0,0,0,0,0,1,0,0,0,1,1,0,1,0,0,1,0,0
1.0012695505853402,0,1.280491717792505,-0.76441619770908,3,1,-1.0279810304039791,4,4,1,1.2328361400965462,7739,2,12,3,4,1,1.7835397407944007,5,3,1.981154339715286,17,2,8,-0.25912342245840086,-0.5458772283879495,-0.9511703058160944,0,1,0,1,0,0,0,0,1,0,0,0,0,0,0,0,0,1,0,0,0,0,0,0,0,0,1,0,0,1
-1.0991855003271243,0,-0.18465770042510563,1.7041510488470435,1,2,-1.4708396768463317,2,2,3,-0.582767622885741,7018,1,21,4,4,1,-0.2898516541979038,5,3,0.333648043747944,8,5,8,-0.4214670284761777,0.7763211537650584,0.5320903195901912,0,1,0,1,0,0,0,0,0,1,0,0,0,0,0,0,0,0,1,0,1,0,0,1,0,1,0,0,0,1
-0.8780849686521279,0,-1.1168001390880864,-0.3941311107256615,1,4,1.038692652993666,2,1,2,-0.7207422609399448,15434,1,11,3,4,0,-1.3265473516940562,3,3,-0.9843569930259296,0,0,0,2.4632232877905595,-0.8549625644756657,1.026510528058953,0,1,0,0,0,0,1,0,0,0,1,1,0,0,0,0,0,0,0,0,1,0,0,1,0,0,0,0,0,0
0.6696187530728458,0,0.0508570114711262,-0.3941311107256615,3,1,0.743453555365431,2,5,3,2.388936130423006,22539,7,13,3,4,0,1.7835397407944007,2,3,1.4869024509250834,12,6,14,0.03606272544674789,0.24615394533682303,0.037670111121429345,0,1,1,0,0,0,1,0,0,0,0,0,0,1,0,0,0,0,0,0,1,0,0,0,0,0,1,0,0,1
1.2223700822603363,0,1.0449770058962733,0.09958233858556324,3,4,1.235518718079156,2,5,2,2.440114223070829,13583,4,12,3,4,0,2.301887589542477,3,3,2.4754062285054887,10,12,9,-0.08070088096364517,0.7466614497970451,1.026510528058953,0,1,1,0,1,0,0,0,0,0,1,0,0,0,0,1,0,0,0,0,1,0,0,0,0,0,1,0,0,1
-0.8780849686521279,1,-0.8515362004260147,1.8275794111748498,2,4,0.349801425194451,2,1,4,-0.789167183344543,14753,1,24,4,2,0,-0.6786125407589609,3,2,-0.9843569930259296,0,1,0,-0.4057113222410372,2.081348128357637,0.5320903195901912,1,0,1,0,1,0,0,0,0,0,1,0,0,0,0,0,1,0,0,0,0,1,1,1,1,0,0,0,0,0
1.0012695505853402,1,1.1193500728108727,0.09958233858556324,3,3,-0.09305722124790157,3,3,2,0.12472732822372225,14011,5,21,4,3,3,0.3580831567371914,2,3,0.1688974141512098,7,0,7,-0.2669870299102974,-0.8549625644756657,0.037670111121429345,0,1,0,1,1,0,0,0,0,0,0,0,0,0,0,0,0,1,0,0,1,0,0,0,0,1,0,0,0,1
-1.0991855003271243,0,0.8144204984610147,0.7167241502245941,3,4,0.5466274902799411,2,1,1,-0.3514351454959483,23844,0,19,3,4,1,-0.41943861638492286,2,2,0.004146784554475587,6,7,3,-0.17805133910922852,2.081348128357637,0.037670111121429345,1,0,1,0,1,0,0,0,0,0,0,0,0,0,0,0,1,0,0,0,1,0,0,1,0,1,0,0,0,1
0.22741768972285326,0,0.08060623823696601,1.2104375995358188,4,4,-1.2248070954894692,3,2,4,-0.5149050971036462,5141,8,14,3,2,3,-0.5490255785719419,2,3,-0.1606038450422586,2,2,2,-0.2251047728295441,0.12380766646876869,1.026510528058953,0,1,1,0,0,0,0,1,0,0,1,0,0,0,0,0,1,0,0,0,0,0,0,1,1,0,0,0,0,1
1.9962219431228232,0,0.08308534046745267,-0.8878445600368862,4,2,1.5799643319787637,2,1,4,-0.747362367738446,7975,8,20,4,2,1,1.0060179676722865,2,4,-0.3253544746389928,2,0,4,-0.7244888323376273,-0.8549625644756657,0.5320903195901912,0,1,1,0,0,0,0,0,1,0,1,0,0,0,0,0,1,0,0,0,1,0,0,1,0,0,1,0,1,0
-0.9886352344896261,0,0.9160636899109673,-0.76441619770908,3,2,0.5958340065513135,3,1,2,-0.7109940528165499,3692,1,19,3,4,1,-1.3265473516940562,3,3,-0.9843569930259296,0,0,0,2.525448355453393,-0.8549625644756657,0.037670111121429345,0,1,0,1,0,0,0,0,0,1,0,0,0,0,0,0,0,0,1,0,1,0,0,1,0,0,0,0,0,0
-0.7675347028146299,1,0.35330748359049763,-0.023846023742242928,3,2,1.137105685536411,3,1,4,-1.0437453877978158,16019,1,13,3,3,0,-1.3265473516940562,3,2,-0.9843569930259296,0,0,0,0.40141960350090733,-0.8549625644756657,0.037670111121429345,0,1,0,1,0,0,1,0,0,0,1,0,0,0,0,0,0,0,1,0,0,1,0,1,0,0,0,0,0,0
-1.6519368295146148,1,-1.020115152099107,-0.2707027483978553,1,4,0.448214457737196,3,1,2,-0.782980820497004,26092,1,23,4,1,0,-1.3265473516940562,2,3,-0.9843569930259296,0,0,0,2.0659401634817,-0.8549625644756657,-0.4567500973473325,0,1,1,0,1,0,0,0,0,0,1,0,0,0,0,0,1,0,0,0,0,1,1,1,0,0,0,0,0,0
-0.10423310778964111,0,1.1490992995767126,0.09958233858556324,4,2,-0.14226373751927407,2,2,3,-0.22039673245262162,6060,1,13,3,1,1,-0.16026469201088478,4,3,0.4983986733446782,9,1,7,-0.23722498518474994,-0.5613314951923353,-0.9511703058160944,0,1,0,1,0,0,0,0,1,0,0,0,0,0,0,0,0,1,0,0,1,0,1,0,0,1,0,0,0,1
-0.10423310778964111,0,-1.218443330538039,1.333865961863625,3,2,1.137105685536411,3,2,3,-0.459602762557464,18624,1,11,3,1,1,-0.16026469201088478,2,3,0.4983986733446782,8,0,2,-0.38991572814201025,-0.8549625644756657,-0.9511703058160944,0,1,1,0,1,0,0,0,0,0,1,0,1,0,0,0,0,0,0,0,0,0,0,1,0,1,0,0,0,1
-0.32533363946463734,0,1.6796271769008557,-0.6409878353812738,3,3,-0.09305722124790157,3,3,4,0.574457160685726,24444,2,13,3,4,3,-0.2898516541979038,3,3,-0.3253544746389928,3,1,0,0.39929225076029756,-0.26770042590900495,1.520930736527715,0,1,0,1,1,0,0,0,0,0,1,0,0,0,0,0,0,1,0,0,1,0,1,0,0,1,0,0,1,0
-0.8780849686521279,0,-0.5218156037712901,-0.2707027483978553,3,4,-0.3390898026047641,3,1,1,-0.8598416922391555,19384,3,14,3,2,0,-0.030677729823865754,2,3,-0.6548557338324612,2,1,2,-0.6678289805165564,0.12380766646876869,-0.4567500973473325,0,1,1,0,1,0,0,0,0,0,1,0,1,0,0,0,0,0,0,0,0,1,0,1,0,1,0,1,0,0
0.006317158047857013,0,-0.04830707774833983,-0.2707027483978553,4,4,0.5958340065513135,3,2,1,-0.4432932605048611,13588,5,22,4,3,1,0.6172570811112295,2,3,-0.3253544746389928,3,0,4,-0.571744555668309,-0.8549625644756657,0.037670111121429345,0,1,1,0,0,0,1,0,0,0,1,0,0,0,0,0,1,0,0,0,1,0,1,1,0,0,1,0,1,0
-0.21478337362713923,0,-1.446520735742811,0.8401525125524003,2,4,-1.0771875466753518,2,2,2,-0.34881062792426504,25388,0,11,3,4,0,-0.937786465132999,2,3,-0.6548557338324612,2,0,2,0.5402293698256895,-0.8549625644756657,1.026510528058953,0,1,1,0,0,0,0,1,0,0,0,0,0,0,1,0,0,0,0,0,1,0,1,1,1,0,0,1,0,0
0.890719284747842,0,-0.6110632840688096,1.9510077735026559,2,2,1.333931750621901,2,2,4,-0.1392241532712762,23888,0,13,3,4,2,-0.16026469201088478,2,2,0.333648043747944,8,3,8,-0.18541064999627513,0.12380766646876869,0.5320903195901912,0,1,1,0,1,0,0,0,0,0,0,0,0,0,1,0,0,0,0,0,1,0,0,0,0,1,0,0,0,1
-0.10423310778964111,0,1.01770688136092,-0.8878445600368862,1,2,1.3831382668932737,2,2,4,-0.5179045457569984,4223,1,21,4,4,0,-0.16026469201088478,2,2,0.4983986733446782,1,0,8,-0.42713110514805097,-0.8549625644756657,0.5320903195901912,1,0,0,0,0,0,0,0,0,0,1,1,0,0,0,0,0,0,0,0,0,1,0,1,0,1,0,0,0,1
0.33796795556035136,0,0.8292951118439346,-1.0112729223646924,4,1,1.5799643319787637,3,4,1,1.9073371560191343,18991,2,11,3,1,1,1.3947788542333437,3,3,1.981154339715286,7,11,16,0.022901906065891982,0.8450067840067731,-2.43443093122238,0,1,1,0,1,0,0,0,0,0,1,0,0,1,0,0,0,0,0,0,0,0,0,0,0,0,1,0,0,1
-1.2097357661646224,0,-0.7945168491248218,-1.0112729223646924,2,2,1.1863122018077836,2,1,3,-0.6965592061722922,14908,1,13,3,3,1,-0.6786125407589609,3,2,-0.9843569930259296,0,1,0,-0.307188298441551,2.081348128357637,-0.4567500973473325,0,1,1,0,1,0,0,0,0,0,0,0,0,0,0,0,1,0,0,0,1,0,1,1,1,0,0,0,0,0
-1.0991855003271243,0,-0.7226228844407089,-0.8878445600368862,2,1,1.137105685536411,4,2,3,-0.027869622015573737,26997,0,14,3,2,0,-0.2898516541979038,5,2,0.1688974141512098,7,0,7,-0.027906771463385428,-0.8549625644756657,-1.4455905142848562,0,1,0,1,0,0,1,0,0,0,0,0,0,0,0,0,0,1,0,0,0,1,0,0,0,1,0,0,0,1
1.2223700822603363,0,-1.6993891632524494,1.5807226865192374,3,4,-0.3882963188761366,3,4,4,1.9731375608520494,2437,3,11,3,2,1,1.6539527786073818,3,3,2.4754062285054887,17,4,7,-0.035851104354099626,-0.32108789305142865,1.026510528058953,1,0,1,0,0,0,1,0,0,0,0,0,0,1,0,0,0,0,0,0,0,0,0,0,0,0,1,0,0,1
0.7801690189103438,0,-1.5679967450366568,-1.0112729223646924,4,2,0.5958340065513135,4,2,1,-0.3028815704198087,9364,2,15,3,4,1,-0.16026469201088478,5,3,-0.8196063634291954,0,2,2,-0.28987696551483966,2.081348128357637,-0.4567500973473325,0,1,1,0,1,0,0,0,0,0,1,0,0,0,0,0,0,0,0,0,1,0,0,0,0,1,0,1,0,0
-0.32533363946463734,1,0.40784773266120394,0.8401525125524003,4,4,0.9402796204509211,1,1,1,-0.8139126347346991,14460,1,23,4,2,1,-0.80819950294598,2,3,-0.3253544746389928,2,3,0,-0.3400160104200843,0.9068238512243162,-0.4567500973473325,0,0,1,0,0,0,0,0,1,0,1,0,0,0,0,0,1,0,0,0,1,0,1,1,1,0,0,0,1,0
2.1067722089603214,1,0.8912726676061008,1.8275794111748498,2,1,1.5307578157073911,3,1,4,-0.7614222833010347,10261,1,16,3,4,0,-0.80819950294598,3,3,-0.490105104235727,2,1,0,-0.2730043990908791,-0.12088489126733984,0.5320903195901912,0,1,1,0,1,0,0,0,0,0,1,0,1,0,0,0,0,0,0,0,0,1,0,1,1,0,0,0,1,0
-0.10423310778964111,0,-1.1589448770063595,0.9635808748802065,2,3,-1.6184592256604493,2,2,2,-0.2140229040642481,16822,2,16,3,3,2,0.09890923236315328,1,1,-0.490105104235727,2,1,3,-0.34298765627962335,-0.12088489126733984,-0.9511703058160944,0,1,0,1,0,1,0,0,0,0,1,0,0,0,0,0,0,1,0,0,1,0,0,0,0,1,0,0,1,0
0.4485182213978495,0,-1.1539866725453862,-0.1472743860700491,3,3,-0.5851223839616266,3,2,2,-0.42285951655389886,26841,5,21,4,3,1,0.3580831567371914,3,3,-0.3253544746389928,4,1,4,-0.5166565665080121,-0.26770042590900495,0.037670111121429345,0,1,0,1,0,1,0,0,0,0,0,0,0,0,0,0,0,1,0,0,1,0,0,1,0,1,0,0,1,0
0.5590684872353476,0,1.4713825895399772,-0.3941311107256615,3,3,0.841866587908176,3,3,1,1.2558944016191915,14842,9,13,3,2,1,0.8764310054852675,3,4,0.333648043747944,7,5,7,-0.0047718104092550236,0.7763211537650584,-0.4567500973473325,0,1,1,0,0,0,1,0,0,0,1,0,0,0,0,1,0,0,0,0,1,0,0,0,0,0,1,0,0,1
-0.6569844369771317,0,0.6855071824757089,0.09958233858556324,2,3,0.9894861367222936,3,2,4,-0.012309982126308914,20115,2,11,3,4,1,-0.41943861638492286,2,3,-0.3253544746389928,2,1,4,0.09253795753035221,-0.26770042590900495,1.520930736527715,0,1,0,1,0,0,1,0,0,0,0,0,0,0,0,0,0,1,0,0,0,0,1,0,0,1,0,0,1,0
-0.32533363946463734,0,-0.16730398481169909,-0.76441619770908,1,4,0.448214457737196,2,2,4,0.27263763994215534,16495,3,12,3,3,0,-0.2898516541979038,3,2,-0.490105104235727,2,0,1,0.1852273812364478,-0.8549625644756657,1.026510528058953,0,1,0,1,0,0,1,0,0,0,0,0,0,0,0,0,0,1,0,0,1,0,1,0,0,1,0,0,1,0
-0.6569844369771317,0,-0.821786973660175,-0.6409878353812738,3,1,-0.19147025379064658,4,1,3,-0.7458626434117699,16031,8,12,3,2,1,-0.937786465132999,0,2,-0.6548557338324612,2,2,2,-0.09338934801027733,1.102577897413203,-1.4455905142848562,0,1,1,0,0,0,1,0,0,0,0,0,1,0,0,0,0,0,0,0,0,0,0,1,1,0,0,1,0,0
-1.2097357661646224,0,0.7276519203939819,-0.3941311107256615,3,3,-0.2406767700620191,4,1,4,-0.7694833015569189,7102,0,18,3,1,1,-0.41943861638492286,3,3,0.004146784554475587,7,7,7,-0.5116136008595132,2.081348128357637,0.037670111121429345,1,0,1,0,0,0,0,1,0,0,1,0,1,0,0,0,0,0,0,0,1,0,0,1,0,1,0,0,0,1
0.890719284747842,0,1.2259514687217987,-1.0112729223646924,4,2,-1.0771875466753518,3,2,3,-0.2342691824743758,14511,4,12,3,3,0,0.09890923236315328,3,3,-0.490105104235727,2,0,3,-0.3537573795289599,-0.8549625644756657,0.037670111121429345,1,0,1,0,0,0,1,0,0,0,1,0,0,0,0,0,0,0,0,0,0,1,0,0,0,1,0,0,1,0
-0.4358839053021355,0,-1.4514789402037842,0.09958233858556324,4,2,-1.1263940629467242,3,2,3,-0.2177722148809384,10410,1,14,3,2,0,-0.16026469201088478,2,2,0.4983986733446782,4,0,9,-0.2355496949015197,-0.8549625644756657,-0.9511703058160944,0,1,0,1,0,1,0,0,0,0,1,0,0,0,0,0,0,1,0,0,0,1,0,0,0,1,0,0,0,1
-0.9886352344896261,0,-0.04830707774833983,-1.0112729223646924,2,3,-1.1756005792180968,2,2,4,0.034743868623154595,19255,1,12,3,3,1,-0.5490255785719419,2,3,0.004146784554475587,7,0,7,0.2761147282348171,-0.8549625644756657,1.026510528058953,1,0,0,1,1,0,0,0,0,0,1,0,0,0,0,0,0,1,0,0,1,0,1,0,1,0,0,0,0,1
-0.8780849686521279,1,-0.14003386027634593,1.8275794111748498,3,3,-1.0279810304039791,4,1,1,-1.0418707323894705,10642,1,17,3,4,0,-1.3265473516940562,3,3,-0.9843569930259296,0,0,0,0.4133859626668368,-0.8549625644756657,0.037670111121429345,1,0,0,1,0,0,0,0,1,0,1,0,0,0,0,0,0,0,1,0,0,1,0,1,0,0,0,0,0,0
0.22741768972285326,0,1.1119127661194128,1.4572943241914311,4,1,-1.6676657419318217,1,2,3,-0.17109329521314393,3987,6,19,3,3,1,-0.16026469201088478,1,3,-0.6548557338324612,2,1,2,-0.20575346057835528,0.12380766646876869,-0.4567500973473325,0,0,0,1,1,0,0,0,0,0,0,0,0,0,0,0,0,1,0,0,1,0,0,0,0,1,0,1,0,0
-1.0991855003271243,0,1.367260295859538,-0.8878445600368862,4,2,-1.2248070954894692,3,1,2,-0.8290973435422949,6073,1,11,3,3,1,-0.6786125407589609,3,2,-0.3253544746389928,3,1,2,-0.4481918972800869,-0.26770042590900495,-0.9511703058160944,0,1,1,0,0,0,0,0,1,0,1,0,0,0,0,0,1,0,0,0,1,0,0,1,1,0,0,0,1,0
-0.32533363946463734,0,-0.16730398481169909,1.5807226865192374,4,3,0.9894861367222936,2,2,4,-0.16903117426396425,26496,1,15,3,2,0,0.6172570811112295,3,3,1.3221518213283492,10,6,11,-0.4623271590448411,0.3195617126576557,0.5320903195901912,1,0,1,0,0,0,0,1,0,0,1,0,0,0,0,0,1,0,0,0,1,0,1,0,0,0,1,0,0,1
-0.10423310778964111,1,1.6672316657484225,0.46986742556898176,2,4,0.8910731041795485,3,2,3,0.6008898019433928,23352,3,11,3,4,0,-0.6786125407589609,0,3,-0.8196063634291954,0,2,2,1.0731312313484163,2.081348128357637,1.520930736527715,0,1,0,1,0,1,0,0,0,0,0,0,0,0,0,0,0,1,0,0,0,1,1,0,1,0,0,1,0,0
1.1118198164228383,0,0.9086263832195074,0.5932957878967879,4,3,-0.09305722124790157,3,2,2,-0.22152152569762873,2125,8,18,3,3,1,0.6172570811112295,4,4,0.1688974141512098,7,1,7,-0.4832682875852177,-0.48792372787150273,0.5320903195901912,0,0,1,0,0,0,0,0,1,0,1,0,0,0,0,0,1,0,0,0,1,0,0,0,0,0,1,0,0,1
2.1067722089603214,0,1.5879003943728498,0.22301070091336941,5,4,1.137105685536411,2,2,1,-0.2378310277502316,20328,4,16,3,3,1,-0.6786125407589609,3,3,-1.1491076226226637,0,0,0,0.18083971620894024,-0.8549625644756657,0.037670111121429345,0,1,0,1,0,1,0,0,0,0,0,0,0,0,0,0,0,1,0,0,1,0,0,0,1,0,0,0,0,0
0.22741768972285326,0,0.15993750961253883,-0.023846023742242928,2,1,1.038692652993666,3,2,1,-0.28076063660133577,12315,1,25,4,4,1,-0.16026469201088478,3,3,0.4983986733446782,0,7,9,-0.27575666169904284,1.2004549205076465,-0.9511703058160944,0,1,1,0,0,0,1,0,0,0,1,0,0,0,1,0,0,0,0,0,1,0,0,0,0,1,0,0,0,1
0.11686742388535513,0,1.4664243850790037,-0.1472743860700491,3,4,-0.3882963188761366,2,2,2,-0.8465316388399049,18115,1,16,3,3,1,1.1356049298593056,3,3,2.1459049693120202,11,0,7,-0.7645226018314332,-0.8549625644756657,0.5320903195901912,1,0,1,0,0,0,1,0,0,0,0,0,0,0,0,0,1,0,0,0,0,0,1,1,0,0,1,0,0,1
2.3278727406353177,0,-0.48958727477496367,1.4572943241914311,3,4,0.3005949089230785,3,4,4,2.104550904977045,11761,4,13,3,3,1,1.7835397407944007,2,2,-0.9843569930259296,0,0,0,-0.036549141972112224,-0.8549625644756657,1.026510528058953,0,1,0,1,1,0,0,0,0,0,0,0,0,1,0,0,0,0,0,0,1,0,1,0,0,0,1,0,0,0
-0.5464341711396336,1,-1.3994177933635645,-0.5175594730534676,2,1,-0.9295679978612341,4,1,3,-0.7904794421303847,15318,3,14,3,1,0,-0.41943861638492286,2,3,-0.490105104235727,1,0,3,-0.5283665036918145,-0.8549625644756657,-1.4455905142848562,1,0,1,0,1,0,0,0,0,0,0,0,0,0,0,0,1,0,0,0,0,1,1,1,0,1,0,0,1,0
0.11686742388535513,0,1.0003531657475135,-0.023846023742242928,2,2,0.251388392651706,3,1,4,-0.35199754211845186,14293,2,19,3,4,2,-0.16026469201088478,0,4,-0.3253544746389928,2,0,3,-0.3212288265295749,-0.8549625644756657,1.520930736527715,0,1,1,0,1,0,0,0,0,0,1,0,0,0,0,0,1,0,0,0,0,0,0,1,0,1,0,0,1,0
1.3329203480978344,0,0.648320649018409,-0.8878445600368862,1,2,-1.1756005792180968,3,5,4,2.3456315904902327,13738,3,15,3,4,0,2.1723006273554577,3,3,-0.3253544746389928,4,4,3,-0.07326022241330309,1.4940859897909768,1.026510528058953,1,0,1,0,0,0,0,0,0,1,1,0,0,0,0,1,0,0,0,0,1,0,0,0,0,0,1,0,1,0
0.5590684872353476,0,-0.9507002896454807,0.3464390632411756,4,2,0.5466274902799411,3,2,4,-0.29275843121474476,2900,3,12,3,3,2,0.3580831567371914,4,3,-1.1491076226226637,0,0,0,-0.45733761464261874,-0.8549625644756657,0.5320903195901912,0,1,0,1,0,1,0,0,0,0,1,0,0,0,0,0,0,1,0,0,0,0,1,0,0,1,0,0,0,0
-1.0991855003271243,1,1.3251155579412648,1.5807226865192374,3,1,-0.3882963188761366,2,1,2,-0.7096817940307083,19555,1,12,3,1,0,-1.3265473516940562,2,3,-0.9843569930259296,0,0,0,2.5338248068695437,-0.8549625644756657,-1.940010722753618,1,0,0,0,0,0,0,0,0,0,0,1,0,0,0,0,0,0,0,0,1,0,0,1,0,0,0,0,0,0
-0.21478337362713923,0,-0.29869640302749156,1.0870092372080127,4,2,0.251388392651706,3,2,1,-0.20389976485918423,15975,0,16,3,4,1,-0.6786125407589609,2,1,-0.3253544746389928,3,0,4,0.21693823302616097,-0.8549625644756657,-1.4455905142848562,0,1,0,1,0,0,1,0,0,0,1,0,0,0,0,0,0,1,0,0,1,0,0,0,1,0,0,0,1,0
-0.9886352344896261,0,0.7450056360073884,0.8401525125524003,3,3,-0.8311549653184892,3,1,3,-0.8444695178907252,2122,1,14,3,3,0,-0.80819950294598,3,2,-0.3253544746389928,3,1,4,-0.37902634130101437,-0.26770042590900495,0.037670111121429345,0,0,1,0,0,0,1,0,0,0,1,0,0,0,0,0,1,0,0,0,0,1,0,1,1,0,0,0,1,0
-0.6569844369771317,0,0.43015965273558376,-0.76441619770908,2,3,-0.8803614815898617,3,1,1,-0.671813754782136,3995,1,13,3,4,1,-0.937786465132999,3,4,-0.490105104235727,2,2,3,0.02477844875327644,0.6131927819409859,0.5320903195901912,0,0,1,0,0,0,1,0,0,0,1,0,0,0,0,0,1,0,0,0,0,0,1,1,1,0,0,0,1,0
-0.10423310778964111,0,1.3598229891680778,-0.023846023742242928,4,1,0.005355811294843447,4,1,2,-0.7196174676949376,9238,1,22,4,2,0,-0.6786125407589609,3,3,-0.3253544746389928,4,0,2,-0.3317193347317065,-0.8549625644756657,-1.4455905142848562,0,0,1,0,1,0,0,0,0,0,1,0,1,0,0,0,0,0,0,0,1,0,0,1,1,0,0,0,1,0
-0.32533363946463734,0,0.3334746657466044,-1.0112729223646924,3,1,-1.6676657419318217,3,3,4,0.6072636303317663,6770,1,21,4,1,0,0.3580831567371914,3,2,1.157401191731615,8,2,1,-0.0469769692452793,-0.4354896083566223,-1.4455905142848562,0,1,0,1,0,1,0,0,0,0,1,0,0,0,0,0,0,1,0,0,0,1,0,0,0,1,0,0,0,1
-0.32533363946463734,0,1.082163539353573,0.46986742556898176,4,4,-1.3232201280322142,3,3,3,0.37105704888027624,22914,1,18,3,3,1,-0.2898516541979038,2,2,0.1688974141512098,7,1,1,0.25503114303770313,-0.48792372787150273,0.5320903195901912,0,1,0,1,0,0,1,0,0,0,1,0,0,0,0,0,0,1,0,0,0,0,0,0,0,1,0,0,0,1
-1.2097357661646224,0,-1.6002250740329833,-1.0112729223646924,3,3,1.432344783164646,3,1,1,-0.7089319318673702,20006,0,13,3,4,0,-0.41943861638492286,6,2,0.004146784554475587,7,7,6,-0.4632994257270729,2.081348128357637,-0.4567500973473325,0,1,1,0,0,0,1,0,0,0,1,0,1,0,0,0,0,0,0,0,0,1,0,1,0,1,0,0,0,1
-0.8780849686521279,0,-1.652286220873203,-1.0112729223646924,3,1,1.137105685536411,3,2,1,-0.23914328653607322,6225,0,12,3,1,1,-0.6786125407589609,5,2,-0.3253544746389928,3,0,2,0.17944364097291518,-0.8549625644756657,-2.9288511396911416,0,1,1,0,1,0,0,0,0,0,1,0,0,0,0,0,0,0,0,0,1,0,0,0,1,0,0,0,1,0
-0.5464341711396336,0,0.8516070319183144,0.7167241502245941,4,3,-1.5692527093890767,3,2,4,0.0034371233037904275,16542,5,18,3,2,1,-0.2898516541979038,6,3,-0.3253544746389928,1,1,2,-0.0057025272332716865,-0.26770042590900495,0.5320903195901912,0,0,1,0,0,0,1,0,0,0,0,0,0,0,0,0,0,0,0,0,0,0,0,0,0,1,0,0,1,0
-0.6569844369771317,0,0.7995458850780948,-1.0112729223646924,3,4,-0.8803614815898617,1,2,1,-0.30850553664484415,5771,1,21,4,2,0,-0.16026469201088478,6,3,0.4983986733446782,8,8,7,-0.2934668732646185,1.4940859897909768,-0.4567500973473325,1,0,1,0,1,0,0,0,0,0,1,0,0,0,0,0,1,0,0,0,1,0,0,0,0,1,0,0,0,1
-0.9886352344896261,1,1.4912154073838704,0.9635808748802065,3,3,-1.6676657419318217,2,1,4,-0.8026647022846282,18779,5,12,3,1,1,-0.6786125407589609,2,2,-0.490105104235727,1,0,3,-0.4200709532401526,-0.8549625644756657,-0.4567500973473325,0,1,1,0,0,0,0,0,1,0,1,0,1,0,0,0,0,0,0,0,0,0,0,1,1,0,0,0,1,0
0.11686742388535513,0,1.4912154073838704,-1.0112729223646924,3,1,-0.3390898026047641,2,1,1,-0.7106191217348808,11473,4,14,3,1,0,1.1356049298593056,3,2,-0.9843569930259296,0,0,0,-0.7211445498549387,-0.8549625644756657,-2.9288511396911416,0,1,0,1,1,0,0,0,0,0,1,0,0,0,0,0,0,0,1,0,0,1,0,1,0,0,1,0,0,0
-0.21478337362713923,0,1.0449770058962733,-0.2707027483978553,4,3,-0.5359158676902541,3,2,4,-0.2708249629371064,13586,1,11,3,4,0,-0.16026469201088478,2,3,0.4983986733446782,8,0,9,-0.26941449134110024,-0.8549625644756657,1.520930736527715,0,1,0,1,1,0,0,0,0,0,0,0,0,0,0,0,0,1,0,0,1,0,1,0,0,1,0,0,0,1
-1.0991855003271243,0,0.37561940366487745,-0.023846023742242928,3,4,-1.0771875466753518,3,2,4,-0.47684959231423946,5099,1,14,3,1,0,-0.5490255785719419,5,3,0.004146784554475587,7,0,7,-0.19040233124834857,-0.8549625644756657,0.5320903195901912,0,1,0,1,0,1,0,0,0,0,1,0,0,0,0,0,0,1,0,0,0,1,0,1,1,0,0,0,0,1
-0.5464341711396336,0,1.4143632382387843,-0.5175594730534676,4,4,-0.4867093514188816,2,2,4,0.5680833322973525,10138,8,24,4,2,0,-0.41943861638492286,1,3,-0.9843569930259296,0,0,0,0.5556360572518237,-0.8549625644756657,1.026510528058953,0,1,1,0,1,0,0,0,0,0,1,0,0,0,1,0,0,0,0,0,0,1,0,0,0,1,0,0,0,0
-0.6569844369771317,1,-0.1202010424324527,2.074436135830462,4,1,-0.14226373751927407,3,2,4,-0.19340169457245132,21075,1,11,3,3,0,-0.16026469201088478,4,3,0.4983986733446782,7,0,8,-0.21999342798581134,-0.8549625644756657,0.037670111121429345,1,0,0,1,0,1,0,0,0,0,1,0,0,0,0,0,0,1,0,0,1,0,1,0,0,1,0,0,0,1
1.7751214114478269,1,0.9061472809890208,1.8275794111748498,4,1,0.005355811294843447,3,3,1,0.7122443331990953,5843,6,13,3,2,0,0.4876701189242104,2,2,-0.8196063634291954,2,2,2,-0.0586470185651954,2.081348128357637,-2.43443093122238,0,1,0,1,1,0,0,0,0,0,1,0,0,0,0,0,0,1,0,0,0,1,1,0,0,1,0,1,0,0
1.885671677285325,0,-1.6051832784939566,-0.023846023742242928,2,1,0.05456232756621595,3,2,3,-0.3518100765776173,22474,3,11,3,3,2,-0.2898516541979038,6,2,-0.490105104235727,3,2,3,-0.2576608674492317,0.6131927819409859,-0.9511703058160944,0,1,1,0,1,0,0,0,0,0,0,0,0,0,0,0,1,0,0,0,1,0,0,1,0,1,0,0,1,0
-0.4358839053021355,0,1.2408260821047186,-0.2707027483978553,2,4,-1.4708396768463317,3,2,3,-0.12760128973953622,18079,1,20,4,3,3,-0.2898516541979038,2,3,0.333648043747944,7,2,8,-0.09864125008865753,-0.20244907717937607,1.026510528058953,1,0,1,0,1,0,0,0,0,0,1,0,0,0,0,0,0,0,0,0,0,0,0,0,0,1,0,0,0,1
0.6696187530728458,0,-0.5664394439200499,0.22301070091336941,3,1,-1.7660787744745667,3,3,3,0.1614705742272874,16873,1,17,3,2,1,-0.16026469201088478,1,3,0.4983986733446782,9,0,9,0.00652975102523396,-0.8549625644756657,-0.9511703058160944,0,1,1,0,1,0,0,0,0,0,1,0,0,0,0,0,0,0,0,0,1,0,0,0,0,1,0,0,0,1
0.11686742388535513,0,1.5903794966033364,-1.0112729223646924,4,4,1.0878991692650386,3,1,2,-0.6856862048038902,5224,0,11,3,2,1,-0.5490255785719419,2,3,-0.1606038450422586,2,1,2,-0.3808383899747123,-0.36557744900344846,0.037670111121429345,1,0,0,0,0,0,0,1,0,0,1,1,0,0,0,0,0,0,0,0,1,0,1,1,1,0,0,0,0,1
1.9962219431228232,0,-1.5208938026574104,2.074436135830462,4,3,0.251388392651706,4,5,2,2.4346777223866276,25811,4,18,3,1,1,3.0794093626645913,0,3,0.4983986733446782,9,1,4,-0.22079688352980947,-0.5613314951923353,-0.9511703058160944,0,1,0,0,0,0,0,0,0,0,1,0,0,1,0,0,0,0,0,0,1,0,1,0,0,0,1,0,0,1
-0.6569844369771317,0,1.173890321881579,-0.8878445600368862,1,4,-0.3390898026047641,1,1,4,-1.034747041837759,17536,1,11,3,3,3,-1.3265473516940562,4,3,-0.9843569930259296,0,0,0,0.45885812749736893,-0.8549625644756657,1.520930736527715,0,1,1,0,0,0,1,0,0,0,0,0,1,0,0,0,0,0,0,0,0,0,1,1,0,0,0,0,0,0
0.22741768972285326,0,-1.694430958791476,0.7167241502245941,4,2,0.5466274902799411,3,4,1,1.25458214283335,25098,0,12,3,1,0,1.2651918920463245,3,3,2.1459049693120202,8,11,10,-0.13193811932337873,0.7600083165826512,-1.940010722753618,0,1,0,1,0,1,0,0,0,0,1,0,0,0,0,0,0,1,0,0,0,1,0,0,0,0,1,0,0,1
0.5590684872353476,0,-1.1589448770063595,1.7041510488470435,2,4,-1.4216331605749593,2,2,3,-0.43429491454480434,14811,1,12,3,4,0,1.1356049298593056,2,3,-0.1606038450422586,6,3,6,-0.6329524828020383,0.6131927819409859,1.520930736527715,0,0,1,0,1,0,0,0,0,0,1,0,0,0,0,0,1,0,0,0,0,1,0,1,0,0,1,0,0,1
-0.6569844369771317,0,-0.2615098695701918,0.09958233858556324,3,3,-1.2740136117608418,3,3,3,0.8215367435056181,26862,4,20,4,3,1,0.2284961945501723,2,4,0.6631493029414124,7,4,8,0.12324777735137706,0.21278677837280827,1.026510528058953,0,0,1,0,0,0,1,0,0,0,0,0,0,0,0,1,0,0,0,0,1,0,0,0,0,1,0,0,0,1
1.885671677285325,0,-1.6002250740329833,0.09958233858556324,3,3,0.5466274902799411,3,2,1,-0.41404863613467663,25198,6,19,3,4,0,-0.2898516541979038,3,3,-0.3253544746389928,2,1,4,-0.30180343681688276,-0.26770042590900495,0.037670111121429345,0,1,1,0,0,0,1,0,0,0,0,0,0,0,1,0,0,0,0,0,0,1,1,1,0,1,0,0,1,0
-1.4308362978396185,0,-0.07805630451417965,-1.0112729223646924,2,2,-1.0279810304039791,2,2,3,-0.38086723540696726,14120,1,12,3,2,0,-0.937786465132999,2,2,-0.490105104235727,3,1,2,0.4890731843913409,-0.12088489126733984,-0.9511703058160944,0,1,1,0,1,0,0,0,0,0,1,0,0,0,0,0,0,0,0,0,0,1,0,1,1,0,0,0,1,0
-1.5413865636771167,0,-0.5738767506115098,0.3464390632411756,2,4,0.5958340065513135,3,1,4,-0.7501743508509637,13672,1,13,3,3,0,-0.80819950294598,6,4,-0.3253544746389928,2,1,4,-0.2586447680917637,-0.26770042590900495,2.015350944996477,0,1,1,0,0,0,0,1,0,0,1,0,1,0,0,0,0,0,0,0,0,1,0,1,1,0,0,0,1,0
0.33796795556035136,0,-0.27390538072262505,0.22301070091336941,3,4,0.349801425194451,3,2,3,-0.061051022743283063,26849,1,11,3,1,1,-0.16026469201088478,2,4,0.4983986733446782,9,9,4,-0.1355109322743492,1.7877170590743074,0.5320903195901912,1,0,1,0,0,0,0,0,1,0,0,0,1,0,0,0,0,0,0,0,1,0,0,0,0,1,0,0,0,1
0.33796795556035136,0,-0.8887227338833145,-0.8878445600368862,2,2,1.2847252343505287,3,2,2,-0.18215376212238038,4258,3,14,3,3,1,0.4876701189242104,4,3,0.6631493029414124,8,5,10,-0.43925701576952625,0.47972411408492666,-0.4567500973473325,0,1,0,1,0,1,0,0,0,0,0,0,0,0,0,0,0,1,0,0,1,0,0,0,0,1,0,0,0,1
-1.3202860320021204,0,-1.2234015349990124,-0.8878445600368862,3,3,0.7926600716368035,3,1,2,-0.8364084996348411,19655,4,14,3,3,0,-0.6786125407589609,3,3,-0.8196063634291954,0,1,2,-0.45597003073794107,0.6131927819409859,0.037670111121429345,0,1,0,0,0,0,0,0,0,0,0,1,0,0,0,0,0,0,0,0,1,0,0,1,1,0,0,1,0,0
-0.7675347028146299,0,0.26901800775395146,-1.0112729223646924,2,4,0.4974209740085685,3,1,2,-0.5437747903921617,4077,1,13,3,3,0,0.09890923236315328,6,2,0.8278999325381465,8,1,7,-0.5183945377202066,-0.6102700067395571,0.037670111121429345,0,1,1,0,0,0,1,0,0,0,1,0,1,0,0,0,0,0,0,0,1,0,0,1,0,1,0,0,0,1
-0.6569844369771317,0,0.43263875496607046,-0.8878445600368862,1,4,-0.4375028351475091,3,1,3,-0.5008451815410575,7298,6,19,3,3,1,-0.5490255785719419,2,2,-0.8196063634291954,2,0,2,-0.21228367372319115,-0.8549625644756657,0.5320903195901912,0,1,1,0,0,0,0,1,0,0,1,0,1,0,0,0,0,0,0,0,0,0,1,1,1,0,0,1,0,0
1.1118198164228383,0,0.9358965077548606,1.9510077735026559,3,1,0.8910731041795485,3,3,3,0.3719943765844488,13084,2,23,4,2,0,1.7835397407944007,3,3,1.6516530805218177,14,12,11,-0.47892150761819385,1.2177273363478425,-0.9511703058160944,0,1,1,0,0,0,1,0,0,0,1,0,0,0,0,0,0,0,0,0,0,1,0,0,0,0,1,0,0,1
-0.4358839053021355,0,1.2656171044095852,-1.0112729223646924,2,2,-0.3390898026047641,2,1,3,-0.8699648314442194,20439,1,12,3,3,3,-1.3265473516940562,2,2,-0.9843569930259296,1,0,0,1.5107010981825717,-0.8549625644756657,-0.4567500973473325,0,0,1,0,0,0,1,0,0,0,1,0,1,0,0,0,0,0,0,0,0,0,0,1,0,0,0,0,0,0
0.11686742388535513,0,1.2854499222534783,-1.0112729223646924,4,4,0.9894861367222936,3,2,2,-0.41404863613467663,7636,0,15,3,1,2,0.6172570811112295,3,3,1.3221518213283492,13,5,8,-0.5600773554815277,0.12380766646876869,-0.4567500973473325,0,1,0,1,1,0,0,0,0,0,1,0,0,0,0,0,0,1,0,0,1,0,0,1,0,0,1,0,0,1
-0.6569844369771317,0,0.8714398497622077,-0.8878445600368862,2,1,-0.5851223839616266,3,1,3,-0.671438823700467,6393,0,19,3,3,1,-1.0673734273200182,1,3,-0.8196063634291954,2,1,2,0.3312169630607877,0.6131927819409859,-0.4567500973473325,0,1,0,1,1,0,0,0,0,0,1,0,0,0,0,0,0,0,1,0,1,0,0,1,1,0,0,1,0,0
0.11686742388535513,0,-0.7300601911321688,-0.3941311107256615,4,1,0.3005949089230785,2,2,3,-0.24889149465946805,14284,2,11,3,4,1,-0.16026469201088478,1,3,0.1688974141512098,3,7,7,-0.2554138511169627,1.7143092917534744,0.037670111121429345,1,0,1,0,1,0,0,0,0,0,1,0,0,0,1,0,0,0,0,0,1,0,0,0,0,1,0,0,0,1
-0.10423310778964111,0,-0.608584181838323,1.0870092372080127,4,4,-1.5200461931177043,3,2,1,-0.23220706152519613,11189,6,17,3,3,1,-0.2898516541979038,3,2,-0.1606038450422586,3,1,2,-0.1728326769174204,-0.36557744900344846,-0.4567500973473325,0,1,1,0,1,0,0,0,0,0,1,0,0,0,0,0,1,0,0,0,0,0,1,0,0,1,0,0,0,1
0.4485182213978495,0,-0.39786049224695763,-1.0112729223646924,3,4,0.4974209740085685,3,1,4,-0.7248665028383041,21412,3,22,4,1,1,0.09890923236315328,3,3,-0.3253544746389928,3,1,0,-0.614723729005939,-0.26770042590900495,0.5320903195901912,0,1,1,0,1,0,0,0,0,0,1,0,0,0,0,0,1,0,0,0,1,0,0,1,0,1,0,0,1,0
1.1118198164228383,0,0.8912726676061008,-1.0112729223646924,1,3,1.5799643319787637,3,3,2,0.9951298343183799,17231,0,18,3,1,2,0.3580831567371914,3,1,0.333648043747944,8,5,9,0.1298687244283501,0.7763211537650584,-1.940010722753618,0,0,1,0,0,0,1,0,0,0,0,0,0,0,0,1,0,0,0,0,1,0,0,0,0,1,0,0,0,1
-0.21478337362713923,0,1.7044181992057224,0.22301070091336941,4,4,-1.1263940629467242,3,1,3,-0.747737298820115,20232,7,11,3,3,1,-0.80819950294598,3,3,-0.8196063634291954,2,2,2,-0.255533514708622,2.081348128357637,1.026510528058953,0,1,1,0,0,0,1,0,0,0,1,0,1,0,0,0,0,0,0,0,1,0,1,1,1,0,0,1,0,0
-1.6519368295146148,0,-0.5490857283066433,-1.0112729223646924,2,4,-0.14226373751927407,3,1,3,-0.6136994371234361,17624,0,12,3,4,0,-0.937786465132999,2,4,-0.6548557338324612,2,1,2,0.11751773228923003,0.12380766646876869,2.015350944996477,0,1,1,0,1,0,0,0,0,0,1,0,0,0,0,0,1,0,0,0,0,1,0,1,1,0,0,1,0,0
-0.21478337362713923,0,1.4689034873094906,-0.023846023742242928,4,2,-0.8803614815898617,3,2,3,-0.29069631026556514,18698,1,19,3,2,0,-0.16026469201088478,5,3,0.4983986733446782,7,0,8,-0.2820988320569855,-0.8549625644756657,-0.4567500973473325,0,1,1,0,0,0,1,0,0,0,1,0,0,0,0,0,1,0,0,0,0,1,0,0,0,1,0,0,0,1
-0.4358839053021355,0,-0.7474139067455754,0.7167241502245941,2,2,1.432344783164646,3,2,4,-0.3319387292491586,21653,0,13,3,1,1,-0.16026469201088478,6,3,0.333648043747944,7,8,1,-0.3084248222220304,1.7550913847094924,-0.4567500973473325,0,1,1,0,0,0,1,0,0,0,0,0,0,0,0,0,0,0,0,0,1,0,1,1,0,1,0,0,0,1
-0.5464341711396336,0,-1.3275238286794517,2.4447212228138806,4,3,-0.8311549653184892,2,1,2,-0.7145558980924057,15919,1,13,3,3,0,-0.6786125407589609,3,3,-0.1606038450422586,2,4,1,-0.3263344731070382,1.102577897413203,0.037670111121429345,0,1,1,0,1,0,0,0,0,0,0,0,1,0,0,0,0,0,0,0,0,1,0,1,1,0,0,0,0,1
0.33796795556035136,0,-0.643291613065136,-1.0112729223646924,4,1,0.841866587908176,3,1,4,-0.7953535461920821,4060,8,19,3,3,2,-0.41943861638492286,3,2,-0.6548557338324612,0,0,0,-0.5322555704207416,-0.8549625644756657,-0.4567500973473325,0,1,1,0,1,0,0,0,0,0,1,0,1,0,0,0,0,0,0,0,1,0,0,1,0,1,0,1,0,0
-0.5464341711396336,0,-1.409334202285511,-1.0112729223646924,4,2,0.10376884383758846,2,1,2,-0.8210363252864108,18024,0,14,3,2,1,-1.0673734273200182,2,3,-0.8196063634291954,2,2,2,0.01291180924706307,2.081348128357637,-0.9511703058160944,0,1,0,1,0,0,1,0,0,0,1,0,0,0,0,0,0,0,1,0,1,0,0,1,1,0,0,1,0,0
0.22741768972285326,0,-1.701868265482936,1.8275794111748498,1,1,-0.6835354165043717,3,2,4,-0.4762871956917359,5340,7,13,3,1,0,0.8764310054852675,2,3,0.004146784554475587,7,1,7,-0.6190449142603025,-0.4354896083566223,-0.9511703058160944,0,1,1,0,1,0,0,0,0,0,1,0,0,0,0,0,1,0,0,0,0,1,0,1,0,0,1,0,0,1
0.11686742388535513,0,-1.4911445758915707,0.09958233858556324,3,2,1.6291708482501361,1,3,3,1.2292742948206903,3376,3,12,3,1,1,1.1356049298593056,3,3,1.816403710118552,16,1,11,-0.10200512660974662,-0.6918341926515932,-0.9511703058160944,0,1,1,0,0,0,1,0,0,0,0,0,0,0,0,1,0,0,0,0,1,0,0,0,0,0,1,0,0,1
-0.5464341711396336,0,-0.003683237599580119,-1.0112729223646924,4,3,-0.8803614815898617,3,3,4,0.7073702291373979,24032,1,19,3,3,2,0.3580831567371914,3,3,1.157401191731615,10,5,7,-0.0013338564266625467,0.19371982582194264,1.026510528058953,0,1,0,1,0,1,0,0,0,0,0,0,0,0,0,0,0,1,0,0,1,0,0,0,0,1,0,0,0,1
0.006317158047857013,0,-1.5903086651110367,0.09958233858556324,3,3,-1.1756005792180968,4,3,4,1.3301307557896598,15471,1,25,4,1,1,0.6172570811112295,2,3,1.4869024509250834,11,6,8,0.1357664300172725,0.24615394533682303,0.037670111121429345,0,1,1,0,1,0,0,0,0,0,0,0,0,0,0,1,0,0,0,0,1,0,1,0,0,0,1,0,0,1
-1.3202860320021204,0,1.436675158313164,-0.1472743860700491,2,1,0.9402796204509211,3,2,3,-0.32650222856495764,13684,0,22,4,2,1,-0.6786125407589609,3,2,-0.3253544746389928,3,0,4,0.08650491811752947,-0.8549625644756657,-1.4455905142848562,0,1,0,1,0,0,0,1,0,0,0,0,0,0,0,0,0,1,0,0,0,0,1,1,1,0,0,0,1,0
1.664571145610329,0,-0.5391693193846967,2.4447212228138806,4,1,-1.2740136117608418,3,1,4,-0.5936406242541429,19788,2,15,3,2,2,-0.6786125407589609,3,2,-0.1606038450422586,6,0,0,-0.19769611207329607,-0.8549625644756657,-0.9511703058160944,0,0,0,1,1,0,0,0,0,0,1,0,0,0,0,0,0,0,1,0,0,0,0,1,1,0,0,0,0,1
0.7801690189103438,0,0.5813848887952695,-1.0112729223646924,3,2,-1.1756005792180968,3,1,4,-0.7897295799670466,13422,6,12,3,3,0,-0.6786125407589609,2,3,-0.6548557338324612,3,1,2,-0.40630964019933363,0.12380766646876869,0.5320903195901912,0,1,1,0,0,0,1,0,0,0,1,0,0,0,0,0,1,0,0,0,0,1,1,1,1,0,0,1,0,0
-1.762487095352113,0,-0.7474139067455754,-0.5175594730534676,1,3,-0.3882963188761366,3,1,1,-0.8002276502537795,25479,1,11,3,4,0,-1.196960389507037,6,3,-0.8196063634291954,2,1,2,0.5318529184095389,0.6131927819409859,0.037670111121429345,0,1,0,1,0,0,1,0,0,0,1,0,0,0,0,0,0,0,1,0,0,1,1,1,0,0,0,1,0,0
0.22741768972285326,0,-1.729138390018289,-0.023846023742242928,3,4,1.038692652993666,3,5,4,2.396247286515552,15302,2,13,3,3,0,1.2651918920463245,3,2,-0.1606038450422586,0,1,3,0.21508629648857666,-0.36557744900344846,1.026510528058953,0,0,1,0,1,0,0,0,0,0,1,0,0,1,0,0,0,0,0,0,0,1,0,0,0,0,1,0,0,1
-1.5413865636771167,1,-0.4077769011689042,-0.023846023742242928,3,4,-1.6184592256604493,3,1,1,-0.910832319346144,26956,1,19,3,1,1,-1.3265473516940562,3,2,-0.9843569930259296,0,1,0,1.2498344683653086,2.081348128357637,-1.4455905142848562,1,0,0,1,0,1,0,0,0,0,1,0,0,0,0,0,0,0,1,0,1,0,0,1,0,0,0,0,0,0
-0.10423310778964111,0,-0.608584181838323,-0.76441619770908,3,1,1.3831382668932737,2,3,4,0.18659095669911252,12695,0,19,3,3,2,-0.16026469201088478,2,3,0.333648043747944,7,3,4,0.022564672307579456,0.12380766646876869,0.037670111121429345,0,1,0,1,0,0,1,0,0,0,0,0,0,0,0,0,0,1,0,0,1,0,0,0,0,1,0,0,0,1
-0.10423310778964111,0,-0.28382178964457166,-0.6409878353812738,2,4,1.5307578157073911,3,2,2,-0.2845099474180261,9192,7,13,3,2,3,0.8764310054852675,3,3,-0.490105104235727,2,0,2,-0.5510361063339365,-0.8549625644756657,0.037670111121429345,1,0,1,0,1,0,0,0,0,0,0,0,0,0,1,0,0,0,0,0,0,0,0,0,0,0,1,0,1,0
2.1067722089603214,0,-0.33588293648479134,-1.0112729223646924,4,3,-0.4375028351475091,3,2,3,-0.06423793693746983,26236,1,21,4,1,1,0.2284961945501723,2,2,0.9926505621348808,12,1,9,-0.3116833538718296,-0.6290925111807961,-0.9511703058160944,0,0,1,0,1,0,0,0,0,0,1,0,0,0,0,0,0,0,0,0,0,0,0,0,0,1,0,0,0,1
-0.8780849686521279,1,0.7177355114720353,-1.0112729223646924,4,1,-1.4708396768463317,3,1,4,-0.3489980934650996,26124,9,14,3,2,3,-0.937786465132999,3,4,-0.8196063634291954,2,2,2,0.5399302108465412,2.081348128357637,0.037670111121429345,0,1,1,0,0,0,1,0,0,0,1,0,0,0,0,0,1,0,0,0,1,0,1,1,1,0,0,1,0,0
0.5590684872353476,0,-1.2457134550733922,-0.8878445600368862,3,1,-0.4867093514188816,3,5,3,2.2929537735157335,17312,5,11,3,1,0,1.6539527786073818,2,2,2.4754062285054887,6,4,14,0.049209765383715784,-0.32108789305142865,-1.940010722753618,0,1,1,0,1,0,0,0,0,0,1,0,0,1,0,0,0,0,0,0,1,0,0,0,0,0,1,0,0,1
2.1067722089603214,1,-1.2209224327685257,-0.2707027483978553,2,4,0.3005949089230785,3,1,3,-0.7458626434117699,3666,8,11,3,4,1,0.3580831567371914,4,1,0.4983986733446782,9,9,8,-0.6639282582429872,1.7877170590743074,0.5320903195901912,0,1,1,0,0,0,0,0,1,0,1,0,1,0,0,0,0,0,0,0,1,0,0,1,0,1,0,0,0,1
0.4485182213978495,0,-0.5466066260761566,2.3212928604860745,4,1,-0.2898832863333916,2,4,2,1.297511751684454,5640,0,23,4,3,1,1.2651918920463245,3,3,2.1459049693120202,7,0,10,-0.11888908956624619,-0.8549625644756657,-0.9511703058160944,0,1,1,0,1,0,0,0,0,0,0,0,0,0,1,0,0,0,0,0,1,0,0,0,0,0,1,0,0,1
-0.32533363946463734,0,-0.24415615395678525,2.3212928604860745,3,4,1.432344783164646,2,2,3,0.011873072641343645,8978,1,21,4,4,2,-0.41943861638492286,2,3,0.1688974141512098,7,1,7,0.11183371168541352,-0.48792372787150273,1.520930736527715,0,1,0,1,0,0,0,0,0,1,0,0,0,0,0,0,0,1,0,0,1,0,0,0,0,1,0,0,0,1
-0.10423310778964111,0,-1.2432343528429055,0.7167241502245941,4,4,1.0878991692650386,1,2,4,-0.23295692368853418,10436,1,24,4,1,1,0.4876701189242104,4,2,1.3221518213283492,12,11,11,-0.46087623799597216,1.29833194360209,0.037670111121429345,0,0,0,1,0,1,0,0,0,0,1,0,0,0,0,0,0,1,0,0,0,0,0,0,0,1,0,0,0,1
0.4485182213978495,0,0.31612095013319785,-0.76441619770908,3,3,-0.4375028351475091,2,2,2,0.4291713665389762,12227,2,11,3,3,1,0.3580831567371914,5,3,-0.3253544746389928,4,0,4,-0.1281772635855152,-0.8549625644756657,0.037670111121429345,0,1,0,1,1,0,0,0,0,0,1,0,0,0,0,0,0,1,0,0,0,0,0,0,0,1,0,0,1,0
-0.5464341711396336,0,-0.6779990442919491,-0.8878445600368862,3,4,0.5958340065513135,3,1,1,-0.789167183344543,11288,1,14,3,4,0,-0.937786465132999,4,3,-0.490105104235727,2,1,2,-0.16249507219352016,-0.12088489126733984,0.5320903195901912,0,1,1,0,0,0,0,0,1,0,1,0,0,0,0,0,1,0,0,0,0,1,0,1,1,0,0,0,1,0
-0.21478337362713923,0,0.8516070319183144,2.074436135830462,4,3,-1.7168722582031943,3,3,4,0.41023734691469005,16642,1,16,3,3,0,-0.2898516541979038,2,3,0.333648043747944,0,1,7,0.2828196882119172,-0.5287058208275208,1.026510528058953,0,1,0,0,1,0,0,0,0,0,0,1,0,0,0,0,0,0,0,0,0,1,1,0,0,1,0,0,0,1
0.11686742388535513,0,-1.1341538547014929,0.09958233858556324,2,1,1.6783773645215088,3,2,4,8.12688140428587,5982,1,11,3,3,1,-0.16026469201088478,1,3,0.4983986733446782,7,1,9,5.091035760628677,-0.5613314951923353,0.037670111121429345,0,1,0,1,1,0,0,0,0,0,0,0,0,0,0,0,0,1,0,0,1,0,0,0,0,1,0,0,0,1
1.4434706139353326,1,0.187207634147892,-1.0112729223646924,4,2,1.3831382668932737,3,2,3,0.014872521294695901,14255,7,12,3,4,2,0.09890923236315328,3,3,-0.1606038450422586,3,0,1,-0.22122995176629082,-0.8549625644756657,0.5320903195901912,1,0,0,1,1,0,0,0,0,0,1,0,0,0,0,0,0,1,0,0,0,0,0,0,0,1,0,0,0,1
-0.10423310778964111,0,0.7871503739256616,0.22301070091336941,4,2,1.6783773645215088,2,2,4,0.0006251401912726881,14369,4,13,3,1,1,-0.41943861638492286,2,2,-0.1606038450422586,3,0,0,0.1028589423109664,-0.8549625644756657,-0.9511703058160944,0,1,0,1,0,1,0,0,0,0,0,0,0,0,0,0,0,1,0,0,1,0,0,0,0,1,0,0,0,1
0.890719284747842,0,-1.06225989001738,1.333865961863625,3,4,-0.7819484490471167,3,2,3,-0.33718776439252507,23333,8,15,3,3,0,-0.41943861638492286,3,3,-0.3253544746389928,3,0,1,-0.1666832979015955,-0.8549625644756657,1.026510528058953,0,1,0,1,1,0,0,0,0,0,0,0,0,0,0,0,0,1,0,0,0,1,0,1,0,1,0,0,1,0
0.33796795556035136,0,1.287929024483965,-0.8878445600368862,4,3,-0.6835354165043717,2,1,3,-0.7198049332357721,2725,2,14,3,4,0,-0.41943861638492286,2,3,-0.8196063634291954,2,2,2,-0.47197503612237174,2.081348128357637,1.026510528058953,0,1,1,0,1,0,0,0,0,0,1,0,0,0,0,0,1,0,0,0,0,1,0,1,0,1,0,1,0,0
-0.21478337362713923,0,0.982999450134107,1.0870092372080127,4,3,0.6942470390940585,3,2,3,-0.1799041756323662,24594,1,14,3,4,2,-0.16026469201088478,2,4,0.4983986733446782,2,0,2,-0.21137764938634218,-0.8549625644756657,1.520930736527715,1,0,1,0,1,0,0,0,0,0,1,0,0,0,0,0,0,0,0,0,1,0,1,0,0,1,0,0,0,1
0.33796795556035136,0,0.9706039389816736,-0.8878445600368862,4,3,1.5799643319787637,3,1,3,-0.7432381258400866,12549,2,14,3,2,3,1.1356049298593056,2,3,-0.3253544746389928,3,0,2,-0.7315552823292973,-0.8549625644756657,0.037670111121429345,0,1,1,0,0,0,1,0,0,0,0,0,0,0,0,0,0,0,0,1,1,0,0,1,0,0,1,0,1,0
-0.21478337362713923,0,-1.2779417840697187,-1.0112729223646924,4,3,-0.19147025379064658,1,1,4,-0.6883107223755734,8952,1,12,3,4,1,-0.937786465132999,5,3,-0.490105104235727,3,1,1,-0.00154754141176845,-0.12088489126733984,1.520930736527715,0,1,1,0,1,0,0,0,0,0,0,0,0,0,0,0,1,0,0,0,1,0,0,1,1,0,0,0,1,0
-0.8780849686521279,0,1.4267587493912175,0.46986742556898176,2,4,-0.9787745141326066,2,2,2,-0.49184683558100073,23679,4,13,3,1,1,-0.16026469201088478,2,3,-0.490105104235727,3,0,3,-0.410497865907409,-0.8549625644756657,-0.4567500973473325,0,1,1,0,0,0,0,1,0,0,1,0,1,0,0,0,0,0,0,0,1,0,1,1,0,1,0,0,1,0
-0.8780849686521279,0,-0.8292242803516349,2.3212928604860745,4,4,0.349801425194451,2,1,1,-0.5368385653812846,8489,1,14,3,2,0,-0.80819950294598,3,1,-0.3253544746389928,4,0,4,0.013709566524791657,-0.8549625644756657,-1.4455905142848562,0,1,1,0,0,0,1,0,0,0,0,0,0,0,0,0,1,0,0,0,0,1,0,1,1,0,0,0,1,0
1.4434706139353326,1,-0.9730122097198606,2.3212928604860745,3,4,-1.3232201280322142,2,3,1,0.7883553427779088,16586,4,13,3,2,1,1.1356049298593056,3,3,-0.6548557338324612,2,2,0,-0.24272951040107738,1.102577897413203,-0.4567500973473325,0,1,0,1,0,1,0,0,0,0,1,0,0,0,0,0,0,1,0,0,0,0,1,0,0,0,1,1,0,0
0.22741768972285326,0,-0.19953231380802552,1.8275794111748498,1,2,-0.2898832863333916,2,4,4,1.009002284340134,8828,0,11,3,1,1,1.2651918920463245,2,2,2.1459049693120202,9,9,6,-0.20658540745370085,0.4663772472993208,-0.9511703058160944,0,1,0,1,0,1,0,0,0,0,0,0,0,0,0,0,0,1,0,0,1,0,0,0,0,0,1,0,0,1
-0.6569844369771317,0,-1.183735899311226,-0.5175594730534676,3,2,0.3990079414658235,3,2,1,0.6162619762918231,3787,0,19,3,2,0,-0.16026469201088478,2,3,0.333648043747944,4,1,7,0.29683362439068356,-0.5287058208275208,-1.4455905142848562,0,0,1,0,0,0,1,0,0,0,1,0,0,0,1,0,0,0,0,0,0,1,0,0,0,1,0,0,0,1
-1.2097357661646224,0,0.9036681787585341,-0.5175594730534676,3,4,-1.7660787744745667,2,1,3,-0.6903728433247531,21378,0,18,3,4,0,-0.80819950294598,2,3,-0.490105104235727,2,0,0,-0.18229939661313344,-0.8549625644756657,1.520930736527715,0,1,0,1,0,0,0,1,0,0,0,0,0,0,0,0,0,0,1,0,0,1,0,1,1,0,0,0,1,0
-0.10423310778964111,0,0.20208224753081191,1.7041510488470435,2,3,-1.2248070954894692,4,2,4,-0.7644217319543869,12290,4,17,3,3,1,0.7468440432982485,3,3,-0.3253544746389928,2,0,3,-0.7111702375383963,-0.8549625644756657,1.026510528058953,1,0,1,0,0,0,1,0,0,0,1,0,1,0,0,0,0,0,0,0,1,0,0,1,0,0,1,0,1,0
0.22741768972285326,0,-0.4697544569310705,-0.3941311107256615,1,4,-1.1756005792180968,2,3,1,0.6265725810377215,21457,4,15,3,1,1,-0.2898516541979038,5,3,0.004146784554475587,7,1,7,0.43625500462839095,-0.4354896083566223,-0.9511703058160944,0,1,1,0,0,0,1,0,0,0,1,0,0,0,0,0,0,0,0,0,1,0,0,0,0,1,0,0,0,1
-1.0991855003271243,0,-1.6051832784939566,-0.6409878353812738,3,2,1.038692652993666,4,2,2,-0.09498228563433045,5174,1,20,4,2,1,-0.6786125407589609,0,3,-0.1606038450422586,2,0,3,0.33281247761624483,-0.8549625644756657,-0.9511703058160944,0,1,1,0,1,0,0,0,0,0,1,0,0,0,1,0,0,0,0,0,1,0,1,0,1,0,0,0,0,1
1.3329203480978344,0,0.5466774575684564,-0.8878445600368862,3,4,-0.14226373751927407,2,2,2,-0.23595637234188646,13243,2,14,3,4,0,0.7468440432982485,3,2,0.333648043747944,6,0,8,-0.5127398464280712,-0.8549625644756657,0.5320903195901912,1,0,0,1,0,0,1,0,0,0,1,0,0,0,0,0,0,1,0,0,1,0,0,0,0,0,1,0,0,1
-0.32533363946463734,0,-0.4325679234737707,-0.1472743860700491,3,2,0.7926600716368035,4,2,3,-0.4207973956047192,10228,2,12,3,1,0,-0.6786125407589609,3,4,-0.490105104235727,3,1,2,-0.013813059556846183,-0.12088489126733984,-0.4567500973473325,0,1,1,0,0,0,1,0,0,0,1,0,1,0,0,0,0,0,0,0,1,0,0,1,1,0,0,0,1,0
